
CH32V307_TCP.elf:     file format elf32-littleriscv
CH32V307_TCP.elf
architecture: riscv:rv32, flags 0x00000112:
EXEC_P, HAS_SYMS, D_PAGED
start address 0x00000000

Program Header:
    LOAD off    0x00001000 vaddr 0x00000000 paddr 0x00000000 align 2**12
         filesz 0x00009634 memsz 0x00009634 flags r-x
    LOAD off    0x0000b000 vaddr 0x20000000 paddr 0x00009634 align 2**12
         filesz 0x00000078 memsz 0x000074d8 flags rw-
    LOAD off    0x0000b800 vaddr 0x20007800 paddr 0x20007800 align 2**12
         filesz 0x00000000 memsz 0x00000800 flags rw-

Sections:
Idx Name           Size      VMA       LMA       File off  Algn  Flags
  0 .init          00000004  00000000  00000000  00001000  2**1  CONTENTS, ALLOC, LOAD, READONLY, CODE
  1 .vector        000001bc  00000004  00000004  00001004  2**1  CONTENTS, ALLOC, LOAD, READONLY, CODE
  2 .text          00009474  000001c0  000001c0  000011c0  2**2  CONTENTS, ALLOC, LOAD, READONLY, CODE
  3 .fini          00000000  00009634  00009634  0000b078  2**0  CONTENTS, ALLOC, LOAD, CODE
  4 .dalign        00000000  20000000  20000000  0000b078  2**0  CONTENTS
  5 .dlalign       00000000  00009634  00009634  0000b078  2**0  CONTENTS
  6 .data          00000078  20000000  00009634  0000b000  2**2  CONTENTS, ALLOC, LOAD, DATA
  7 .bss           00007460  20000078  000096ac  0000b078  2**2  ALLOC
  8 .stack         00000800  20007800  20007800  0000b800  2**0  ALLOC
  9 .debug_info    000125ee  00000000  00000000  0000b078  2**0  CONTENTS, READONLY, DEBUGGING
 10 .debug_abbrev  00002a6d  00000000  00000000  0001d666  2**0  CONTENTS, READONLY, DEBUGGING
 11 .debug_aranges 00000cd8  00000000  00000000  000200d8  2**3  CONTENTS, READONLY, DEBUGGING
 12 .debug_ranges  00000d10  00000000  00000000  00020db0  2**3  CONTENTS, READONLY, DEBUGGING
 13 .debug_line    0001007f  00000000  00000000  00021ac0  2**0  CONTENTS, READONLY, DEBUGGING
 14 .debug_str     00004539  00000000  00000000  00031b3f  2**0  CONTENTS, READONLY, DEBUGGING
 15 .comment       00000033  00000000  00000000  00036078  2**0  CONTENTS, READONLY
 16 .debug_frame   00001d08  00000000  00000000  000360ac  2**2  CONTENTS, READONLY, DEBUGGING
 17 .debug_loc     0000521d  00000000  00000000  00037db4  2**0  CONTENTS, READONLY, DEBUGGING
SYMBOL TABLE:
00000000 l    d  .init	00000000 .init
00000004 l    d  .vector	00000000 .vector
000001c0 l    d  .text	00000000 .text
00009634 l    d  .fini	00000000 .fini
20000000 l    d  .dalign	00000000 .dalign
00009634 l    d  .dlalign	00000000 .dlalign
20000000 l    d  .data	00000000 .data
20000078 l    d  .bss	00000000 .bss
20007800 l    d  .stack	00000000 .stack
00000000 l    d  .debug_info	00000000 .debug_info
00000000 l    d  .debug_abbrev	00000000 .debug_abbrev
00000000 l    d  .debug_aranges	00000000 .debug_aranges
00000000 l    d  .debug_ranges	00000000 .debug_ranges
00000000 l    d  .debug_line	00000000 .debug_line
00000000 l    d  .debug_str	00000000 .debug_str
00000000 l    d  .comment	00000000 .comment
00000000 l    d  .debug_frame	00000000 .debug_frame
00000000 l    d  .debug_loc	00000000 .debug_loc
00000000 l    df *ABS*	00000000 ./Startup/startup_ch32v30x_D8C.o
00000004 l       .vector	00000000 _vector_base
00000000 l    df *ABS*	00000000 ch32v30x_it.c
00000000 l    df *ABS*	00000000 main.c
00000000 l    df *ABS*	00000000 system_ch32v30x.c
00000000 l    df *ABS*	00000000 ch32v30x_dbgmcu.c
00000000 l    df *ABS*	00000000 ch32v30x_eth.c
00000000 l    df *ABS*	00000000 ch32v30x_exti.c
00000000 l    df *ABS*	00000000 ch32v30x_gpio.c
00000000 l    df *ABS*	00000000 ch32v30x_rcc.c
20000010 l     O .data	00000010 APBAHBPrescTable
20000038 l     O .data	00000004 ADCPrescTable
00000000 l    df *ABS*	00000000 ch32v30x_tim.c
00000000 l    df *ABS*	00000000 ch32v30x_usart.c
00000000 l    df *ABS*	00000000 eth_driver_10M.c
00000000 l    df *ABS*	00000000 debug.c
200000c0 l     O .bss	00000002 p_ms
200000c2 l     O .bss	00000001 p_us
00000000 l    df *ABS*	00000000 core_riscv.c
00000000 l    df *ABS*	00000000 eth_api.c
00000000 l    df *ABS*	00000000 ipcheck.c
00000000 l    df *ABS*	00000000 socket.c
00000000 l    df *ABS*	00000000 etharp.c
00003536 l     F .text	00000180 find_entry
000036b6 l     F .text	000000b2 update_arp_entry
200000fc l     O .bss	00000001 etharp_cached_entry
00000000 l    df *ABS*	00000000 ethernetif.c
00003db2 l     F .text	00000052 low_level_output
00000000 l    df *ABS*	00000000 inet.c
00000000 l    df *ABS*	00000000 ip.c
20000108 l     O .bss	00000002 ip_id.2947
00000000 l    df *ABS*	00000000 ip_addr.c
00000000 l    df *ABS*	00000000 ip_frag.c
2000010a l     O .bss	00000002 ip_reass_pbufcount
2000010c l     O .bss	00000004 reassdatagrams
00000000 l    df *ABS*	00000000 dhcp.c
00004a36 l     F .text	00000016 dhcp_set_state
00004a4c l     F .text	00000020 dhcp_option
00004a6c l     F .text	00000012 dhcp_option_byte
00004a7e l     F .text	00000048 dhcp_option_long
00004ac6 l     F .text	00000034 dhcp_option_trailer
00004afa l     F .text	0000018a dhcp_create_request
00004c84 l     F .text	0000001e dhcp_delete_request
00000000 l    df *ABS*	00000000 init.c
00000000 l    df *ABS*	00000000 mem.c
20000110 l     O .bss	00000004 lfree
20000114 l     O .bss	00000004 ram
20000118 l     O .bss	00000004 ram_end
00000000 l    df *ABS*	00000000 memp.c
200074a4 l     O .bss	00000020 memp_tab
00000000 l    df *ABS*	00000000 netif.c
20000124 l     O .bss	00000001 netifnum.2482
00000000 l    df *ABS*	00000000 pbuf.c
00000000 l    df *ABS*	00000000 raw.c
20000128 l     O .bss	00000004 raw_pcbs
00000000 l    df *ABS*	00000000 tcp.c
0000571c l     F .text	0000005c tcp_new_port
2000013c l     O .bss	00000001 tcp_timer
20000050 l     O .data	00000004 iss.3197
20000054 l     O .data	00000002 port.3029
00000000 l    df *ABS*	00000000 tcp_in.c
00006234 l     F .text	000000ce tcp_oos_insert_segment
00006302 l     F .text	00000944 tcp_receive
00006c46 l     F .text	000000a6 tcp_parseopt.isra.0
200074c4 l     O .bss	00000014 inseg
20000148 l     O .bss	00000004 ackno
2000014c l     O .bss	00000001 flags
20000150 l     O .bss	00000004 iphdr
20000154 l     O .bss	00000004 recv_data
20000158 l     O .bss	00000001 recv_flags
2000015c l     O .bss	00000004 seqno
20000164 l     O .bss	00000004 tcphdr
20000168 l     O .bss	00000002 tcplen
00000000 l    df *ABS*	00000000 tcp_out.c
0000771a l     F .text	000000d4 tcp_output_set_header.isra.0.constprop.1
00000000 l    df *ABS*	00000000 udp.c
00000000 l    df *ABS*	00000000 icmp.c
00008830 l     F .text	00000076 icmp_send_response.isra.0
00000000 l    df *ABS*	00000000 inet_chksum.c
00008b1e l     F .text	0000007e lwip_standard_chksum
00000000 l    df *ABS*	00000000 wchprintf.c
00000000 l    df *ABS*	00000000 memcpy.c
00000000 l    df *ABS*	00000000 strlen.c
00000000 l    df *ABS*	00000000 net_dhcp.c
00008f44  w    F .text	00000004 printDouble
00000c58  w      .text	00000000 EXTI2_IRQHandler
00008ca6 g     F .text	00000014 inet_chksum
00000836 g     F .text	00000060 WCHNET_HandleGlobalInt
00000c58  w      .text	00000000 TIM8_TRG_COM_IRQHandler
0000561c g     F .text	0000001e raw_bind
000044dc g     F .text	000003dc ip_reass
0000065e g     F .text	00000016 Beep_Off
00000c58  w      .text	00000000 TIM8_CC_IRQHandler
00005474 g     F .text	00000058 pbuf_realloc
20000032 g     O .data	00000002 srcport
00005f98 g     F .text	00000010 tcp_next_iss
0000588e g     F .text	00000048 tcp_update_rcv_ann_wnd
00002558 g     F .text	00000012 setRxBuffAddr
00000e54 g     F .text	00000010 ETH_FlushTransmitFIFO
000011de g     F .text	0000001e RCC_AHBPeriphResetCmd
20000120 g     O .bss	00000004 netif_list
00000c58  w      .text	00000000 UART8_IRQHandler
00008054 g     F .text	00000108 tcp_rst
00008f48  w    F .text	00000320 print
200000dc g     O .bss	00000004 TCPTimer
00003932 g     F .text	000000ce etharp_request
00009268  w    F .text	00000024 printf
20000820 g       .data	00000000 __global_pointer$
000001c8 g     F .text	00000028 .hidden __riscv_save_8
00005992 g     F .text	00000006 tcp_err
20000068 g     O .data	00000004 ip_addr_any
00000c58  w      .text	00000000 TIM1_CC_IRQHandler
00008b9c g     F .text	0000010a inet_chksum_pseudo
00002ae4 g     F .text	00000016 WCHNET_ConfigKeepLive
00007c36 g     F .text	00000016 tcp_send_ctrl
000002ca g     F .text	00000052 HardFault_Handler
0000421c g     F .text	0000015a ip_output_if
00005114 g     F .text	00000018 memp_free
00008e4e  w    F .text	000000f2 printInt
000052e6 g     F .text	0000004e pbuf_free
000033f0 g     F .text	00000014 WCHNET_GetGlobalInt
00000214 g     F .text	0000000c .hidden __riscv_restore_3
00005986 g     F .text	00000006 tcp_recv
00000c58  w      .text	00000000 TIM6_IRQHandler
00002058 g     F .text	00000088 ETH_Init
00000c58  w      .text	00000000 SysTick_Handler
000054e8 g     F .text	0000001c pbuf_cat
00000c58  w      .text	00000000 PVD_IRQHandler
00000c58  w      .text	00000000 SDIO_IRQHandler
200000e8 g     O .bss	00000001 ARP_Retry_Cnt
00004376 g     F .text	00000036 ip_output
00001a62 g     F .text	00000056 ETH_LinkUpCfg
00000c58  w      .text	00000000 TIM9_BRK_IRQHandler
00000200 g     F .text	00000020 .hidden __riscv_restore_10
00001c4a g     F .text	000001c4 ReInitMACReg
00008748 g     F .text	0000002e udp_sendto
000013e4 g     F .text	00000040 ETH_TxPktChainMode
200000e4 g     O .bss	00000004 phydatatime
00000c58  w      .text	00000000 DMA2_Channel8_IRQHandler
000002c8 g     F .text	00000002 NMI_Handler
00008270 g     F .text	0000005e tcp_keepalive
00000c58  w      .text	00000000 CAN2_RX1_IRQHandler
00000c58  w      .text	00000000 EXTI3_IRQHandler
00002a38 g     F .text	000000ac WCHNET_Init
000001c8 g     F .text	00000028 .hidden __riscv_save_11
00003a00 g     F .text	0000007c etharp_tmr
00000ce8 g     F .text	0000000a DBGMCU_GetCHIPID
00005fa8 g     F .text	00000134 tcp_alloc
00002460 g     F .text	00000014 WCHNET_NetInput
000095bc g     O .text	00000010 MemSize
00008672 g     F .text	000000d6 udp_sendto_if
00001fda g     F .text	0000007e WCHNET_ETHIsr
00005982 g     F .text	00000004 tcp_arg
00000c58  w      .text	00000000 USBHS_IRQHandler
000037c2 g     F .text	00000170 etharp_arp_input
000005f4 g     F .text	00000016 ADXL_Init
2000012c g     O .bss	00000004 tcp_active_pcbs
000013da g     F .text	0000000a USART_GetFlagStatus
00000c58  w      .text	00000000 DMA2_Channel9_IRQHandler
2000016c g     O .bss	00000004 udp_pcbs
00000c58  w      .text	00000000 TIM10_CC_IRQHandler
20000078 g     O .bss	00000006 MACAddr
00003cc8 g     F .text	00000086 ethernet_input
20000078 g       .bss	00000000 _sbss
00000800 g       *ABS*	00000000 __stack_size
000054de g     F .text	0000000a pbuf_ref
000021f8 g     F .text	0000005a USART_Printf_Init
0000326c g     F .text	00000056 WCHNET_SocketSend
2000008c g     O .bss	00000004 ChipId
00005dce g     F .text	00000030 tcp_recv_null
200000ec g     O .bss	00000001 SockNumber
00000c58  w      .text	00000000 USBFS_IRQHandler
00005d1c g     F .text	000000b2 tcp_close
20007378 g     O .bss	0000000c SelARP
000058d6 g     F .text	0000003c tcp_recved
00000760 g     F .text	000000d6 WCHNET_HandleSockInt
00000214 g     F .text	0000000c .hidden __riscv_restore_2
20000090 g     O .bss	00000004 LinkSuccTime
000059a2 g     F .text	0000004e tcp_pcb_purge
00001424 g     F .text	00000022 ETH_LedDataSet
20000070 g     O .data	00000007 tcp_persist_backoff
00000cf2 g     F .text	00000014 ETH_DeInit
000092fe g     F .text	000000b2 memcpy
00004e86 g     F .text	00000084 mem_free
20000138 g     O .bss	00000004 tcp_ticks
20000134 g     O .bss	00000004 tcp_listen_pcbs
0000815c g     F .text	00000036 tcp_rexmit_rto
000043ac g     F .text	0000004a ip_addr_isbroadcast
00008f40  w    F .text	00000004 printLongLongInt
20000084 g     O .bss	00000004 DMARxDescToGet
000060dc g     F .text	00000010 tcp_new
00000c58  w      .text	00000000 EXTI0_IRQHandler
00000c58  w      .text	00000000 I2C2_EV_IRQHandler
0000259c g     F .text	0000000e GetChipID
00000c58  w      .text	00000000 TIM10_TRG_COM_IRQHandler
0000266c g     F .text	00000042 IPCheckTmr
000012ea g     F .text	00000018 TIM_Cmd
000092b4 g     F .text	0000004a puts
20007384 g     O .bss	00000018 DHCPCtrl
20000034 g     O .data	00000004 SystemCoreClock
000056dc g     F .text	00000010 raw_send
00008cba g     F .text	0000006a inet_chksum_pbuf
000006f8 g     F .text	00000068 WCHNET_CreateTcpSocket
000088a6 g     F .text	00000250 icmp_input
000004f8 g     F .text	00000052 SoftI2C_ReadByte
00000004 g       .init	00000000 _einit
00001314 g     F .text	0000000c TIM_ClearITPendingBit
00005210 g     F .text	0000005a netif_add
00000594 g     F .text	00000060 ADXL_ReadXYZ
0000112e g     F .text	0000001e RCC_APB2PeriphClockCmd
000001c0 g     F .text	00000030 .hidden __riscv_save_12
0000593c g     F .text	0000001e tcp_segs_free
000033b2 g     F .text	0000003e WCHNET_QueryGlobalInt
00000c58  w      .text	00000000 CAN2_SCE_IRQHandler
00000c58  w      .text	00000000 ADC1_2_IRQHandler
00003438 g     F .text	00000054 WCHNET_SocketSetKeepLive
00000ebe g     F .text	000000c0 GPIO_Init
200000b0 g     O .bss	00000001 phyLinkCnt
00000c58  w      .text	00000000 Break_Point_Handler
0000512c g     F .text	00000096 netif_set_ipaddr
00000200 g     F .text	00000020 .hidden __riscv_restore_11
00000c58  w      .text	00000000 SPI1_IRQHandler
000013bc g     F .text	00000016 USART_Cmd
00003404 g     F .text	0000002a WCHNET_GetSocketInt
00007c4c g     F .text	00000030 tcp_write
00000c58  w      .text	00000000 TAMPER_IRQHandler
000001f0 g     F .text	0000000c .hidden __riscv_save_1
20000080 g     O .bss	00000001 socket
20007440 g     O .bss	0000002c WCHCfg
00000214 g     F .text	0000000c .hidden __riscv_restore_0
00005e82 g     F .text	0000007c tcp_fastsendack
00001e4c g     F .text	000000a8 ETH_RegInit
000001d6 g     F .text	0000001a .hidden __riscv_save_7
00000c58  w      .text	00000000 CAN2_RX0_IRQHandler
20000040 g     O .data	00000004 DHCPXid
00005778 g     F .text	00000116 tcp_bind
00008b0a g     F .text	00000014 icmp_time_exceeded
20000d68 g     O .bss	000029ac MACRxBuf
00000c58  w      .text	00000000 TIM8_UP_IRQHandler
000048b8 g     F .text	0000017e ip_frag
0000114c g     F .text	0000001e RCC_APB1PeriphClockCmd
00002f18 g     F .text	000000e8 WCHNET_SocketRecv
200000a8 g     O .bss	00000004 pDMARxSet
00000c58  w      .text	00000000 Ecall_M_Mode_Handler
20007800 g       .stack	00000000 _heap_end
2000739c g     O .bss	00000040 dhcp_host_name
0000565e g     F .text	0000007e raw_sendto
0000218c g     F .text	00000036 Delay_Us
0000020a g     F .text	00000016 .hidden __riscv_restore_5
2000007e g     O .bss	00000001 SocketId
00000c58  w      .text	00000000 DMA2_Channel2_IRQHandler
00001110 g     F .text	0000001e RCC_AHBPeriphClockCmd
00000c58  w      .text	00000000 DMA1_Channel4_IRQHandler
00005518 g     F .text	0000009c pbuf_copy
00008192 g     F .text	0000007c tcp_rexmit
0000271c g     F .text	00000004 LwipTCPPollCallBack
20000088 g     O .bss	00000004 DMATxDescToSet
2000002c g     O .data	00000004 IPMask
00000c58  w      .text	00000000 TIM9_UP_IRQHandler
200000a1 g     O .bss	00000001 TRDetectCnt
0000020a g     F .text	00000016 .hidden __riscv_restore_6
00000c58  w      .text	00000000 USART3_IRQHandler
00000eb4 g     F .text	0000000a EXTI_ClearITPendingBit
00000c58  w      .text	00000000 RTC_IRQHandler
20000140 g     O .bss	00000004 tcp_tmp_pcb
200074d8 g       .bss	00000000 _ebss
200047ac g     O .bss	00001270 Mem_Heap_Memory
00000c58  w      .text	00000000 DMA1_Channel7_IRQHandler
200000cc g     O .bss	00000004 DHCPcoarseTimer
00000c58  w      .text	00000000 CAN1_RX1_IRQHandler
00002166 g     F .text	00000026 Delay_Init
00004e48 g     F .text	0000003e mem_init
00000e4c g     F .text	00000008 ETH_DMAClearITPendingBit
00000c58  w      .text	00000000 DVP_IRQHandler
00000c58  w      .text	00000000 UART5_IRQHandler
0000116a g     F .text	0000002e RCC_GetFlagStatus
200000a4 g     O .bss	00000002 gPHYAddress
200000bc g     O .bss	00000001 phyNegoStat
00007cec g     F .text	00000368 tcp_output
00001446 g     F .text	00000022 ETH_LedLinkSet
0000056c g     F .text	00000028 ADXL_ReadReg
00000f88 g     F .text	00000004 GPIO_SetBits
00000c58  w      .text	00000000 TIM4_IRQHandler
20000160 g     O .bss	00000004 tcp_input_pcb
000055b4 g     F .text	00000068 raw_input
00007c7c g     F .text	00000070 tcp_send_empty_ack
000001c8 g     F .text	00000028 .hidden __riscv_save_9
00000f90 g     F .text	0000000a GPIO_WriteBit
0000820e g     F .text	00000062 tcp_rexmit_fast
00000c58  w      .text	00000000 DMA2_Channel1_IRQHandler
20005a1c g     O .bss	0000191f Memp_Memory
00000e96 g     F .text	0000001e ETH_DMAITConfig
00003e74 g     F .text	00000076 wch_ethernetif_init
000025aa g     F .text	0000006c getTxBuffAddr
00003f2a g     F .text	0000000c ntohl
00000e3e g     F .text	0000000e ETH_SoftwareReset
000001d6 g     F .text	0000001a .hidden __riscv_save_4
0000526a g     F .text	00000006 netif_set_default
000029ec g     F .text	0000004c WCHSocketInit
00000d5e g     F .text	00000052 ETH_WritePHYRegister
00008806 g     F .text	00000006 udp_recv
00000c58  w      .text	00000000 I2C1_EV_IRQHandler
200000b1 g     O .bss	00000001 phyLinkReset
000026ae g     F .text	0000002e IPConflictHandle
00005334 g     F .text	00000140 pbuf_alloc
00002634 g     F .text	00000038 SelIPARPSend
000032c2 g     F .text	00000052 WCHScokedIntHandle
00000f9a g     F .text	00000176 RCC_GetClocksFreq
00001864 g     F .text	00000190 WCHNET_HandlePhyNegotiation
00000c58  w      .text	00000000 DMA1_Channel6_IRQHandler
2000003d g     O .data	00000001 phyPN
00000c58  w      .text	00000000 UART4_IRQHandler
200000f0 g     O .bss	00000004 TCPVerifyConnCallback
00000c58  w      .text	00000000 DMA2_Channel4_IRQHandler
2000006c g     O .data	00000004 ip_addr_broadcast
000043f6 g     F .text	000000e6 ip_reass_tmr
00001320 g     F .text	0000009c USART_Init
2000004c g     O .data	00000004 memp_sizes
00001468 g     F .text	00000020 WCHNET_GetMacAddr
00000c58  w      .text	00000000 TIM3_IRQHandler
00000c58  w      .text	00000000 RCC_IRQHandler
20000d48 g     O .bss	00000020 DMATxDscrTab
000001f0 g     F .text	0000000c .hidden __riscv_save_3
00008788 g     F .text	0000007e udp_connect
00000c58  w      .text	00000000 TIM1_TRG_COM_IRQHandler
000095cc g     O .text	00000010 ErrTable
00000c58  w      .text	00000000 DMA1_Channel1_IRQHandler
000051c2 g     F .text	0000004e netif_set_addr
00004ca2 g     F .text	00000182 dhcp_arp_reply
200000f8 g     O .bss	00000004 tcpSendAckFlag
00000000 g       .init	00000000 _start
00000c58  w      .text	00000000 DMA2_Channel7_IRQHandler
20000000 g     O .data	00000010 AHBPrescTable
2000003c g     O .data	00000001 LinkTaskPeriod
000050f4 g     F .text	00000020 memp_malloc
000082ce g     F .text	000000d2 tcp_zero_window_probe
00008d6e  w    F .text	000000e0 prints
00000c58  w      .text	00000000 EXTI15_10_IRQHandler
00001302 g     F .text	00000012 TIM_ITConfig
200073f0 g     O .bss	0000000c KeepLiveCfg
00002c9c g     F .text	000001d2 WCHNET_SocketCreat
0000042a g     F .text	0000003e SoftI2C_Stop
200000bd g     O .bss	00000001 phyStatus
00002ec6 g     F .text	00000052 WCHNET_ModifyRecvBuf
2000746c g     O .bss	00000038 WCHNetIf
20000130 g     O .bss	00000004 tcp_bound_pcbs
00003f06 g     F .text	00000024 htonl
00005912 g     F .text	0000002a tcp_seg_free
00003314 g     F .text	0000009e LwipRemoveTcpPcb
00000f8c g     F .text	00000004 GPIO_ResetBits
00002296 g     F .text	00000006 __get_MCAUSE
00000c58  w      .text	00000000 TIM7_IRQHandler
200000b8 g     O .bss	00000004 phyNegoLinkTime
0000611a g     F .text	000000e8 tcp_connect
00004fd4 g     F .text	000000d0 mem_malloc
00000c58  w      .text	00000000 CAN2_TX_IRQHandler
20000000 g       .dalign	00000000 _data_vma
00001a38 g     F .text	0000002a ETH_SetClock
00000c58  w      .text	00000000 TIM5_IRQHandler
0000038c g     F .text	0000004e SoftI2C_Init
00000df2 g     F .text	0000004c ETH_DMARxDescChainInit
00000d06 g     F .text	00000058 ETH_ReadPHYRegister
0000031c g     F .text	00000054 EXTI9_5_IRQHandler
000077ee g     F .text	00000448 tcp_enqueue
000060ec g     F .text	0000002e tcp_eff_send_mss
00002c3e g     F .text	0000005e WCHFindCorrectTCBPcb
000001c8 g     F .text	00000028 .hidden __riscv_save_10
000020e0 g     F .text	00000086 ETH_LibInit
00001198 g     F .text	00000010 RCC_PREDIV2Config
000028be g     F .text	000000d2 WCHSocketTCPReceive
00000c58  w      .text	00000000 ETH_WKUP_IRQHandler
0000020a g     F .text	00000016 .hidden __riscv_restore_4
0000229c g     F .text	00000006 __get_MTVAL
00000200 g     F .text	00000020 .hidden __riscv_restore_8
00002290 g     F .text	00000006 __get_MEPC
000001d6 g     F .text	0000001a .hidden __riscv_save_6
0000563a g     F .text	0000001e raw_connect
00000c58  w      .text	00000000 SPI2_IRQHandler
200000ea g     O .bss	00000002 Arp_Entry_timeout
000019f4 g     F .text	00000044 ETH_LedConfiguration
20000020 g     O .data	00000004 DESIP
00000220 g     F .text	000000a8 memset
00000200 g     F .text	00000020 .hidden __riscv_restore_9
0000020a g     F .text	00000016 .hidden __riscv_restore_7
00000896 g     F .text	0000019e main
0000153c g     F .text	00000328 WCHNET_LinkProcess
20000094 g     O .bss	00000004 LocalTime
20000048 g     O .data	00000004 memp_num
00000c58  w      .text	00000000 TIM10_BRK_IRQHandler
20000024 g     O .data	00000004 GWIPAddr
00000674 g     F .text	00000018 mStopIfError
00000c58  w      .text	00000000 TIM9_CC_IRQHandler
00008af6 g     F .text	00000014 icmp_dest_unreach
00002720 g     F .text	000000c4 SocketIPRAWReceive
0000598c g     F .text	00000006 tcp_sent
00005270 g     F .text	00000008 netif_is_up
00000c58  w      .text	00000000 DMA2_Channel5_IRQHandler
00003ef8 g     F .text	0000000e ntohs
000056ec g     F .text	00000030 raw_new
200000d8 g     O .bss	00000004 IPFragTimer
000026dc g     F .text	00000002 NET_TCPError
00003e04 g     F .text	00000070 ethernetif_input
00000c58  w      .text	00000000 DMA1_Channel5_IRQHandler
200000be g     O .bss	00000001 phySucCnt
00000c58  w      .text	00000000 EXTI4_IRQHandler
000021c2 g     F .text	00000036 Delay_Ms
00000c58  w      .text	00000000 USB_LP_CAN1_RX0_IRQHandler
20000098 g     O .bss	00000001 PhyPolarityDetect
200073dc g     O .bss	00000014 DNSInf
000030be g     F .text	000000be SocketUdpSend
000085d8 g     F .text	0000009a udp_bind
00005e60 g     F .text	00000022 tcp_tmr
00003a7c g     F .text	00000118 etharp_query
00001e3a g     F .text	00000012 WCHNET_MainTask
00004e24 g     F .text	00000024 lwip_init
0000256a g     F .text	00000032 WCHNET_Tx
00003b94 g     F .text	00000134 etharp_output
00000a34 g     F .text	000000fa SystemInit
00000c58  w      .text	00000000 RNG_IRQHandler
20000cd8 g     O .bss	00000070 DMARxDscrTab
200000b4 g     O .bss	00000004 phyLinkTime
00008d24  w    F .text	0000004a printchar
0000317c g     F .text	000000f0 SocketTcpSend
00000c58  w      .text	00000000 USB_HP_CAN1_TX_IRQHandler
0000928c g     F .text	00000028 sprintf
000054cc g     F .text	00000012 pbuf_clen
00000000 g       .init	00000000 _sinit
000029d2 g     F .text	0000001a ErrorEncode
00008776 g     F .text	00000012 udp_send
00000c58  w      .text	00000000 DMA1_Channel3_IRQHandler
00005658 g     F .text	00000006 raw_recv
20000100 g     O .bss	00000008 frame
000095ac g     O .text	00000010 MemNum
00000370 g     F .text	00000008 ETH_IRQHandler
00000c58  w      .text	00000000 TIM1_UP_IRQHandler
000059f0 g     F .text	000002ba tcp_slowtmr
000024c2 g     F .text	00000096 WCHNET_Rx
20000028 g     O .data	00000004 IPAddr
00000c58  w      .text	00000000 WWDG_IRQHandler
0000054a g     F .text	00000022 ADXL_WriteReg
00000c58  w      .text	00000000 USBHSWakeup_IRQHandler
00000c58  w      .text	00000000 DMA2_Channel11_IRQHandler
00000e64 g     F .text	00000032 ETH_Start
00000c58  w      .text	00000000 Ecall_U_Mode_Handler
00003d4e g     F .text	00000064 ethernetif_init
00000c58  w      .text	00000000 DMA2_Channel6_IRQHandler
00000378 g     F .text	00000014 TIM2_IRQHandler
20008000 g       .stack	00000000 _eusrstack
000001f0 g     F .text	0000000c .hidden __riscv_save_2
00000c58  w      .text	00000000 SW_Handler
00002e6e g     F .text	00000058 tcp_recved_socket
20003714 g     O .bss	00000be8 MACTxBuf
200000ac g     O .bss	00000004 pDMATxSet
0000342e g     F .text	0000000a WCHNET_GetPHYStatus
00002616 g     F .text	0000001e IPCheckParaInit
00000c58  w      .text	00000000 TIM1_BRK_IRQHandler
000013d2 g     F .text	00000008 USART_SendData
20000144 g     O .bss	00000004 tcp_tw_pcbs
00000c58  w      .text	00000000 DMA2_Channel10_IRQHandler
20000081 g     O .bss	00000001 tcp_connected
00000c58  w      .text	00000000 EXTI1_IRQHandler
000083a0 g     F .text	00000238 udp_input
000001d6 g     F .text	0000001a .hidden __riscv_save_5
200000d0 g     O .bss	00000004 DHCPfineTimer
200000e0 g     O .bss	00000004 TxTimer
00002252 g     F .text	0000003e _write
20000078 g       .data	00000000 _edata
200074d8 g       .bss	00000000 _end
00003eea g     F .text	0000000e htons
200000d4 g     O .bss	00000004 DNSTimer
00001ef4 g     F .text	000000e6 ETH_Configuration
200000c8 g     O .bss	00000004 ArpCheckTime
000011fc g     F .text	000000ee TIM_TimeBaseInit
00003f36 g     F .text	0000004c ip_route
00000c58  w      .text	00000000 RTCAlarm_IRQHandler
200000a2 g     O .bss	00000001 TRDetectStep
00009634 g       .dlalign	00000000 _data_lma
00000c58  w      .text	00000000 TIM10_UP_IRQHandler
00000c58  w      .text	00000000 TIM9_TRG_COM_IRQHandler
00000c58  w      .text	00000000 UART7_IRQHandler
00005278 g     F .text	0000006e pbuf_header
00000468 g     F .text	00000090 SoftI2C_SendByte
00004f0a g     F .text	000000ca mem_realloc
2000011c g     O .bss	00000004 netif_default
00005caa g     F .text	00000072 tcp_pcb_remove
00000c58  w      .text	00000000 USART2_IRQHandler
00000c58  w      .text	00000000 UART6_IRQHandler
200000b2 g     O .bss	00000001 phyLinkStatus
00005504 g     F .text	00000014 pbuf_chain
200042fc g     O .bss	000004b0 Mem_ArpTable
200000c4 g     O .bss	00000004 ARPTimer
20000030 g     O .data	00000002 desport
00005efe g     F .text	0000009a tcp_abandon
20000044 g     O .data	00000004 arp_table
000027e4 g     F .text	000000da SocketUdpReceive
00002990 g     F .text	00000042 LwipTcpConnectedCallBack
00000b2e g     F .text	0000012a SystemCoreClockUpdate
2000733c g     O .bss	0000003c SocketInf
000050a4 g     F .text	00000050 memp_init
00005dfe g     F .text	00000062 tcp_fasttmr
00003000 g     F .text	000000be SocketIPRawSend
00000c58  w      .text	00000000 I2C2_ER_IRQHandler
200000f4 g     O .bss	00000001 phydata
00000c58  w      .text	00000000 DMA1_Channel2_IRQHandler
000011ba g     F .text	00000024 RCC_PLL3Cmd
00003768 g     F .text	0000005a etharp_ip_input
000001fc g     F .text	00000024 .hidden __riscv_restore_12
00000c58  w      .text	00000000 TIM8_BRK_IRQHandler
00000c5a  w      .text	00000000 handle_reset
00000c58  w      .text	00000000 CAN1_SCE_IRQHandler
20000170 g     O .bss	00000b68 SocketRecvBuf
00001ab8 g     F .text	00000192 ETH_PHYLink
00000c58  w      .text	00000000 FLASH_IRQHandler
000001f0 g     F .text	0000000c .hidden __riscv_save_0
00003502 g     F .text	0000000e QueryPingEnable
00000648 g     F .text	00000016 Beep_On
0000595a g     F .text	00000028 tcp_seg_copy
2000009c g     O .bss	00000004 RandVal
0000068c g     F .text	0000006c TIM2_Init
00000c58  w      .text	00000000 USART1_IRQHandler
00005998 g     F .text	0000000a tcp_poll
000093b0 g     F .text	00000012 strlen
00000c58  w      .text	00000000 SPI3_IRQHandler
0000880c g     F .text	00000024 udp_new
00001494 g     F .text	000000a8 WCHNET_PhyPNProcess
00000c58  w      .text	00000000 I2C1_ER_IRQHandler
20000058 g     O .data	00000006 ethbroadcast
000095fc g     O .text	0000000d tcp_backoff
00001488 g     F .text	0000000c WCHNET_TimeIsr
00000214 g     F .text	0000000c .hidden __riscv_restore_1
200073fc g     O .bss	00000044 NetInf
200000a0 g     O .bss	00000001 ReInitMACFlag
0000060a g     F .text	0000003e Beep_Init
000026de g     F .text	0000003e LwipTCPSendCallBack
0000352a g     F .text	0000000c LwipArpCheck
0000348c g     F .text	00000076 WCHNET_SocketConnect
00000f7e g     F .text	0000000a GPIO_ReadInputDataBit
000003da g     F .text	00000050 SoftI2C_Start
00001e0e g     F .text	0000002c WCHNET_RecProcess
00006cec g     F .text	00000a2e tcp_input
00006202 g     F .text	00000032 RemoveTimeWaiTCP
00003f82 g     F .text	0000029a ip_input
20000060 g     O .data	00000006 ethzero
00000c58  w      .text	00000000 USBWakeUp_IRQHandler
000011a8 g     F .text	00000012 RCC_PLL3Config
00002afa g     F .text	00000144 WCHNET_ConfigLIB
00003510 g     F .text	0000001a LwipUnreachPort
200000e9 g     O .bss	00000001 ARP_Retry_Period
00000c58  w      .text	00000000 DMA2_Channel3_IRQHandler
00002474 g     F .text	0000004e WCHNET_PhyStatus
000022a2 g     F .text	000001be WCHNET_PeriodicHandle
00000db0 g     F .text	00000042 ETH_DMATxDescChainInit



Disassembly of section .init:

00000000 <_sinit>:
_start():
c:\Users\WaspYL\Desktop\c-language-practice\MRS代码\CH32V307_TCP\obj/../Startup/startup_ch32v30x_D8C.S:17

	.section	.init,"ax",@progbits
	.global	_start
	.align	1
_start:
	j	handle_reset
   0:	45b0006f          	j	c5a <handle_reset>

Disassembly of section .vector:

00000004 <_vector_base>:
	...
_vector_base():
   c:	02c8                	addi	a0,sp,324
   e:	0000                	unimp
  10:	02ca                	slli	t0,t0,0x12
  12:	0000                	unimp
  14:	0000                	unimp
  16:	0000                	unimp
  18:	0c58                	addi	a4,sp,532
	...
  22:	0000                	unimp
  24:	0c58                	addi	a4,sp,532
  26:	0000                	unimp
  28:	0c58                	addi	a4,sp,532
	...
  32:	0000                	unimp
  34:	0c58                	addi	a4,sp,532
  36:	0000                	unimp
  38:	0000                	unimp
  3a:	0000                	unimp
  3c:	0c58                	addi	a4,sp,532
  3e:	0000                	unimp
  40:	0000                	unimp
  42:	0000                	unimp
  44:	0c58                	addi	a4,sp,532
  46:	0000                	unimp
  48:	0c58                	addi	a4,sp,532
  4a:	0000                	unimp
  4c:	0c58                	addi	a4,sp,532
  4e:	0000                	unimp
  50:	0c58                	addi	a4,sp,532
  52:	0000                	unimp
  54:	0c58                	addi	a4,sp,532
  56:	0000                	unimp
  58:	0c58                	addi	a4,sp,532
  5a:	0000                	unimp
  5c:	0c58                	addi	a4,sp,532
  5e:	0000                	unimp
  60:	0c58                	addi	a4,sp,532
  62:	0000                	unimp
  64:	0c58                	addi	a4,sp,532
  66:	0000                	unimp
  68:	0c58                	addi	a4,sp,532
  6a:	0000                	unimp
  6c:	0c58                	addi	a4,sp,532
  6e:	0000                	unimp
  70:	0c58                	addi	a4,sp,532
  72:	0000                	unimp
  74:	0c58                	addi	a4,sp,532
  76:	0000                	unimp
  78:	0c58                	addi	a4,sp,532
  7a:	0000                	unimp
  7c:	0c58                	addi	a4,sp,532
  7e:	0000                	unimp
  80:	0c58                	addi	a4,sp,532
  82:	0000                	unimp
  84:	0c58                	addi	a4,sp,532
  86:	0000                	unimp
  88:	0c58                	addi	a4,sp,532
  8a:	0000                	unimp
  8c:	0c58                	addi	a4,sp,532
  8e:	0000                	unimp
  90:	0c58                	addi	a4,sp,532
  92:	0000                	unimp
  94:	0c58                	addi	a4,sp,532
  96:	0000                	unimp
  98:	0c58                	addi	a4,sp,532
  9a:	0000                	unimp
  9c:	0c58                	addi	a4,sp,532
  9e:	0000                	unimp
  a0:	031c                	addi	a5,sp,384
  a2:	0000                	unimp
  a4:	0c58                	addi	a4,sp,532
  a6:	0000                	unimp
  a8:	0c58                	addi	a4,sp,532
  aa:	0000                	unimp
  ac:	0c58                	addi	a4,sp,532
  ae:	0000                	unimp
  b0:	0c58                	addi	a4,sp,532
  b2:	0000                	unimp
  b4:	0378                	addi	a4,sp,396
  b6:	0000                	unimp
  b8:	0c58                	addi	a4,sp,532
  ba:	0000                	unimp
  bc:	0c58                	addi	a4,sp,532
  be:	0000                	unimp
  c0:	0c58                	addi	a4,sp,532
  c2:	0000                	unimp
  c4:	0c58                	addi	a4,sp,532
  c6:	0000                	unimp
  c8:	0c58                	addi	a4,sp,532
  ca:	0000                	unimp
  cc:	0c58                	addi	a4,sp,532
  ce:	0000                	unimp
  d0:	0c58                	addi	a4,sp,532
  d2:	0000                	unimp
  d4:	0c58                	addi	a4,sp,532
  d6:	0000                	unimp
  d8:	0c58                	addi	a4,sp,532
  da:	0000                	unimp
  dc:	0c58                	addi	a4,sp,532
  de:	0000                	unimp
  e0:	0c58                	addi	a4,sp,532
  e2:	0000                	unimp
  e4:	0c58                	addi	a4,sp,532
  e6:	0000                	unimp
  e8:	0c58                	addi	a4,sp,532
  ea:	0000                	unimp
  ec:	0c58                	addi	a4,sp,532
  ee:	0000                	unimp
  f0:	0c58                	addi	a4,sp,532
  f2:	0000                	unimp
  f4:	0c58                	addi	a4,sp,532
  f6:	0000                	unimp
  f8:	0c58                	addi	a4,sp,532
  fa:	0000                	unimp
  fc:	0c58                	addi	a4,sp,532
  fe:	0000                	unimp
 100:	0c58                	addi	a4,sp,532
 102:	0000                	unimp
 104:	0000                	unimp
 106:	0000                	unimp
 108:	0c58                	addi	a4,sp,532
 10a:	0000                	unimp
 10c:	0c58                	addi	a4,sp,532
 10e:	0000                	unimp
 110:	0c58                	addi	a4,sp,532
 112:	0000                	unimp
 114:	0c58                	addi	a4,sp,532
 116:	0000                	unimp
 118:	0c58                	addi	a4,sp,532
 11a:	0000                	unimp
 11c:	0c58                	addi	a4,sp,532
 11e:	0000                	unimp
 120:	0c58                	addi	a4,sp,532
 122:	0000                	unimp
 124:	0c58                	addi	a4,sp,532
 126:	0000                	unimp
 128:	0c58                	addi	a4,sp,532
 12a:	0000                	unimp
 12c:	0c58                	addi	a4,sp,532
 12e:	0000                	unimp
 130:	0c58                	addi	a4,sp,532
 132:	0000                	unimp
 134:	0c58                	addi	a4,sp,532
 136:	0000                	unimp
 138:	0370                	addi	a2,sp,396
 13a:	0000                	unimp
 13c:	0c58                	addi	a4,sp,532
 13e:	0000                	unimp
 140:	0c58                	addi	a4,sp,532
 142:	0000                	unimp
 144:	0c58                	addi	a4,sp,532
 146:	0000                	unimp
 148:	0c58                	addi	a4,sp,532
 14a:	0000                	unimp
 14c:	0c58                	addi	a4,sp,532
 14e:	0000                	unimp
 150:	0c58                	addi	a4,sp,532
 152:	0000                	unimp
 154:	0c58                	addi	a4,sp,532
 156:	0000                	unimp
 158:	0c58                	addi	a4,sp,532
 15a:	0000                	unimp
 15c:	0c58                	addi	a4,sp,532
 15e:	0000                	unimp
 160:	0c58                	addi	a4,sp,532
 162:	0000                	unimp
 164:	0c58                	addi	a4,sp,532
 166:	0000                	unimp
 168:	0c58                	addi	a4,sp,532
 16a:	0000                	unimp
 16c:	0c58                	addi	a4,sp,532
 16e:	0000                	unimp
 170:	0c58                	addi	a4,sp,532
 172:	0000                	unimp
 174:	0c58                	addi	a4,sp,532
 176:	0000                	unimp
 178:	0c58                	addi	a4,sp,532
 17a:	0000                	unimp
 17c:	0c58                	addi	a4,sp,532
 17e:	0000                	unimp
 180:	0c58                	addi	a4,sp,532
 182:	0000                	unimp
 184:	0c58                	addi	a4,sp,532
 186:	0000                	unimp
 188:	0c58                	addi	a4,sp,532
 18a:	0000                	unimp
 18c:	0c58                	addi	a4,sp,532
 18e:	0000                	unimp
 190:	0c58                	addi	a4,sp,532
 192:	0000                	unimp
 194:	0c58                	addi	a4,sp,532
 196:	0000                	unimp
 198:	0c58                	addi	a4,sp,532
 19a:	0000                	unimp
 19c:	0c58                	addi	a4,sp,532
 19e:	0000                	unimp
 1a0:	0c58                	addi	a4,sp,532
	...

Disassembly of section .text:

000001c0 <__riscv_save_12>:
__riscv_save_12():
     1c0:	7139                	addi	sp,sp,-64
     1c2:	4301                	li	t1,0
     1c4:	c66e                	sw	s11,12(sp)
     1c6:	a019                	j	1cc <__riscv_save_10+0x4>

000001c8 <__riscv_save_10>:
     1c8:	7139                	addi	sp,sp,-64
     1ca:	5341                	li	t1,-16
     1cc:	c86a                	sw	s10,16(sp)
     1ce:	ca66                	sw	s9,20(sp)
     1d0:	cc62                	sw	s8,24(sp)
     1d2:	ce5e                	sw	s7,28(sp)
     1d4:	a019                	j	1da <__riscv_save_4+0x4>

000001d6 <__riscv_save_4>:
     1d6:	7139                	addi	sp,sp,-64
     1d8:	5301                	li	t1,-32
     1da:	d05a                	sw	s6,32(sp)
     1dc:	d256                	sw	s5,36(sp)
     1de:	d452                	sw	s4,40(sp)
     1e0:	d64e                	sw	s3,44(sp)
     1e2:	d84a                	sw	s2,48(sp)
     1e4:	da26                	sw	s1,52(sp)
     1e6:	dc22                	sw	s0,56(sp)
     1e8:	de06                	sw	ra,60(sp)
     1ea:	40610133          	sub	sp,sp,t1
     1ee:	8282                	jr	t0

000001f0 <__riscv_save_0>:
__riscv_save_1():
     1f0:	1141                	addi	sp,sp,-16
     1f2:	c04a                	sw	s2,0(sp)
     1f4:	c226                	sw	s1,4(sp)
     1f6:	c422                	sw	s0,8(sp)
     1f8:	c606                	sw	ra,12(sp)
     1fa:	8282                	jr	t0

000001fc <__riscv_restore_12>:
__riscv_restore_12():
     1fc:	4db2                	lw	s11,12(sp)
     1fe:	0141                	addi	sp,sp,16

00000200 <__riscv_restore_10>:
     200:	4d02                	lw	s10,0(sp)
     202:	4c92                	lw	s9,4(sp)
     204:	4c22                	lw	s8,8(sp)
     206:	4bb2                	lw	s7,12(sp)
     208:	0141                	addi	sp,sp,16

0000020a <__riscv_restore_4>:
     20a:	4b02                	lw	s6,0(sp)
     20c:	4a92                	lw	s5,4(sp)
     20e:	4a22                	lw	s4,8(sp)
     210:	49b2                	lw	s3,12(sp)
     212:	0141                	addi	sp,sp,16

00000214 <__riscv_restore_0>:
     214:	4902                	lw	s2,0(sp)
     216:	4492                	lw	s1,4(sp)
     218:	4422                	lw	s0,8(sp)
     21a:	40b2                	lw	ra,12(sp)
     21c:	0141                	addi	sp,sp,16
     21e:	8082                	ret

00000220 <memset>:
memset():
     220:	433d                	li	t1,15
     222:	872a                	mv	a4,a0
     224:	02c37363          	bgeu	t1,a2,24a <memset+0x2a>
     228:	00f77793          	andi	a5,a4,15
     22c:	efbd                	bnez	a5,2aa <memset+0x8a>
     22e:	e5ad                	bnez	a1,298 <memset+0x78>
     230:	ff067693          	andi	a3,a2,-16
     234:	8a3d                	andi	a2,a2,15
     236:	96ba                	add	a3,a3,a4
     238:	c30c                	sw	a1,0(a4)
     23a:	c34c                	sw	a1,4(a4)
     23c:	c70c                	sw	a1,8(a4)
     23e:	c74c                	sw	a1,12(a4)
     240:	0741                	addi	a4,a4,16
     242:	fed76be3          	bltu	a4,a3,238 <memset+0x18>
     246:	e211                	bnez	a2,24a <memset+0x2a>
     248:	8082                	ret
     24a:	40c306b3          	sub	a3,t1,a2
     24e:	068a                	slli	a3,a3,0x2
     250:	00000297          	auipc	t0,0x0
     254:	9696                	add	a3,a3,t0
     256:	00a68067          	jr	10(a3)
     25a:	00b70723          	sb	a1,14(a4)
     25e:	00b706a3          	sb	a1,13(a4)
     262:	00b70623          	sb	a1,12(a4)
     266:	00b705a3          	sb	a1,11(a4)
     26a:	00b70523          	sb	a1,10(a4)
     26e:	00b704a3          	sb	a1,9(a4)
     272:	00b70423          	sb	a1,8(a4)
     276:	00b703a3          	sb	a1,7(a4)
     27a:	00b70323          	sb	a1,6(a4)
     27e:	00b702a3          	sb	a1,5(a4)
     282:	00b70223          	sb	a1,4(a4)
     286:	00b701a3          	sb	a1,3(a4)
     28a:	00b70123          	sb	a1,2(a4)
     28e:	00b700a3          	sb	a1,1(a4)
     292:	00b70023          	sb	a1,0(a4)
     296:	8082                	ret
     298:	0ff5f593          	andi	a1,a1,255
     29c:	00859693          	slli	a3,a1,0x8
     2a0:	8dd5                	or	a1,a1,a3
     2a2:	01059693          	slli	a3,a1,0x10
     2a6:	8dd5                	or	a1,a1,a3
     2a8:	b761                	j	230 <memset+0x10>
     2aa:	00279693          	slli	a3,a5,0x2
     2ae:	00000297          	auipc	t0,0x0
     2b2:	9696                	add	a3,a3,t0
     2b4:	8286                	mv	t0,ra
     2b6:	fa8680e7          	jalr	-88(a3)
     2ba:	8096                	mv	ra,t0
     2bc:	17c1                	addi	a5,a5,-16
     2be:	8f1d                	sub	a4,a4,a5
     2c0:	963e                	add	a2,a2,a5
     2c2:	f8c374e3          	bgeu	t1,a2,24a <memset+0x2a>
     2c6:	b7a5                	j	22e <memset+0xe>

000002c8 <NMI_Handler>:
NMI_Handler():
c:\Users\WaspYL\Desktop\c-language-practice\MRS代码\CH32V307_TCP\obj/../User/ch32v30x_it.c:31 (discriminator 1)
 */
void NMI_Handler(void)
{
  while (1)
  {
  }
     2c8:	a001                	j	2c8 <NMI_Handler>

000002ca <HardFault_Handler>:
HardFault_Handler():
c:\Users\WaspYL\Desktop\c-language-practice\MRS代码\CH32V307_TCP\obj/../User/ch32v30x_it.c:43
 *
 * @return  none
 */
void HardFault_Handler(void)
{
    printf("HardFault_Handler\r\n");
     2ca:	00009537          	lui	a0,0x9
     2ce:	3c450513          	addi	a0,a0,964 # 93c4 <strlen+0x14>
     2d2:	7e3080ef          	jal	ra,92b4 <puts>
c:\Users\WaspYL\Desktop\c-language-practice\MRS代码\CH32V307_TCP\obj/../User/ch32v30x_it.c:45

    printf("mepc  :%08x\r\n", __get_MEPC());
     2d6:	7bb010ef          	jal	ra,2290 <__get_MEPC>
     2da:	85aa                	mv	a1,a0
     2dc:	00009537          	lui	a0,0x9
     2e0:	3d850513          	addi	a0,a0,984 # 93d8 <strlen+0x28>
     2e4:	785080ef          	jal	ra,9268 <printf>
c:\Users\WaspYL\Desktop\c-language-practice\MRS代码\CH32V307_TCP\obj/../User/ch32v30x_it.c:46
    printf("mcause:%08x\r\n", __get_MCAUSE());
     2e8:	7af010ef          	jal	ra,2296 <__get_MCAUSE>
     2ec:	85aa                	mv	a1,a0
     2ee:	00009537          	lui	a0,0x9
     2f2:	3e850513          	addi	a0,a0,1000 # 93e8 <strlen+0x38>
     2f6:	773080ef          	jal	ra,9268 <printf>
c:\Users\WaspYL\Desktop\c-language-practice\MRS代码\CH32V307_TCP\obj/../User/ch32v30x_it.c:47
    printf("mtval :%08x\r\n", __get_MTVAL());
     2fa:	7a3010ef          	jal	ra,229c <__get_MTVAL>
     2fe:	85aa                	mv	a1,a0
     300:	00009537          	lui	a0,0x9
     304:	3f850513          	addi	a0,a0,1016 # 93f8 <strlen+0x48>
     308:	761080ef          	jal	ra,9268 <printf>
NVIC_SystemReset():
c:/Users/WaspYL/Desktop/c-language-practice/MRS代码/CH32V307_TCP/Core/core_riscv.h:382
 *
 * @return  none
 */
__attribute__( ( always_inline ) ) RV_STATIC_INLINE void NVIC_SystemReset(void)
{
  NVIC->CFGR = NVIC_KEY3|(1<<7);
     30c:	beef07b7          	lui	a5,0xbeef0
     310:	e000e737          	lui	a4,0xe000e
     314:	08078793          	addi	a5,a5,128 # beef0080 <_eusrstack+0x9eee8080>
     318:	c73c                	sw	a5,72(a4)
HardFault_Handler():
c:\Users\WaspYL\Desktop\c-language-practice\MRS代码\CH32V307_TCP\obj/../User/ch32v30x_it.c:49 (discriminator 1)
    NVIC_SystemReset();
    while(1);
     31a:	a001                	j	31a <HardFault_Handler+0x50>

0000031c <EXTI9_5_IRQHandler>:
EXTI9_5_IRQHandler():
c:\Users\WaspYL\Desktop\c-language-practice\MRS代码\CH32V307_TCP\obj/../User/ch32v30x_it.c:60
 * @brief   This function handles GPIO exception.
 *
 * @return  none
 */
void EXTI9_5_IRQHandler(void)
{
     31c:	7139                	addi	sp,sp,-64
     31e:	de06                	sw	ra,60(sp)
     320:	dc16                	sw	t0,56(sp)
     322:	da1a                	sw	t1,52(sp)
     324:	d81e                	sw	t2,48(sp)
     326:	d62a                	sw	a0,44(sp)
     328:	d42e                	sw	a1,40(sp)
     32a:	d232                	sw	a2,36(sp)
     32c:	d036                	sw	a3,32(sp)
     32e:	ce3a                	sw	a4,28(sp)
     330:	cc3e                	sw	a5,24(sp)
     332:	ca42                	sw	a6,20(sp)
     334:	c846                	sw	a7,16(sp)
     336:	c672                	sw	t3,12(sp)
     338:	c476                	sw	t4,8(sp)
     33a:	c27a                	sw	t5,4(sp)
     33c:	c07e                	sw	t6,0(sp)
c:\Users\WaspYL\Desktop\c-language-practice\MRS代码\CH32V307_TCP\obj/../User/ch32v30x_it.c:61
    ETH_PHYLink( );
     33e:	77a010ef          	jal	ra,1ab8 <ETH_PHYLink>
c:\Users\WaspYL\Desktop\c-language-practice\MRS代码\CH32V307_TCP\obj/../User/ch32v30x_it.c:62
    EXTI_ClearITPendingBit(EXTI_Line7);     /* Clear Flag */
     342:	08000513          	li	a0,128
     346:	36f000ef          	jal	ra,eb4 <EXTI_ClearITPendingBit>
c:\Users\WaspYL\Desktop\c-language-practice\MRS代码\CH32V307_TCP\obj/../User/ch32v30x_it.c:63
}
     34a:	50f2                	lw	ra,60(sp)
     34c:	52e2                	lw	t0,56(sp)
     34e:	5352                	lw	t1,52(sp)
     350:	53c2                	lw	t2,48(sp)
     352:	5532                	lw	a0,44(sp)
     354:	55a2                	lw	a1,40(sp)
     356:	5612                	lw	a2,36(sp)
     358:	5682                	lw	a3,32(sp)
     35a:	4772                	lw	a4,28(sp)
     35c:	47e2                	lw	a5,24(sp)
     35e:	4852                	lw	a6,20(sp)
     360:	48c2                	lw	a7,16(sp)
     362:	4e32                	lw	t3,12(sp)
     364:	4ea2                	lw	t4,8(sp)
     366:	4f12                	lw	t5,4(sp)
     368:	4f82                	lw	t6,0(sp)
     36a:	6121                	addi	sp,sp,64
     36c:	30200073          	mret

00000370 <ETH_IRQHandler>:
ETH_IRQHandler():
c:\Users\WaspYL\Desktop\c-language-practice\MRS代码\CH32V307_TCP\obj/../User/ch32v30x_it.c:74
 *
 * @return  none
 */
void ETH_IRQHandler(void)
{
    WCHNET_ETHIsr();
     370:	46b010ef          	jal	ra,1fda <WCHNET_ETHIsr>
c:\Users\WaspYL\Desktop\c-language-practice\MRS代码\CH32V307_TCP\obj/../User/ch32v30x_it.c:75
}
     374:	30200073          	mret

00000378 <TIM2_IRQHandler>:
TIM2_IRQHandler():
c:\Users\WaspYL\Desktop\c-language-practice\MRS代码\CH32V307_TCP\obj/../User/ch32v30x_it.c:86
 *
 * @return  none
 */
void TIM2_IRQHandler(void)
{
    WCHNET_TimeIsr(WCHNETTIMERPERIOD);
     378:	4529                	li	a0,10
     37a:	10e010ef          	jal	ra,1488 <WCHNET_TimeIsr>
c:\Users\WaspYL\Desktop\c-language-practice\MRS代码\CH32V307_TCP\obj/../User/ch32v30x_it.c:87
    TIM_ClearITPendingBit(TIM2, TIM_IT_Update);
     37e:	4585                	li	a1,1
     380:	40000537          	lui	a0,0x40000
     384:	791000ef          	jal	ra,1314 <TIM_ClearITPendingBit>
c:\Users\WaspYL\Desktop\c-language-practice\MRS代码\CH32V307_TCP\obj/../User/ch32v30x_it.c:88
}
     388:	30200073          	mret

0000038c <SoftI2C_Init>:
SoftI2C_Init():
c:\Users\WaspYL\Desktop\c-language-practice\MRS代码\CH32V307_TCP\obj/../User/main.c:41

#define ADXL_ADDR_W  0xA6
#define ADXL_ADDR_R  0xA7

void SoftI2C_Init(void)
{
     38c:	e65ff2ef          	jal	t0,1f0 <__riscv_save_0>
     390:	1141                	addi	sp,sp,-16
c:\Users\WaspYL\Desktop\c-language-practice\MRS代码\CH32V307_TCP\obj/../User/main.c:43
    GPIO_InitTypeDef GPIO_InitStruct = {0};
    RCC_APB2PeriphClockCmd(RCC_APB2Periph_GPIOB, ENABLE);
     392:	4585                	li	a1,1
     394:	4521                	li	a0,8
c:\Users\WaspYL\Desktop\c-language-practice\MRS代码\CH32V307_TCP\obj/../User/main.c:42
    GPIO_InitTypeDef GPIO_InitStruct = {0};
     396:	c202                	sw	zero,4(sp)
     398:	c402                	sw	zero,8(sp)
     39a:	c602                	sw	zero,12(sp)
c:\Users\WaspYL\Desktop\c-language-practice\MRS代码\CH32V307_TCP\obj/../User/main.c:43
    RCC_APB2PeriphClockCmd(RCC_APB2Periph_GPIOB, ENABLE);
     39c:	593000ef          	jal	ra,112e <RCC_APB2PeriphClockCmd>
c:\Users\WaspYL\Desktop\c-language-practice\MRS代码\CH32V307_TCP\obj/../User/main.c:44
    GPIO_InitStruct.GPIO_Pin = GPIO_Pin_3 | GPIO_Pin_5;
     3a0:	02800793          	li	a5,40
c:\Users\WaspYL\Desktop\c-language-practice\MRS代码\CH32V307_TCP\obj/../User/main.c:47
    GPIO_InitStruct.GPIO_Mode = GPIO_Mode_Out_OD;
    GPIO_InitStruct.GPIO_Speed = GPIO_Speed_50MHz;
    GPIO_Init(GPIOB, &GPIO_InitStruct);
     3a4:	40011437          	lui	s0,0x40011
c:\Users\WaspYL\Desktop\c-language-practice\MRS代码\CH32V307_TCP\obj/../User/main.c:44
    GPIO_InitStruct.GPIO_Pin = GPIO_Pin_3 | GPIO_Pin_5;
     3a8:	827c                	sh	a5,4(sp)
c:\Users\WaspYL\Desktop\c-language-practice\MRS代码\CH32V307_TCP\obj/../User/main.c:45
    GPIO_InitStruct.GPIO_Mode = GPIO_Mode_Out_OD;
     3aa:	47d1                	li	a5,20
     3ac:	c63e                	sw	a5,12(sp)
c:\Users\WaspYL\Desktop\c-language-practice\MRS代码\CH32V307_TCP\obj/../User/main.c:47
    GPIO_Init(GPIOB, &GPIO_InitStruct);
     3ae:	004c                	addi	a1,sp,4
c:\Users\WaspYL\Desktop\c-language-practice\MRS代码\CH32V307_TCP\obj/../User/main.c:46
    GPIO_InitStruct.GPIO_Speed = GPIO_Speed_50MHz;
     3b0:	478d                	li	a5,3
c:\Users\WaspYL\Desktop\c-language-practice\MRS代码\CH32V307_TCP\obj/../User/main.c:47
    GPIO_Init(GPIOB, &GPIO_InitStruct);
     3b2:	c0040513          	addi	a0,s0,-1024 # 40010c00 <_eusrstack+0x20008c00>
c:\Users\WaspYL\Desktop\c-language-practice\MRS代码\CH32V307_TCP\obj/../User/main.c:46
    GPIO_InitStruct.GPIO_Speed = GPIO_Speed_50MHz;
     3b6:	c43e                	sw	a5,8(sp)
c:\Users\WaspYL\Desktop\c-language-practice\MRS代码\CH32V307_TCP\obj/../User/main.c:47
    GPIO_Init(GPIOB, &GPIO_InitStruct);
     3b8:	307000ef          	jal	ra,ebe <GPIO_Init>
c:\Users\WaspYL\Desktop\c-language-practice\MRS代码\CH32V307_TCP\obj/../User/main.c:48
    SCL_H(); SDA_H();
     3bc:	c0040513          	addi	a0,s0,-1024
     3c0:	4605                	li	a2,1
     3c2:	45a1                	li	a1,8
     3c4:	3cd000ef          	jal	ra,f90 <GPIO_WriteBit>
     3c8:	4605                	li	a2,1
     3ca:	02000593          	li	a1,32
     3ce:	c0040513          	addi	a0,s0,-1024
     3d2:	3bf000ef          	jal	ra,f90 <GPIO_WriteBit>
c:\Users\WaspYL\Desktop\c-language-practice\MRS代码\CH32V307_TCP\obj/../User/main.c:49
}
     3d6:	0141                	addi	sp,sp,16
     3d8:	bd35                	j	214 <__riscv_restore_0>

000003da <SoftI2C_Start>:
SoftI2C_Start():
c:\Users\WaspYL\Desktop\c-language-practice\MRS代码\CH32V307_TCP\obj/../User/main.c:52

void SoftI2C_Start(void)
{
     3da:	e17ff2ef          	jal	t0,1f0 <__riscv_save_0>
c:\Users\WaspYL\Desktop\c-language-practice\MRS代码\CH32V307_TCP\obj/../User/main.c:53
    SDA_H(); SCL_H(); Delay_Us(5);
     3de:	40011437          	lui	s0,0x40011
     3e2:	c0040513          	addi	a0,s0,-1024 # 40010c00 <_eusrstack+0x20008c00>
     3e6:	4605                	li	a2,1
     3e8:	02000593          	li	a1,32
     3ec:	3a5000ef          	jal	ra,f90 <GPIO_WriteBit>
     3f0:	4605                	li	a2,1
     3f2:	45a1                	li	a1,8
     3f4:	c0040513          	addi	a0,s0,-1024
     3f8:	399000ef          	jal	ra,f90 <GPIO_WriteBit>
     3fc:	4515                	li	a0,5
     3fe:	58f010ef          	jal	ra,218c <Delay_Us>
c:\Users\WaspYL\Desktop\c-language-practice\MRS代码\CH32V307_TCP\obj/../User/main.c:54
    SDA_L(); Delay_Us(5);
     402:	4601                	li	a2,0
     404:	02000593          	li	a1,32
     408:	c0040513          	addi	a0,s0,-1024
     40c:	385000ef          	jal	ra,f90 <GPIO_WriteBit>
     410:	4515                	li	a0,5
     412:	57b010ef          	jal	ra,218c <Delay_Us>
c:\Users\WaspYL\Desktop\c-language-practice\MRS代码\CH32V307_TCP\obj/../User/main.c:55
    SCL_L(); Delay_Us(5);
     416:	4601                	li	a2,0
     418:	45a1                	li	a1,8
     41a:	c0040513          	addi	a0,s0,-1024
     41e:	373000ef          	jal	ra,f90 <GPIO_WriteBit>
     422:	4515                	li	a0,5
     424:	569010ef          	jal	ra,218c <Delay_Us>
c:\Users\WaspYL\Desktop\c-language-practice\MRS代码\CH32V307_TCP\obj/../User/main.c:56
}
     428:	b3f5                	j	214 <__riscv_restore_0>

0000042a <SoftI2C_Stop>:
SoftI2C_Stop():
c:\Users\WaspYL\Desktop\c-language-practice\MRS代码\CH32V307_TCP\obj/../User/main.c:59

void SoftI2C_Stop(void)
{
     42a:	dc7ff2ef          	jal	t0,1f0 <__riscv_save_0>
c:\Users\WaspYL\Desktop\c-language-practice\MRS代码\CH32V307_TCP\obj/../User/main.c:60
    SDA_L(); SCL_H(); Delay_Us(5);
     42e:	40011437          	lui	s0,0x40011
     432:	c0040513          	addi	a0,s0,-1024 # 40010c00 <_eusrstack+0x20008c00>
     436:	4601                	li	a2,0
     438:	02000593          	li	a1,32
     43c:	355000ef          	jal	ra,f90 <GPIO_WriteBit>
     440:	4605                	li	a2,1
     442:	45a1                	li	a1,8
     444:	c0040513          	addi	a0,s0,-1024
     448:	349000ef          	jal	ra,f90 <GPIO_WriteBit>
     44c:	4515                	li	a0,5
     44e:	53f010ef          	jal	ra,218c <Delay_Us>
c:\Users\WaspYL\Desktop\c-language-practice\MRS代码\CH32V307_TCP\obj/../User/main.c:61
    SDA_H(); Delay_Us(5);
     452:	4605                	li	a2,1
     454:	02000593          	li	a1,32
     458:	c0040513          	addi	a0,s0,-1024
     45c:	335000ef          	jal	ra,f90 <GPIO_WriteBit>
     460:	4515                	li	a0,5
     462:	52b010ef          	jal	ra,218c <Delay_Us>
c:\Users\WaspYL\Desktop\c-language-practice\MRS代码\CH32V307_TCP\obj/../User/main.c:62
}
     466:	b37d                	j	214 <__riscv_restore_0>

00000468 <SoftI2C_SendByte>:
SoftI2C_SendByte():
c:\Users\WaspYL\Desktop\c-language-practice\MRS代码\CH32V307_TCP\obj/../User/main.c:65

void SoftI2C_SendByte(u8 dat)
{
     468:	d6fff2ef          	jal	t0,1d6 <__riscv_save_4>
c:\Users\WaspYL\Desktop\c-language-practice\MRS代码\CH32V307_TCP\obj/../User/main.c:69
    u8 i;
    for(i=0; i<8; i++)
    {
        if(dat & 0x80) SDA_H(); else SDA_L();
     46c:	40011937          	lui	s2,0x40011
c:\Users\WaspYL\Desktop\c-language-practice\MRS代码\CH32V307_TCP\obj/../User/main.c:65
{
     470:	84aa                	mv	s1,a0
     472:	4421                	li	s0,8
c:\Users\WaspYL\Desktop\c-language-practice\MRS代码\CH32V307_TCP\obj/../User/main.c:69
        if(dat & 0x80) SDA_H(); else SDA_L();
     474:	c0090993          	addi	s3,s2,-1024 # 40010c00 <_eusrstack+0x20008c00>
     478:	01849793          	slli	a5,s1,0x18
     47c:	87e1                	srai	a5,a5,0x18
     47e:	4605                	li	a2,1
     480:	0007c363          	bltz	a5,486 <SoftI2C_SendByte+0x1e>
c:\Users\WaspYL\Desktop\c-language-practice\MRS代码\CH32V307_TCP\obj/../User/main.c:69 (discriminator 2)
     484:	4601                	li	a2,0
     486:	02000593          	li	a1,32
     48a:	854e                	mv	a0,s3
     48c:	305000ef          	jal	ra,f90 <GPIO_WriteBit>
c:\Users\WaspYL\Desktop\c-language-practice\MRS代码\CH32V307_TCP\obj/../User/main.c:71 (discriminator 2)
        dat <<= 1;
        Delay_Us(2);
     490:	4509                	li	a0,2
     492:	4fb010ef          	jal	ra,218c <Delay_Us>
c:\Users\WaspYL\Desktop\c-language-practice\MRS代码\CH32V307_TCP\obj/../User/main.c:72 (discriminator 2)
        SCL_H(); Delay_Us(5);
     496:	4605                	li	a2,1
     498:	45a1                	li	a1,8
     49a:	854e                	mv	a0,s3
     49c:	2f5000ef          	jal	ra,f90 <GPIO_WriteBit>
     4a0:	4515                	li	a0,5
     4a2:	4eb010ef          	jal	ra,218c <Delay_Us>
c:\Users\WaspYL\Desktop\c-language-practice\MRS代码\CH32V307_TCP\obj/../User/main.c:73 (discriminator 2)
        SCL_L(); Delay_Us(2);
     4a6:	4601                	li	a2,0
     4a8:	45a1                	li	a1,8
     4aa:	854e                	mv	a0,s3
     4ac:	2e5000ef          	jal	ra,f90 <GPIO_WriteBit>
     4b0:	147d                	addi	s0,s0,-1
c:\Users\WaspYL\Desktop\c-language-practice\MRS代码\CH32V307_TCP\obj/../User/main.c:70 (discriminator 2)
        dat <<= 1;
     4b2:	0486                	slli	s1,s1,0x1
c:\Users\WaspYL\Desktop\c-language-practice\MRS代码\CH32V307_TCP\obj/../User/main.c:73 (discriminator 2)
        SCL_L(); Delay_Us(2);
     4b4:	4509                	li	a0,2
     4b6:	0ff47413          	andi	s0,s0,255
c:\Users\WaspYL\Desktop\c-language-practice\MRS代码\CH32V307_TCP\obj/../User/main.c:70 (discriminator 2)
        dat <<= 1;
     4ba:	0ff4f493          	andi	s1,s1,255
c:\Users\WaspYL\Desktop\c-language-practice\MRS代码\CH32V307_TCP\obj/../User/main.c:73 (discriminator 2)
        SCL_L(); Delay_Us(2);
     4be:	4cf010ef          	jal	ra,218c <Delay_Us>
c:\Users\WaspYL\Desktop\c-language-practice\MRS代码\CH32V307_TCP\obj/../User/main.c:67 (discriminator 2)
    for(i=0; i<8; i++)
     4c2:	f85d                	bnez	s0,478 <SoftI2C_SendByte+0x10>
c:\Users\WaspYL\Desktop\c-language-practice\MRS代码\CH32V307_TCP\obj/../User/main.c:75
    }
    SDA_H(); Delay_Us(2);
     4c4:	4605                	li	a2,1
     4c6:	02000593          	li	a1,32
     4ca:	c0090513          	addi	a0,s2,-1024
     4ce:	2c3000ef          	jal	ra,f90 <GPIO_WriteBit>
     4d2:	4509                	li	a0,2
     4d4:	4b9010ef          	jal	ra,218c <Delay_Us>
c:\Users\WaspYL\Desktop\c-language-practice\MRS代码\CH32V307_TCP\obj/../User/main.c:76
    SCL_H(); Delay_Us(5);
     4d8:	4605                	li	a2,1
     4da:	45a1                	li	a1,8
     4dc:	c0090513          	addi	a0,s2,-1024
     4e0:	2b1000ef          	jal	ra,f90 <GPIO_WriteBit>
     4e4:	4515                	li	a0,5
     4e6:	4a7010ef          	jal	ra,218c <Delay_Us>
c:\Users\WaspYL\Desktop\c-language-practice\MRS代码\CH32V307_TCP\obj/../User/main.c:77
    SCL_L();
     4ea:	4601                	li	a2,0
     4ec:	45a1                	li	a1,8
     4ee:	c0090513          	addi	a0,s2,-1024
     4f2:	29f000ef          	jal	ra,f90 <GPIO_WriteBit>
c:\Users\WaspYL\Desktop\c-language-practice\MRS代码\CH32V307_TCP\obj/../User/main.c:78
}
     4f6:	bb11                	j	20a <__riscv_restore_4>

000004f8 <SoftI2C_ReadByte>:
SoftI2C_ReadByte():
c:\Users\WaspYL\Desktop\c-language-practice\MRS代码\CH32V307_TCP\obj/../User/main.c:81

u8 SoftI2C_ReadByte(void)
{
     4f8:	cf9ff2ef          	jal	t0,1f0 <__riscv_save_0>
c:\Users\WaspYL\Desktop\c-language-practice\MRS代码\CH32V307_TCP\obj/../User/main.c:86
    u8 i, dat=0;
    for(i=0; i<8; i++)
    {
        dat <<= 1;
        SCL_H(); Delay_Us(5);
     4fc:	40011937          	lui	s2,0x40011
c:\Users\WaspYL\Desktop\c-language-practice\MRS代码\CH32V307_TCP\obj/../User/main.c:81
{
     500:	44a1                	li	s1,8
c:\Users\WaspYL\Desktop\c-language-practice\MRS代码\CH32V307_TCP\obj/../User/main.c:82
    u8 i, dat=0;
     502:	4401                	li	s0,0
c:\Users\WaspYL\Desktop\c-language-practice\MRS代码\CH32V307_TCP\obj/../User/main.c:86
        SCL_H(); Delay_Us(5);
     504:	c0090913          	addi	s2,s2,-1024 # 40010c00 <_eusrstack+0x20008c00>
     508:	45a1                	li	a1,8
     50a:	4605                	li	a2,1
     50c:	854a                	mv	a0,s2
     50e:	283000ef          	jal	ra,f90 <GPIO_WriteBit>
     512:	4515                	li	a0,5
     514:	479010ef          	jal	ra,218c <Delay_Us>
c:\Users\WaspYL\Desktop\c-language-practice\MRS代码\CH32V307_TCP\obj/../User/main.c:85
        dat <<= 1;
     518:	0406                	slli	s0,s0,0x1
c:\Users\WaspYL\Desktop\c-language-practice\MRS代码\CH32V307_TCP\obj/../User/main.c:87
        if(SDA_READ()) dat |= 0x01;
     51a:	02000593          	li	a1,32
     51e:	854a                	mv	a0,s2
c:\Users\WaspYL\Desktop\c-language-practice\MRS代码\CH32V307_TCP\obj/../User/main.c:85
        dat <<= 1;
     520:	0ff47413          	andi	s0,s0,255
c:\Users\WaspYL\Desktop\c-language-practice\MRS代码\CH32V307_TCP\obj/../User/main.c:87
        if(SDA_READ()) dat |= 0x01;
     524:	25b000ef          	jal	ra,f7e <GPIO_ReadInputDataBit>
     528:	c119                	beqz	a0,52e <SoftI2C_ReadByte+0x36>
c:\Users\WaspYL\Desktop\c-language-practice\MRS代码\CH32V307_TCP\obj/../User/main.c:87 (discriminator 1)
     52a:	00146413          	ori	s0,s0,1
c:\Users\WaspYL\Desktop\c-language-practice\MRS代码\CH32V307_TCP\obj/../User/main.c:88 (discriminator 2)
        SCL_L(); Delay_Us(2);
     52e:	4601                	li	a2,0
     530:	45a1                	li	a1,8
     532:	854a                	mv	a0,s2
     534:	25d000ef          	jal	ra,f90 <GPIO_WriteBit>
     538:	14fd                	addi	s1,s1,-1
     53a:	4509                	li	a0,2
     53c:	0ff4f493          	andi	s1,s1,255
     540:	44d010ef          	jal	ra,218c <Delay_Us>
c:\Users\WaspYL\Desktop\c-language-practice\MRS代码\CH32V307_TCP\obj/../User/main.c:83 (discriminator 2)
    for(i=0; i<8; i++)
     544:	f0f1                	bnez	s1,508 <SoftI2C_ReadByte+0x10>
c:\Users\WaspYL\Desktop\c-language-practice\MRS代码\CH32V307_TCP\obj/../User/main.c:91
    }
    return dat;
}
     546:	8522                	mv	a0,s0
     548:	b1f1                	j	214 <__riscv_restore_0>

0000054a <ADXL_WriteReg>:
ADXL_WriteReg():
c:\Users\WaspYL\Desktop\c-language-practice\MRS代码\CH32V307_TCP\obj/../User/main.c:94

void ADXL_WriteReg(u8 reg, u8 val)
{
     54a:	ca7ff2ef          	jal	t0,1f0 <__riscv_save_0>
     54e:	1141                	addi	sp,sp,-16
     550:	842a                	mv	s0,a0
     552:	c62e                	sw	a1,12(sp)
c:\Users\WaspYL\Desktop\c-language-practice\MRS代码\CH32V307_TCP\obj/../User/main.c:95
    SoftI2C_Start();
     554:	3559                	jal	3da <SoftI2C_Start>
c:\Users\WaspYL\Desktop\c-language-practice\MRS代码\CH32V307_TCP\obj/../User/main.c:96
    SoftI2C_SendByte(ADXL_ADDR_W);
     556:	0a600513          	li	a0,166
     55a:	3739                	jal	468 <SoftI2C_SendByte>
c:\Users\WaspYL\Desktop\c-language-practice\MRS代码\CH32V307_TCP\obj/../User/main.c:97
    SoftI2C_SendByte(reg);
     55c:	8522                	mv	a0,s0
     55e:	3729                	jal	468 <SoftI2C_SendByte>
c:\Users\WaspYL\Desktop\c-language-practice\MRS代码\CH32V307_TCP\obj/../User/main.c:98
    SoftI2C_SendByte(val);
     560:	45b2                	lw	a1,12(sp)
     562:	852e                	mv	a0,a1
     564:	3711                	jal	468 <SoftI2C_SendByte>
c:\Users\WaspYL\Desktop\c-language-practice\MRS代码\CH32V307_TCP\obj/../User/main.c:99
    SoftI2C_Stop();
     566:	35d1                	jal	42a <SoftI2C_Stop>
c:\Users\WaspYL\Desktop\c-language-practice\MRS代码\CH32V307_TCP\obj/../User/main.c:100
}
     568:	0141                	addi	sp,sp,16
     56a:	b16d                	j	214 <__riscv_restore_0>

0000056c <ADXL_ReadReg>:
ADXL_ReadReg():
c:\Users\WaspYL\Desktop\c-language-practice\MRS代码\CH32V307_TCP\obj/../User/main.c:103

u8 ADXL_ReadReg(u8 reg)
{
     56c:	c85ff2ef          	jal	t0,1f0 <__riscv_save_0>
     570:	1141                	addi	sp,sp,-16
     572:	842a                	mv	s0,a0
c:\Users\WaspYL\Desktop\c-language-practice\MRS代码\CH32V307_TCP\obj/../User/main.c:105
    u8 val;
    SoftI2C_Start();
     574:	359d                	jal	3da <SoftI2C_Start>
c:\Users\WaspYL\Desktop\c-language-practice\MRS代码\CH32V307_TCP\obj/../User/main.c:106
    SoftI2C_SendByte(ADXL_ADDR_W);
     576:	0a600513          	li	a0,166
     57a:	35fd                	jal	468 <SoftI2C_SendByte>
c:\Users\WaspYL\Desktop\c-language-practice\MRS代码\CH32V307_TCP\obj/../User/main.c:107
    SoftI2C_SendByte(reg);
     57c:	8522                	mv	a0,s0
     57e:	35ed                	jal	468 <SoftI2C_SendByte>
c:\Users\WaspYL\Desktop\c-language-practice\MRS代码\CH32V307_TCP\obj/../User/main.c:108
    SoftI2C_Start();
     580:	3da9                	jal	3da <SoftI2C_Start>
c:\Users\WaspYL\Desktop\c-language-practice\MRS代码\CH32V307_TCP\obj/../User/main.c:109
    SoftI2C_SendByte(ADXL_ADDR_R);
     582:	0a700513          	li	a0,167
     586:	35cd                	jal	468 <SoftI2C_SendByte>
c:\Users\WaspYL\Desktop\c-language-practice\MRS代码\CH32V307_TCP\obj/../User/main.c:110
    val = SoftI2C_ReadByte();
     588:	3f85                	jal	4f8 <SoftI2C_ReadByte>
     58a:	c62a                	sw	a0,12(sp)
c:\Users\WaspYL\Desktop\c-language-practice\MRS代码\CH32V307_TCP\obj/../User/main.c:111
    SoftI2C_Stop();
     58c:	3d79                	jal	42a <SoftI2C_Stop>
c:\Users\WaspYL\Desktop\c-language-practice\MRS代码\CH32V307_TCP\obj/../User/main.c:113
    return val;
}
     58e:	4532                	lw	a0,12(sp)
     590:	0141                	addi	sp,sp,16
     592:	b149                	j	214 <__riscv_restore_0>

00000594 <ADXL_ReadXYZ>:
ADXL_ReadXYZ():
c:\Users\WaspYL\Desktop\c-language-practice\MRS代码\CH32V307_TCP\obj/../User/main.c:116

void ADXL_ReadXYZ(s16 *ax, s16 *ay, s16 *az)
{
     594:	c43ff2ef          	jal	t0,1d6 <__riscv_save_4>
     598:	1141                	addi	sp,sp,-16
     59a:	c62e                	sw	a1,12(sp)
     59c:	c432                	sw	a2,8(sp)
     59e:	8aaa                	mv	s5,a0
c:\Users\WaspYL\Desktop\c-language-practice\MRS代码\CH32V307_TCP\obj/../User/main.c:118
    u8 buf[6];
    SoftI2C_Start();
     5a0:	3d2d                	jal	3da <SoftI2C_Start>
c:\Users\WaspYL\Desktop\c-language-practice\MRS代码\CH32V307_TCP\obj/../User/main.c:119
    SoftI2C_SendByte(ADXL_ADDR_W);
     5a2:	0a600513          	li	a0,166
     5a6:	35c9                	jal	468 <SoftI2C_SendByte>
c:\Users\WaspYL\Desktop\c-language-practice\MRS代码\CH32V307_TCP\obj/../User/main.c:120
    SoftI2C_SendByte(0x32 | 0x40);
     5a8:	07200513          	li	a0,114
     5ac:	3d75                	jal	468 <SoftI2C_SendByte>
c:\Users\WaspYL\Desktop\c-language-practice\MRS代码\CH32V307_TCP\obj/../User/main.c:121
    SoftI2C_Start();
     5ae:	3535                	jal	3da <SoftI2C_Start>
c:\Users\WaspYL\Desktop\c-language-practice\MRS代码\CH32V307_TCP\obj/../User/main.c:122
    SoftI2C_SendByte(ADXL_ADDR_R);
     5b0:	0a700513          	li	a0,167
     5b4:	3d55                	jal	468 <SoftI2C_SendByte>
c:\Users\WaspYL\Desktop\c-language-practice\MRS代码\CH32V307_TCP\obj/../User/main.c:123
    buf[0] = SoftI2C_ReadByte();
     5b6:	3789                	jal	4f8 <SoftI2C_ReadByte>
     5b8:	8b2a                	mv	s6,a0
c:\Users\WaspYL\Desktop\c-language-practice\MRS代码\CH32V307_TCP\obj/../User/main.c:124
    buf[1] = SoftI2C_ReadByte();
     5ba:	3f3d                	jal	4f8 <SoftI2C_ReadByte>
     5bc:	892a                	mv	s2,a0
c:\Users\WaspYL\Desktop\c-language-practice\MRS代码\CH32V307_TCP\obj/../User/main.c:125
    buf[2] = SoftI2C_ReadByte();
     5be:	3f2d                	jal	4f8 <SoftI2C_ReadByte>
     5c0:	8a2a                	mv	s4,a0
c:\Users\WaspYL\Desktop\c-language-practice\MRS代码\CH32V307_TCP\obj/../User/main.c:126
    buf[3] = SoftI2C_ReadByte();
     5c2:	3f1d                	jal	4f8 <SoftI2C_ReadByte>
     5c4:	84aa                	mv	s1,a0
c:\Users\WaspYL\Desktop\c-language-practice\MRS代码\CH32V307_TCP\obj/../User/main.c:127
    buf[4] = SoftI2C_ReadByte();
     5c6:	3f0d                	jal	4f8 <SoftI2C_ReadByte>
     5c8:	89aa                	mv	s3,a0
c:\Users\WaspYL\Desktop\c-language-practice\MRS代码\CH32V307_TCP\obj/../User/main.c:128
    buf[5] = SoftI2C_ReadByte();
     5ca:	373d                	jal	4f8 <SoftI2C_ReadByte>
     5cc:	c22a                	sw	a0,4(sp)
c:\Users\WaspYL\Desktop\c-language-practice\MRS代码\CH32V307_TCP\obj/../User/main.c:129
    SoftI2C_Stop();
     5ce:	3db1                	jal	42a <SoftI2C_Stop>
c:\Users\WaspYL\Desktop\c-language-practice\MRS代码\CH32V307_TCP\obj/../User/main.c:132
    *ax = (s16)(buf[0] | (buf[1]<<8));
    *ay = (s16)(buf[2] | (buf[3]<<8));
    *az = (s16)(buf[4] | (buf[5]<<8));
     5d0:	4512                	lw	a0,4(sp)
c:\Users\WaspYL\Desktop\c-language-practice\MRS代码\CH32V307_TCP\obj/../User/main.c:131
    *ay = (s16)(buf[2] | (buf[3]<<8));
     5d2:	45b2                	lw	a1,12(sp)
c:\Users\WaspYL\Desktop\c-language-practice\MRS代码\CH32V307_TCP\obj/../User/main.c:130
    *ax = (s16)(buf[0] | (buf[1]<<8));
     5d4:	0922                	slli	s2,s2,0x8
c:\Users\WaspYL\Desktop\c-language-practice\MRS代码\CH32V307_TCP\obj/../User/main.c:132
    *az = (s16)(buf[4] | (buf[5]<<8));
     5d6:	4622                	lw	a2,8(sp)
c:\Users\WaspYL\Desktop\c-language-practice\MRS代码\CH32V307_TCP\obj/../User/main.c:130
    *ax = (s16)(buf[0] | (buf[1]<<8));
     5d8:	01696933          	or	s2,s2,s6
c:\Users\WaspYL\Desktop\c-language-practice\MRS代码\CH32V307_TCP\obj/../User/main.c:131
    *ay = (s16)(buf[2] | (buf[3]<<8));
     5dc:	04a2                	slli	s1,s1,0x8
c:\Users\WaspYL\Desktop\c-language-practice\MRS代码\CH32V307_TCP\obj/../User/main.c:130
    *ax = (s16)(buf[0] | (buf[1]<<8));
     5de:	012a9023          	sh	s2,0(s5)
c:\Users\WaspYL\Desktop\c-language-practice\MRS代码\CH32V307_TCP\obj/../User/main.c:131
    *ay = (s16)(buf[2] | (buf[3]<<8));
     5e2:	0144e4b3          	or	s1,s1,s4
c:\Users\WaspYL\Desktop\c-language-practice\MRS代码\CH32V307_TCP\obj/../User/main.c:132
    *az = (s16)(buf[4] | (buf[5]<<8));
     5e6:	0522                	slli	a0,a0,0x8
c:\Users\WaspYL\Desktop\c-language-practice\MRS代码\CH32V307_TCP\obj/../User/main.c:131
    *ay = (s16)(buf[2] | (buf[3]<<8));
     5e8:	a186                	sh	s1,0(a1)
c:\Users\WaspYL\Desktop\c-language-practice\MRS代码\CH32V307_TCP\obj/../User/main.c:132
    *az = (s16)(buf[4] | (buf[5]<<8));
     5ea:	01356533          	or	a0,a0,s3
     5ee:	a20a                	sh	a0,0(a2)
c:\Users\WaspYL\Desktop\c-language-practice\MRS代码\CH32V307_TCP\obj/../User/main.c:133
}
     5f0:	0141                	addi	sp,sp,16
     5f2:	b921                	j	20a <__riscv_restore_4>

000005f4 <ADXL_Init>:
ADXL_Init():
c:\Users\WaspYL\Desktop\c-language-practice\MRS代码\CH32V307_TCP\obj/../User/main.c:136

void ADXL_Init(void)
{
     5f4:	bfdff2ef          	jal	t0,1f0 <__riscv_save_0>
c:\Users\WaspYL\Desktop\c-language-practice\MRS代码\CH32V307_TCP\obj/../User/main.c:137
    ADXL_WriteReg(0x2D, 0x08);
     5f8:	45a1                	li	a1,8
     5fa:	02d00513          	li	a0,45
     5fe:	37b1                	jal	54a <ADXL_WriteReg>
c:\Users\WaspYL\Desktop\c-language-practice\MRS代码\CH32V307_TCP\obj/../User/main.c:138
    ADXL_WriteReg(0x31, 0x00);
     600:	4581                	li	a1,0
     602:	03100513          	li	a0,49
     606:	3791                	jal	54a <ADXL_WriteReg>
c:\Users\WaspYL\Desktop\c-language-practice\MRS代码\CH32V307_TCP\obj/../User/main.c:139
}
     608:	b131                	j	214 <__riscv_restore_0>

0000060a <Beep_Init>:
Beep_Init():
c:\Users\WaspYL\Desktop\c-language-practice\MRS代码\CH32V307_TCP\obj/../User/main.c:143

// ==================== 蜂鸣器 PB1 ====================
void Beep_Init(void)
{
     60a:	be7ff2ef          	jal	t0,1f0 <__riscv_save_0>
     60e:	1141                	addi	sp,sp,-16
c:\Users\WaspYL\Desktop\c-language-practice\MRS代码\CH32V307_TCP\obj/../User/main.c:145
    GPIO_InitTypeDef GPIO_InitStruct = {0};
    RCC_APB2PeriphClockCmd(RCC_APB2Periph_GPIOB, ENABLE);
     610:	4585                	li	a1,1
     612:	4521                	li	a0,8
c:\Users\WaspYL\Desktop\c-language-practice\MRS代码\CH32V307_TCP\obj/../User/main.c:144
    GPIO_InitTypeDef GPIO_InitStruct = {0};
     614:	c202                	sw	zero,4(sp)
     616:	c402                	sw	zero,8(sp)
     618:	c602                	sw	zero,12(sp)
c:\Users\WaspYL\Desktop\c-language-practice\MRS代码\CH32V307_TCP\obj/../User/main.c:145
    RCC_APB2PeriphClockCmd(RCC_APB2Periph_GPIOB, ENABLE);
     61a:	315000ef          	jal	ra,112e <RCC_APB2PeriphClockCmd>
c:\Users\WaspYL\Desktop\c-language-practice\MRS代码\CH32V307_TCP\obj/../User/main.c:146
    GPIO_InitStruct.GPIO_Pin = GPIO_Pin_1;
     61e:	4789                	li	a5,2
c:\Users\WaspYL\Desktop\c-language-practice\MRS代码\CH32V307_TCP\obj/../User/main.c:149
    GPIO_InitStruct.GPIO_Mode = GPIO_Mode_Out_PP;
    GPIO_InitStruct.GPIO_Speed = GPIO_Speed_50MHz;
    GPIO_Init(GPIOB, &GPIO_InitStruct);
     620:	40011437          	lui	s0,0x40011
c:\Users\WaspYL\Desktop\c-language-practice\MRS代码\CH32V307_TCP\obj/../User/main.c:146
    GPIO_InitStruct.GPIO_Pin = GPIO_Pin_1;
     624:	827c                	sh	a5,4(sp)
c:\Users\WaspYL\Desktop\c-language-practice\MRS代码\CH32V307_TCP\obj/../User/main.c:147
    GPIO_InitStruct.GPIO_Mode = GPIO_Mode_Out_PP;
     626:	47c1                	li	a5,16
     628:	c63e                	sw	a5,12(sp)
c:\Users\WaspYL\Desktop\c-language-practice\MRS代码\CH32V307_TCP\obj/../User/main.c:149
    GPIO_Init(GPIOB, &GPIO_InitStruct);
     62a:	004c                	addi	a1,sp,4
c:\Users\WaspYL\Desktop\c-language-practice\MRS代码\CH32V307_TCP\obj/../User/main.c:148
    GPIO_InitStruct.GPIO_Speed = GPIO_Speed_50MHz;
     62c:	478d                	li	a5,3
c:\Users\WaspYL\Desktop\c-language-practice\MRS代码\CH32V307_TCP\obj/../User/main.c:149
    GPIO_Init(GPIOB, &GPIO_InitStruct);
     62e:	c0040513          	addi	a0,s0,-1024 # 40010c00 <_eusrstack+0x20008c00>
c:\Users\WaspYL\Desktop\c-language-practice\MRS代码\CH32V307_TCP\obj/../User/main.c:148
    GPIO_InitStruct.GPIO_Speed = GPIO_Speed_50MHz;
     632:	c43e                	sw	a5,8(sp)
c:\Users\WaspYL\Desktop\c-language-practice\MRS代码\CH32V307_TCP\obj/../User/main.c:149
    GPIO_Init(GPIOB, &GPIO_InitStruct);
     634:	08b000ef          	jal	ra,ebe <GPIO_Init>
c:\Users\WaspYL\Desktop\c-language-practice\MRS代码\CH32V307_TCP\obj/../User/main.c:150
    GPIO_WriteBit(GPIOB, GPIO_Pin_1, Bit_RESET);
     638:	4601                	li	a2,0
     63a:	4589                	li	a1,2
     63c:	c0040513          	addi	a0,s0,-1024
     640:	151000ef          	jal	ra,f90 <GPIO_WriteBit>
c:\Users\WaspYL\Desktop\c-language-practice\MRS代码\CH32V307_TCP\obj/../User/main.c:151
}
     644:	0141                	addi	sp,sp,16
     646:	b6f9                	j	214 <__riscv_restore_0>

00000648 <Beep_On>:
Beep_On():
c:\Users\WaspYL\Desktop\c-language-practice\MRS代码\CH32V307_TCP\obj/../User/main.c:153

void Beep_On(void)  { GPIO_WriteBit(GPIOB, GPIO_Pin_1, Bit_SET); }
     648:	ba9ff2ef          	jal	t0,1f0 <__riscv_save_0>
     64c:	40011537          	lui	a0,0x40011
     650:	4605                	li	a2,1
     652:	4589                	li	a1,2
     654:	c0050513          	addi	a0,a0,-1024 # 40010c00 <_eusrstack+0x20008c00>
     658:	139000ef          	jal	ra,f90 <GPIO_WriteBit>
     65c:	be65                	j	214 <__riscv_restore_0>

0000065e <Beep_Off>:
Beep_Off():
c:\Users\WaspYL\Desktop\c-language-practice\MRS代码\CH32V307_TCP\obj/../User/main.c:154
void Beep_Off(void) { GPIO_WriteBit(GPIOB, GPIO_Pin_1, Bit_RESET); }
     65e:	b93ff2ef          	jal	t0,1f0 <__riscv_save_0>
     662:	40011537          	lui	a0,0x40011
     666:	4601                	li	a2,0
     668:	4589                	li	a1,2
     66a:	c0050513          	addi	a0,a0,-1024 # 40010c00 <_eusrstack+0x20008c00>
     66e:	123000ef          	jal	ra,f90 <GPIO_WriteBit>
     672:	b64d                	j	214 <__riscv_restore_0>

00000674 <mStopIfError>:
mStopIfError():
c:\Users\WaspYL\Desktop\c-language-practice\MRS代码\CH32V307_TCP\obj/../User/main.c:159

// ==================== 错误检查 ====================
void mStopIfError(u8 iError)
{
    if (iError == WCHNET_ERR_SUCCESS) return;
     674:	c919                	beqz	a0,68a <mStopIfError+0x16>
c:\Users\WaspYL\Desktop\c-language-practice\MRS代码\CH32V307_TCP\obj/../User/main.c:158
{
     676:	b7bff2ef          	jal	t0,1f0 <__riscv_save_0>
     67a:	85aa                	mv	a1,a0
c:\Users\WaspYL\Desktop\c-language-practice\MRS代码\CH32V307_TCP\obj/../User/main.c:160
    printf("Error: %02X\r\n", (u16)iError);
     67c:	00009537          	lui	a0,0x9
     680:	4bc50513          	addi	a0,a0,1212 # 94bc <strlen+0x10c>
     684:	3e5080ef          	jal	ra,9268 <printf>
c:\Users\WaspYL\Desktop\c-language-practice\MRS代码\CH32V307_TCP\obj/../User/main.c:161
}
     688:	b671                	j	214 <__riscv_restore_0>
     68a:	8082                	ret

0000068c <TIM2_Init>:
TIM2_Init():
c:\Users\WaspYL\Desktop\c-language-practice\MRS代码\CH32V307_TCP\obj/../User/main.c:165

// ==================== TIM2 网络定时器 ====================
void TIM2_Init(void)
{
     68c:	b65ff2ef          	jal	t0,1f0 <__riscv_save_0>
     690:	1141                	addi	sp,sp,-16
c:\Users\WaspYL\Desktop\c-language-practice\MRS代码\CH32V307_TCP\obj/../User/main.c:167
    TIM_TimeBaseInitTypeDef TIM_TimeBaseStructure = {0};
    RCC_APB1PeriphClockCmd(RCC_APB1Periph_TIM2, ENABLE);
     692:	4585                	li	a1,1
     694:	4505                	li	a0,1
c:\Users\WaspYL\Desktop\c-language-practice\MRS代码\CH32V307_TCP\obj/../User/main.c:166
    TIM_TimeBaseInitTypeDef TIM_TimeBaseStructure = {0};
     696:	c202                	sw	zero,4(sp)
     698:	c402                	sw	zero,8(sp)
     69a:	00011623          	sh	zero,12(sp)
c:\Users\WaspYL\Desktop\c-language-practice\MRS代码\CH32V307_TCP\obj/../User/main.c:167
    RCC_APB1PeriphClockCmd(RCC_APB1Periph_TIM2, ENABLE);
     69e:	2af000ef          	jal	ra,114c <RCC_APB1PeriphClockCmd>
c:\Users\WaspYL\Desktop\c-language-practice\MRS代码\CH32V307_TCP\obj/../User/main.c:168
    TIM_TimeBaseStructure.TIM_Period = SystemCoreClock / 1000000;
     6a2:	8141a783          	lw	a5,-2028(gp) # 20000034 <SystemCoreClock>
     6a6:	000f4737          	lui	a4,0xf4
     6aa:	24070713          	addi	a4,a4,576 # f4240 <_data_lma+0xeac0c>
     6ae:	02e7d7b3          	divu	a5,a5,a4
c:\Users\WaspYL\Desktop\c-language-practice\MRS代码\CH32V307_TCP\obj/../User/main.c:172
    TIM_TimeBaseStructure.TIM_Prescaler = WCHNETTIMERPERIOD * 1000 - 1;
    TIM_TimeBaseStructure.TIM_ClockDivision = 0;
    TIM_TimeBaseStructure.TIM_CounterMode = TIM_CounterMode_Up;
    TIM_TimeBaseInit(TIM2, &TIM_TimeBaseStructure);
     6b2:	004c                	addi	a1,sp,4
     6b4:	40000537          	lui	a0,0x40000
c:\Users\WaspYL\Desktop\c-language-practice\MRS代码\CH32V307_TCP\obj/../User/main.c:170
    TIM_TimeBaseStructure.TIM_ClockDivision = 0;
     6b8:	00011523          	sh	zero,10(sp)
c:\Users\WaspYL\Desktop\c-language-practice\MRS代码\CH32V307_TCP\obj/../User/main.c:168
    TIM_TimeBaseStructure.TIM_Period = SystemCoreClock / 1000000;
     6bc:	847c                	sh	a5,8(sp)
c:\Users\WaspYL\Desktop\c-language-practice\MRS代码\CH32V307_TCP\obj/../User/main.c:169
    TIM_TimeBaseStructure.TIM_Prescaler = WCHNETTIMERPERIOD * 1000 - 1;
     6be:	6789                	lui	a5,0x2
     6c0:	70f78793          	addi	a5,a5,1807 # 270f <LwipTCPSendCallBack+0x31>
     6c4:	c23e                	sw	a5,4(sp)
c:\Users\WaspYL\Desktop\c-language-practice\MRS代码\CH32V307_TCP\obj/../User/main.c:172
    TIM_TimeBaseInit(TIM2, &TIM_TimeBaseStructure);
     6c6:	337000ef          	jal	ra,11fc <TIM_TimeBaseInit>
c:\Users\WaspYL\Desktop\c-language-practice\MRS代码\CH32V307_TCP\obj/../User/main.c:173
    TIM_ITConfig(TIM2, TIM_IT_Update, ENABLE);
     6ca:	4605                	li	a2,1
     6cc:	4585                	li	a1,1
     6ce:	40000537          	lui	a0,0x40000
     6d2:	431000ef          	jal	ra,1302 <TIM_ITConfig>
c:\Users\WaspYL\Desktop\c-language-practice\MRS代码\CH32V307_TCP\obj/../User/main.c:174
    TIM_Cmd(TIM2, ENABLE);
     6d6:	4585                	li	a1,1
     6d8:	40000537          	lui	a0,0x40000
     6dc:	40f000ef          	jal	ra,12ea <TIM_Cmd>
c:\Users\WaspYL\Desktop\c-language-practice\MRS代码\CH32V307_TCP\obj/../User/main.c:175
    TIM_ClearITPendingBit(TIM2, TIM_IT_Update);
     6e0:	4585                	li	a1,1
     6e2:	40000537          	lui	a0,0x40000
     6e6:	42f000ef          	jal	ra,1314 <TIM_ClearITPendingBit>
NVIC_EnableIRQ():
c:/Users/WaspYL/Desktop/c-language-practice/MRS代码/CH32V307_TCP/Core/core_riscv.h:170
  NVIC->IENR[((uint32_t)(IRQn) >> 5)] = (1 << ((uint32_t)(IRQn) & 0x1F));
     6ea:	e000e7b7          	lui	a5,0xe000e
     6ee:	6705                	lui	a4,0x1
     6f0:	10e7a223          	sw	a4,260(a5) # e000e104 <_eusrstack+0xc0006104>
TIM2_Init():
c:\Users\WaspYL\Desktop\c-language-practice\MRS代码\CH32V307_TCP\obj/../User/main.c:177
    NVIC_EnableIRQ(TIM2_IRQn);
}
     6f4:	0141                	addi	sp,sp,16
     6f6:	be39                	j	214 <__riscv_restore_0>

000006f8 <WCHNET_CreateTcpSocket>:
WCHNET_CreateTcpSocket():
c:\Users\WaspYL\Desktop\c-language-practice\MRS代码\CH32V307_TCP\obj/../User/main.c:181

// ==================== 创建TCP Socket ====================
void WCHNET_CreateTcpSocket(void)
{
     6f8:	af9ff2ef          	jal	t0,1f0 <__riscv_save_0>
     6fc:	7139                	addi	sp,sp,-64
c:\Users\WaspYL\Desktop\c-language-practice\MRS代码\CH32V307_TCP\obj/../User/main.c:184
    u8 i;
    SOCK_INF TmpSocketInf;
    memset((void *)&TmpSocketInf, 0, sizeof(SOCK_INF));
     6fe:	03c00613          	li	a2,60
     702:	4581                	li	a1,0
     704:	0048                	addi	a0,sp,4
     706:	3e29                	jal	220 <memset>
c:\Users\WaspYL\Desktop\c-language-practice\MRS代码\CH32V307_TCP\obj/../User/main.c:185
    memcpy((void *)TmpSocketInf.IPAddr, DESIP, 4);
     708:	200007b7          	lui	a5,0x20000
     70c:	0207a783          	lw	a5,32(a5) # 20000020 <DESIP>
c:\Users\WaspYL\Desktop\c-language-practice\MRS代码\CH32V307_TCP\obj/../User/main.c:190
    TmpSocketInf.DesPort = desport;
    TmpSocketInf.SourPort = srcport++;
    TmpSocketInf.ProtoType = PROTO_TYPE_TCP;
    TmpSocketInf.RecvBufLen = RECE_BUF_LEN;
    i = WCHNET_SocketCreat(&SocketId, &TmpSocketInf);
     710:	85e18413          	addi	s0,gp,-1954 # 2000007e <SocketId>
c:\Users\WaspYL\Desktop\c-language-practice\MRS代码\CH32V307_TCP\obj/../User/main.c:185
    memcpy((void *)TmpSocketInf.IPAddr, DESIP, 4);
     714:	d83e                	sw	a5,48(sp)
c:\Users\WaspYL\Desktop\c-language-practice\MRS代码\CH32V307_TCP\obj/../User/main.c:186
    TmpSocketInf.DesPort = desport;
     716:	8101d783          	lhu	a5,-2032(gp) # 20000030 <desport>
c:\Users\WaspYL\Desktop\c-language-practice\MRS代码\CH32V307_TCP\obj/../User/main.c:190
    i = WCHNET_SocketCreat(&SocketId, &TmpSocketInf);
     71a:	004c                	addi	a1,sp,4
     71c:	85e18513          	addi	a0,gp,-1954 # 2000007e <SocketId>
c:\Users\WaspYL\Desktop\c-language-practice\MRS代码\CH32V307_TCP\obj/../User/main.c:186
    TmpSocketInf.DesPort = desport;
     720:	d43e                	sw	a5,40(sp)
c:\Users\WaspYL\Desktop\c-language-practice\MRS代码\CH32V307_TCP\obj/../User/main.c:187
    TmpSocketInf.SourPort = srcport++;
     722:	81218793          	addi	a5,gp,-2030 # 20000032 <srcport>
     726:	239a                	lhu	a4,0(a5)
     728:	00170693          	addi	a3,a4,1 # 1001 <RCC_GetClocksFreq+0x67>
     72c:	a396                	sh	a3,0(a5)
c:\Users\WaspYL\Desktop\c-language-practice\MRS代码\CH32V307_TCP\obj/../User/main.c:188
    TmpSocketInf.ProtoType = PROTO_TYPE_TCP;
     72e:	478d                	li	a5,3
     730:	d03e                	sw	a5,32(sp)
c:\Users\WaspYL\Desktop\c-language-practice\MRS代码\CH32V307_TCP\obj/../User/main.c:189
    TmpSocketInf.RecvBufLen = RECE_BUF_LEN;
     732:	6785                	lui	a5,0x1
     734:	b6878793          	addi	a5,a5,-1176 # b68 <SystemCoreClockUpdate+0x3a>
c:\Users\WaspYL\Desktop\c-language-practice\MRS代码\CH32V307_TCP\obj/../User/main.c:187
    TmpSocketInf.SourPort = srcport++;
     738:	d63a                	sw	a4,44(sp)
c:\Users\WaspYL\Desktop\c-language-practice\MRS代码\CH32V307_TCP\obj/../User/main.c:189
    TmpSocketInf.RecvBufLen = RECE_BUF_LEN;
     73a:	c83e                	sw	a5,16(sp)
c:\Users\WaspYL\Desktop\c-language-practice\MRS代码\CH32V307_TCP\obj/../User/main.c:190
    i = WCHNET_SocketCreat(&SocketId, &TmpSocketInf);
     73c:	560020ef          	jal	ra,2c9c <WCHNET_SocketCreat>
c:\Users\WaspYL\Desktop\c-language-practice\MRS代码\CH32V307_TCP\obj/../User/main.c:191
    printf("SocketId %d\r\n", SocketId);
     740:	200c                	lbu	a1,0(s0)
c:\Users\WaspYL\Desktop\c-language-practice\MRS代码\CH32V307_TCP\obj/../User/main.c:190
    i = WCHNET_SocketCreat(&SocketId, &TmpSocketInf);
     742:	84aa                	mv	s1,a0
c:\Users\WaspYL\Desktop\c-language-practice\MRS代码\CH32V307_TCP\obj/../User/main.c:191
    printf("SocketId %d\r\n", SocketId);
     744:	00009537          	lui	a0,0x9
     748:	40850513          	addi	a0,a0,1032 # 9408 <strlen+0x58>
     74c:	31d080ef          	jal	ra,9268 <printf>
c:\Users\WaspYL\Desktop\c-language-practice\MRS代码\CH32V307_TCP\obj/../User/main.c:192
    mStopIfError(i);
     750:	8526                	mv	a0,s1
     752:	370d                	jal	674 <mStopIfError>
c:\Users\WaspYL\Desktop\c-language-practice\MRS代码\CH32V307_TCP\obj/../User/main.c:193
    i = WCHNET_SocketConnect(SocketId);
     754:	2008                	lbu	a0,0(s0)
     756:	537020ef          	jal	ra,348c <WCHNET_SocketConnect>
c:\Users\WaspYL\Desktop\c-language-practice\MRS代码\CH32V307_TCP\obj/../User/main.c:194
    mStopIfError(i);
     75a:	3f29                	jal	674 <mStopIfError>
c:\Users\WaspYL\Desktop\c-language-practice\MRS代码\CH32V307_TCP\obj/../User/main.c:195
}
     75c:	6121                	addi	sp,sp,64
     75e:	bc5d                	j	214 <__riscv_restore_0>

00000760 <WCHNET_HandleSockInt>:
WCHNET_HandleSockInt():
c:\Users\WaspYL\Desktop\c-language-practice\MRS代码\CH32V307_TCP\obj/../User/main.c:199

// ==================== Socket中断处理 ====================
void WCHNET_HandleSockInt(u8 socketid, u8 intstat)
{
     760:	a91ff2ef          	jal	t0,1f0 <__riscv_save_0>
c:\Users\WaspYL\Desktop\c-language-practice\MRS代码\CH32V307_TCP\obj/../User/main.c:201
    u8 i;
    if(intstat & SINT_STAT_RECV)
     764:	0045f793          	andi	a5,a1,4
c:\Users\WaspYL\Desktop\c-language-practice\MRS代码\CH32V307_TCP\obj/../User/main.c:199
{
     768:	1141                	addi	sp,sp,-16
     76a:	842a                	mv	s0,a0
     76c:	84ae                	mv	s1,a1
c:\Users\WaspYL\Desktop\c-language-practice\MRS代码\CH32V307_TCP\obj/../User/main.c:201
    if(intstat & SINT_STAT_RECV)
     76e:	c78d                	beqz	a5,798 <WCHNET_HandleSockInt+0x38>
c:\Users\WaspYL\Desktop\c-language-practice\MRS代码\CH32V307_TCP\obj/../User/main.c:205
    {
        // 收到电脑数据，原样回发（演示用）
        u32 len;
        len = SocketInf[socketid].RecvRemLen;
     770:	03c00713          	li	a4,60
     774:	02e50733          	mul	a4,a0,a4
     778:	200077b7          	lui	a5,0x20007
     77c:	33c78793          	addi	a5,a5,828 # 2000733c <SocketInf>
c:\Users\WaspYL\Desktop\c-language-practice\MRS代码\CH32V307_TCP\obj/../User/main.c:206
        WCHNET_SocketSend(socketid, (u8*)SocketInf[socketid].RecvReadPoint, &len);
     780:	0070                	addi	a2,sp,12
c:\Users\WaspYL\Desktop\c-language-practice\MRS代码\CH32V307_TCP\obj/../User/main.c:205
        len = SocketInf[socketid].RecvRemLen;
     782:	97ba                	add	a5,a5,a4
     784:	4f98                	lw	a4,24(a5)
     786:	c63a                	sw	a4,12(sp)
c:\Users\WaspYL\Desktop\c-language-practice\MRS代码\CH32V307_TCP\obj/../User/main.c:206
        WCHNET_SocketSend(socketid, (u8*)SocketInf[socketid].RecvReadPoint, &len);
     788:	4bcc                	lw	a1,20(a5)
     78a:	2e3020ef          	jal	ra,326c <WCHNET_SocketSend>
c:\Users\WaspYL\Desktop\c-language-practice\MRS代码\CH32V307_TCP\obj/../User/main.c:207
        WCHNET_SocketRecv(socketid, NULL, &len);
     78e:	0070                	addi	a2,sp,12
     790:	4581                	li	a1,0
     792:	8522                	mv	a0,s0
     794:	784020ef          	jal	ra,2f18 <WCHNET_SocketRecv>
c:\Users\WaspYL\Desktop\c-language-practice\MRS代码\CH32V307_TCP\obj/../User/main.c:209
    }
    if(intstat & SINT_STAT_CONNECT)
     798:	0084f793          	andi	a5,s1,8
     79c:	c7a1                	beqz	a5,7e4 <WCHNET_HandleSockInt+0x84>
c:\Users\WaspYL\Desktop\c-language-practice\MRS代码\CH32V307_TCP\obj/../User/main.c:212
    {
#if KEEPALIVE_ENABLE
        WCHNET_SocketSetKeepLive(socketid, ENABLE);
     79e:	4585                	li	a1,1
     7a0:	8522                	mv	a0,s0
     7a2:	497020ef          	jal	ra,3438 <WCHNET_SocketSetKeepLive>
c:\Users\WaspYL\Desktop\c-language-practice\MRS代码\CH32V307_TCP\obj/../User/main.c:214
#endif
        WCHNET_ModifyRecvBuf(socketid, (u32)SocketRecvBuf[socketid], RECE_BUF_LEN);
     7a6:	6605                	lui	a2,0x1
     7a8:	b6860613          	addi	a2,a2,-1176 # b68 <SystemCoreClockUpdate+0x3a>
     7ac:	02c405b3          	mul	a1,s0,a2
     7b0:	200007b7          	lui	a5,0x20000
     7b4:	17078793          	addi	a5,a5,368 # 20000170 <SocketRecvBuf>
     7b8:	8522                	mv	a0,s0
     7ba:	95be                	add	a1,a1,a5
     7bc:	70a020ef          	jal	ra,2ec6 <WCHNET_ModifyRecvBuf>
c:\Users\WaspYL\Desktop\c-language-practice\MRS代码\CH32V307_TCP\obj/../User/main.c:216
        for(i=0; i<WCHNET_MAX_SOCKET_NUM; i++) {
            if(socket[i] == 0xff) { socket[i] = socketid; break; }
     7c0:	86018793          	addi	a5,gp,-1952 # 20000080 <socket>
     7c4:	2394                	lbu	a3,0(a5)
     7c6:	0ff00713          	li	a4,255
     7ca:	00e69363          	bne	a3,a4,7d0 <WCHNET_HandleSockInt+0x70>
c:\Users\WaspYL\Desktop\c-language-practice\MRS代码\CH32V307_TCP\obj/../User/main.c:216 (discriminator 1)
     7ce:	a380                	sb	s0,0(a5)
c:\Users\WaspYL\Desktop\c-language-practice\MRS代码\CH32V307_TCP\obj/../User/main.c:219
        }
        tcp_connected = 1;
        printf(">>> TCP Connect Success! socket id: %d\r\n", socketid);
     7d0:	00009537          	lui	a0,0x9
c:\Users\WaspYL\Desktop\c-language-practice\MRS代码\CH32V307_TCP\obj/../User/main.c:218
        tcp_connected = 1;
     7d4:	4705                	li	a4,1
c:\Users\WaspYL\Desktop\c-language-practice\MRS代码\CH32V307_TCP\obj/../User/main.c:219
        printf(">>> TCP Connect Success! socket id: %d\r\n", socketid);
     7d6:	85a2                	mv	a1,s0
     7d8:	45c50513          	addi	a0,a0,1116 # 945c <strlen+0xac>
c:\Users\WaspYL\Desktop\c-language-practice\MRS代码\CH32V307_TCP\obj/../User/main.c:218
        tcp_connected = 1;
     7dc:	86e180a3          	sb	a4,-1951(gp) # 20000081 <tcp_connected>
c:\Users\WaspYL\Desktop\c-language-practice\MRS代码\CH32V307_TCP\obj/../User/main.c:219
        printf(">>> TCP Connect Success! socket id: %d\r\n", socketid);
     7e0:	289080ef          	jal	ra,9268 <printf>
c:\Users\WaspYL\Desktop\c-language-practice\MRS代码\CH32V307_TCP\obj/../User/main.c:221
    }
    if(intstat & SINT_STAT_DISCONNECT)
     7e4:	0104f793          	andi	a5,s1,16
     7e8:	c38d                	beqz	a5,80a <__stack_size+0xa>
c:\Users\WaspYL\Desktop\c-language-practice\MRS代码\CH32V307_TCP\obj/../User/main.c:224
    {
        for(i=0; i<WCHNET_MAX_SOCKET_NUM; i++) {
            if(socket[i] == socketid) { socket[i] = 0xff; break; }
     7ea:	86018793          	addi	a5,gp,-1952 # 20000080 <socket>
     7ee:	2398                	lbu	a4,0(a5)
     7f0:	00871463          	bne	a4,s0,7f8 <WCHNET_HandleSockInt+0x98>
c:\Users\WaspYL\Desktop\c-language-practice\MRS代码\CH32V307_TCP\obj/../User/main.c:224 (discriminator 1)
     7f4:	577d                	li	a4,-1
     7f6:	a398                	sb	a4,0(a5)
c:\Users\WaspYL\Desktop\c-language-practice\MRS代码\CH32V307_TCP\obj/../User/main.c:226
        }
        tcp_connected = 0;
     7f8:	860180a3          	sb	zero,-1951(gp) # 20000081 <tcp_connected>
c:\Users\WaspYL\Desktop\c-language-practice\MRS代码\CH32V307_TCP\obj/../User/main.c:227
        Beep_Off();
     7fc:	358d                	jal	65e <Beep_Off>
c:\Users\WaspYL\Desktop\c-language-practice\MRS代码\CH32V307_TCP\obj/../User/main.c:228
        printf(">>> TCP Disconnect\r\n");
     7fe:	00009537          	lui	a0,0x9
     802:	48850513          	addi	a0,a0,1160 # 9488 <strlen+0xd8>
     806:	2af080ef          	jal	ra,92b4 <puts>
c:\Users\WaspYL\Desktop\c-language-practice\MRS代码\CH32V307_TCP\obj/../User/main.c:230
    }
    if(intstat & SINT_STAT_TIM_OUT)
     80a:	0404f493          	andi	s1,s1,64
     80e:	c08d                	beqz	s1,830 <__stack_size+0x30>
c:\Users\WaspYL\Desktop\c-language-practice\MRS代码\CH32V307_TCP\obj/../User/main.c:233
    {
        for(i=0; i<WCHNET_MAX_SOCKET_NUM; i++) {
            if(socket[i] == socketid) { socket[i] = 0xff; break; }
     810:	86018793          	addi	a5,gp,-1952 # 20000080 <socket>
     814:	2398                	lbu	a4,0(a5)
     816:	00871463          	bne	a4,s0,81e <__stack_size+0x1e>
c:\Users\WaspYL\Desktop\c-language-practice\MRS代码\CH32V307_TCP\obj/../User/main.c:233 (discriminator 1)
     81a:	577d                	li	a4,-1
     81c:	a398                	sb	a4,0(a5)
c:\Users\WaspYL\Desktop\c-language-practice\MRS代码\CH32V307_TCP\obj/../User/main.c:236
        }
        tcp_connected = 0;
        printf(">>> TCP Timeout, reconnect...\r\n");
     81e:	00009537          	lui	a0,0x9
     822:	49c50513          	addi	a0,a0,1180 # 949c <strlen+0xec>
c:\Users\WaspYL\Desktop\c-language-practice\MRS代码\CH32V307_TCP\obj/../User/main.c:235
        tcp_connected = 0;
     826:	860180a3          	sb	zero,-1951(gp) # 20000081 <tcp_connected>
c:\Users\WaspYL\Desktop\c-language-practice\MRS代码\CH32V307_TCP\obj/../User/main.c:236
        printf(">>> TCP Timeout, reconnect...\r\n");
     82a:	28b080ef          	jal	ra,92b4 <puts>
c:\Users\WaspYL\Desktop\c-language-practice\MRS代码\CH32V307_TCP\obj/../User/main.c:237
        WCHNET_CreateTcpSocket();
     82e:	35e9                	jal	6f8 <WCHNET_CreateTcpSocket>
c:\Users\WaspYL\Desktop\c-language-practice\MRS代码\CH32V307_TCP\obj/../User/main.c:239
    }
}
     830:	0141                	addi	sp,sp,16
     832:	9e3ff06f          	j	214 <__riscv_restore_0>

00000836 <WCHNET_HandleGlobalInt>:
WCHNET_HandleGlobalInt():
c:\Users\WaspYL\Desktop\c-language-practice\MRS代码\CH32V307_TCP\obj/../User/main.c:243

// ==================== 全局中断处理 ====================
void WCHNET_HandleGlobalInt(void)
{
     836:	9bbff2ef          	jal	t0,1f0 <__riscv_save_0>
c:\Users\WaspYL\Desktop\c-language-practice\MRS代码\CH32V307_TCP\obj/../User/main.c:247
    u8 intstat;
    u16 i;
    u8 socketint;
    intstat = WCHNET_GetGlobalInt();
     83a:	3b7020ef          	jal	ra,33f0 <WCHNET_GetGlobalInt>
c:\Users\WaspYL\Desktop\c-language-practice\MRS代码\CH32V307_TCP\obj/../User/main.c:248
    if(intstat & GINT_STAT_UNREACH)       printf("GINT_STAT_UNREACH\r\n");
     83e:	00157793          	andi	a5,a0,1
c:\Users\WaspYL\Desktop\c-language-practice\MRS代码\CH32V307_TCP\obj/../User/main.c:247
    intstat = WCHNET_GetGlobalInt();
     842:	842a                	mv	s0,a0
c:\Users\WaspYL\Desktop\c-language-practice\MRS代码\CH32V307_TCP\obj/../User/main.c:248
    if(intstat & GINT_STAT_UNREACH)       printf("GINT_STAT_UNREACH\r\n");
     844:	c799                	beqz	a5,852 <WCHNET_HandleGlobalInt+0x1c>
c:\Users\WaspYL\Desktop\c-language-practice\MRS代码\CH32V307_TCP\obj/../User/main.c:248 (discriminator 1)
     846:	00009537          	lui	a0,0x9
     84a:	41850513          	addi	a0,a0,1048 # 9418 <strlen+0x68>
     84e:	267080ef          	jal	ra,92b4 <puts>
c:\Users\WaspYL\Desktop\c-language-practice\MRS代码\CH32V307_TCP\obj/../User/main.c:249
    if(intstat & GINT_STAT_IP_CONFLI)     printf("GINT_STAT_IP_CONFLI\r\n");
     852:	00247793          	andi	a5,s0,2
     856:	c799                	beqz	a5,864 <WCHNET_HandleGlobalInt+0x2e>
c:\Users\WaspYL\Desktop\c-language-practice\MRS代码\CH32V307_TCP\obj/../User/main.c:249 (discriminator 1)
     858:	00009537          	lui	a0,0x9
     85c:	42c50513          	addi	a0,a0,1068 # 942c <strlen+0x7c>
     860:	255080ef          	jal	ra,92b4 <puts>
c:\Users\WaspYL\Desktop\c-language-practice\MRS代码\CH32V307_TCP\obj/../User/main.c:250
    if(intstat & GINT_STAT_PHY_CHANGE)
     864:	00447793          	andi	a5,s0,4
     868:	cb99                	beqz	a5,87e <WCHNET_HandleGlobalInt+0x48>
c:\Users\WaspYL\Desktop\c-language-practice\MRS代码\CH32V307_TCP\obj/../User/main.c:252
    {
        i = WCHNET_GetPHYStatus();
     86a:	3c5020ef          	jal	ra,342e <WCHNET_GetPHYStatus>
c:\Users\WaspYL\Desktop\c-language-practice\MRS代码\CH32V307_TCP\obj/../User/main.c:253
        if(i & PHY_Linked_Status) printf(">>> PHY Link Success\r\n");
     86e:	8911                	andi	a0,a0,4
     870:	c519                	beqz	a0,87e <WCHNET_HandleGlobalInt+0x48>
c:\Users\WaspYL\Desktop\c-language-practice\MRS代码\CH32V307_TCP\obj/../User/main.c:253 (discriminator 1)
     872:	00009537          	lui	a0,0x9
     876:	44450513          	addi	a0,a0,1092 # 9444 <strlen+0x94>
     87a:	23b080ef          	jal	ra,92b4 <puts>
c:\Users\WaspYL\Desktop\c-language-practice\MRS代码\CH32V307_TCP\obj/../User/main.c:255
    }
    if(intstat & GINT_STAT_SOCKET)
     87e:	8841                	andi	s0,s0,16
     880:	e019                	bnez	s0,886 <WCHNET_HandleGlobalInt+0x50>
c:\Users\WaspYL\Desktop\c-language-practice\MRS代码\CH32V307_TCP\obj/../User/main.c:262
        for(i=0; i<WCHNET_MAX_SOCKET_NUM; i++) {
            socketint = WCHNET_GetSocketInt(i);
            if(socketint) WCHNET_HandleSockInt(i, socketint);
        }
    }
}
     882:	993ff06f          	j	214 <__riscv_restore_0>
c:\Users\WaspYL\Desktop\c-language-practice\MRS代码\CH32V307_TCP\obj/../User/main.c:258
            socketint = WCHNET_GetSocketInt(i);
     886:	4501                	li	a0,0
     888:	37d020ef          	jal	ra,3404 <WCHNET_GetSocketInt>
     88c:	85aa                	mv	a1,a0
c:\Users\WaspYL\Desktop\c-language-practice\MRS代码\CH32V307_TCP\obj/../User/main.c:259
            if(socketint) WCHNET_HandleSockInt(i, socketint);
     88e:	d975                	beqz	a0,882 <WCHNET_HandleGlobalInt+0x4c>
     890:	4501                	li	a0,0
     892:	35f9                	jal	760 <WCHNET_HandleSockInt>
     894:	b7fd                	j	882 <WCHNET_HandleGlobalInt+0x4c>

00000896 <main>:
main():
c:\Users\WaspYL\Desktop\c-language-practice\MRS代码\CH32V307_TCP\obj/../User/main.c:266

// ==================== 主函数 ====================
int main(void)
{
     896:	933ff2ef          	jal	t0,1c8 <__riscv_save_10>
     89a:	711d                	addi	sp,sp,-96
c:\Users\WaspYL\Desktop\c-language-practice\MRS代码\CH32V307_TCP\obj/../User/main.c:274
    s16 lastX=0, lastY=0, lastZ=0;
    u16 shake;
    u8 level;
    char txbuf[64];

    SystemCoreClockUpdate();
     89c:	2c49                	jal	b2e <SystemCoreClockUpdate>
c:\Users\WaspYL\Desktop\c-language-practice\MRS代码\CH32V307_TCP\obj/../User/main.c:275
    Delay_Init();
     89e:	0c9010ef          	jal	ra,2166 <Delay_Init>
c:\Users\WaspYL\Desktop\c-language-practice\MRS代码\CH32V307_TCP\obj/../User/main.c:276
    USART_Printf_Init(115200);
     8a2:	6571                	lui	a0,0x1c
     8a4:	20050513          	addi	a0,a0,512 # 1c200 <_data_lma+0x12bcc>
     8a8:	151010ef          	jal	ra,21f8 <USART_Printf_Init>
c:\Users\WaspYL\Desktop\c-language-practice\MRS代码\CH32V307_TCP\obj/../User/main.c:277
    printf("\r\n=== CH32V307 Vibration Monitor ===\r\n");
     8ac:	00009537          	lui	a0,0x9
     8b0:	4cc50513          	addi	a0,a0,1228 # 94cc <strlen+0x11c>
     8b4:	201080ef          	jal	ra,92b4 <puts>
c:\Users\WaspYL\Desktop\c-language-practice\MRS代码\CH32V307_TCP\obj/../User/main.c:280

    // 初始化ADXL345和蜂鸣器
    SoftI2C_Init();
     8b8:	3cd1                	jal	38c <SoftI2C_Init>
c:\Users\WaspYL\Desktop\c-language-practice\MRS代码\CH32V307_TCP\obj/../User/main.c:281
    ADXL_Init();
     8ba:	3b2d                	jal	5f4 <ADXL_Init>
c:\Users\WaspYL\Desktop\c-language-practice\MRS代码\CH32V307_TCP\obj/../User/main.c:282
    Beep_Init();
     8bc:	33b9                	jal	60a <Beep_Init>
c:\Users\WaspYL\Desktop\c-language-practice\MRS代码\CH32V307_TCP\obj/../User/main.c:285

    // 读一次DEVID验证ADXL345
    printf("ADXL345 DEVID = %d (should be 229)\r\n", ADXL_ReadReg(0x00));
     8be:	4501                	li	a0,0
     8c0:	3175                	jal	56c <ADXL_ReadReg>
     8c2:	85aa                	mv	a1,a0
     8c4:	00009537          	lui	a0,0x9
     8c8:	4f450513          	addi	a0,a0,1268 # 94f4 <strlen+0x144>
     8cc:	19d080ef          	jal	ra,9268 <printf>
c:\Users\WaspYL\Desktop\c-language-practice\MRS代码\CH32V307_TCP\obj/../User/main.c:288

    // 初始化以太网
    WCHNET_GetMacAddr(MACAddr);
     8d0:	85818513          	addi	a0,gp,-1960 # 20000078 <_edata>
     8d4:	395000ef          	jal	ra,1468 <WCHNET_GetMacAddr>
     8d8:	85818413          	addi	s0,gp,-1960 # 20000078 <_edata>
c:\Users\WaspYL\Desktop\c-language-practice\MRS代码\CH32V307_TCP\obj/../User/main.c:289
    printf("MAC: %02x:%02x:%02x:%02x:%02x:%02x\r\n",
     8dc:	00544803          	lbu	a6,5(s0)
     8e0:	205c                	lbu	a5,4(s0)
     8e2:	3038                	lbu	a4,3(s0)
     8e4:	2034                	lbu	a3,2(s0)
     8e6:	3010                	lbu	a2,1(s0)
     8e8:	200c                	lbu	a1,0(s0)
     8ea:	00009537          	lui	a0,0x9
     8ee:	51c50513          	addi	a0,a0,1308 # 951c <strlen+0x16c>
     8f2:	177080ef          	jal	ra,9268 <printf>
c:\Users\WaspYL\Desktop\c-language-practice\MRS代码\CH32V307_TCP\obj/../User/main.c:291
           MACAddr[0],MACAddr[1],MACAddr[2],MACAddr[3],MACAddr[4],MACAddr[5]);
    printf("Board IP: 192.168.1.100, Connecting to 192.168.1.10:8888...\r\n");
     8f6:	00009537          	lui	a0,0x9
     8fa:	54450513          	addi	a0,a0,1348 # 9544 <strlen+0x194>
     8fe:	1b7080ef          	jal	ra,92b4 <puts>
c:\Users\WaspYL\Desktop\c-language-practice\MRS代码\CH32V307_TCP\obj/../User/main.c:293

    TIM2_Init();
     902:	3369                	jal	68c <TIM2_Init>
c:\Users\WaspYL\Desktop\c-language-practice\MRS代码\CH32V307_TCP\obj/../User/main.c:294
    i = ETH_LibInit(IPAddr, GWIPAddr, IPMask, MACAddr);
     904:	85818693          	addi	a3,gp,-1960 # 20000078 <_edata>
     908:	80c18613          	addi	a2,gp,-2036 # 2000002c <IPMask>
     90c:	80418593          	addi	a1,gp,-2044 # 20000024 <GWIPAddr>
     910:	80818513          	addi	a0,gp,-2040 # 20000028 <IPAddr>
     914:	7cc010ef          	jal	ra,20e0 <ETH_LibInit>
     918:	842a                	mv	s0,a0
c:\Users\WaspYL\Desktop\c-language-practice\MRS代码\CH32V307_TCP\obj/../User/main.c:295
    mStopIfError(i);
     91a:	3ba9                	jal	674 <mStopIfError>
c:\Users\WaspYL\Desktop\c-language-practice\MRS代码\CH32V307_TCP\obj/../User/main.c:296
    if(i == WCHNET_ERR_SUCCESS) printf(">>> ETH Init Success\r\n");
     91c:	e419                	bnez	s0,92a <main+0x94>
c:\Users\WaspYL\Desktop\c-language-practice\MRS代码\CH32V307_TCP\obj/../User/main.c:296 (discriminator 1)
     91e:	00009537          	lui	a0,0x9
     922:	58450513          	addi	a0,a0,1412 # 9584 <strlen+0x1d4>
     926:	18f080ef          	jal	ra,92b4 <puts>
c:\Users\WaspYL\Desktop\c-language-practice\MRS代码\CH32V307_TCP\obj/../User/main.c:301

#if KEEPALIVE_ENABLE
    {
        struct _KEEP_CFG cfg;
        cfg.KLIdle = 20000;
     92a:	6795                	lui	a5,0x5
     92c:	e2078793          	addi	a5,a5,-480 # 4e20 <dhcp_arp_reply+0x17e>
     930:	d03e                	sw	a5,32(sp)
c:\Users\WaspYL\Desktop\c-language-practice\MRS代码\CH32V307_TCP\obj/../User/main.c:302
        cfg.KLIntvl = 15000;
     932:	6791                	lui	a5,0x4
     934:	a9878793          	addi	a5,a5,-1384 # 3a98 <etharp_query+0x1c>
     938:	d23e                	sw	a5,36(sp)
c:\Users\WaspYL\Desktop\c-language-practice\MRS代码\CH32V307_TCP\obj/../User/main.c:304
        cfg.KLCount = 9;
        WCHNET_ConfigKeepLive(&cfg);
     93a:	1008                	addi	a0,sp,32
c:\Users\WaspYL\Desktop\c-language-practice\MRS代码\CH32V307_TCP\obj/../User/main.c:303
        cfg.KLCount = 9;
     93c:	47a5                	li	a5,9
     93e:	d43e                	sw	a5,40(sp)
c:\Users\WaspYL\Desktop\c-language-practice\MRS代码\CH32V307_TCP\obj/../User/main.c:304
        WCHNET_ConfigKeepLive(&cfg);
     940:	1a4020ef          	jal	ra,2ae4 <WCHNET_ConfigKeepLive>
c:\Users\WaspYL\Desktop\c-language-practice\MRS代码\CH32V307_TCP\obj/../User/main.c:307
    }
#endif
    memset(socket, 0xff, WCHNET_MAX_SOCKET_NUM);
     944:	577d                	li	a4,-1
     946:	86e18023          	sb	a4,-1952(gp) # 20000080 <socket>
c:\Users\WaspYL\Desktop\c-language-practice\MRS代码\CH32V307_TCP\obj/../User/main.c:308
    for(i=0; i<WCHNET_MAX_SOCKET_NUM; i++) WCHNET_CreateTcpSocket();
     94a:	4b01                	li	s6,0
     94c:	3375                	jal	6f8 <WCHNET_CreateTcpSocket>
     94e:	4c01                	li	s8,0
     950:	4b81                	li	s7,0
c:\Users\WaspYL\Desktop\c-language-practice\MRS代码\CH32V307_TCP\obj/../User/main.c:327
                  + (ay>lastY ? ay-lastY : lastY-ay)
                  + (az>lastZ ? az-lastZ : lastZ-az);
            lastX = ax; lastY = ay; lastZ = az;

            // 震动等级：0=静止, 1=轻微, 2=强烈
            if(shake < 10)       level = 0;
     952:	4aa5                	li	s5,9
c:\Users\WaspYL\Desktop\c-language-practice\MRS代码\CH32V307_TCP\obj/../User/main.c:335

            // 蜂鸣器：强烈震动时响
            if(level == 2) Beep_On(); else Beep_Off();

            // 组包：X,Y,Z,shake,level\n
            sprintf(txbuf, "%d,%d,%d,%d,%d\n", ax, ay, az, shake, level);
     954:	000099b7          	lui	s3,0x9
c:\Users\WaspYL\Desktop\c-language-practice\MRS代码\CH32V307_TCP\obj/../User/main.c:312
        WCHNET_MainTask();
     958:	4e2010ef          	jal	ra,1e3a <WCHNET_MainTask>
c:\Users\WaspYL\Desktop\c-language-practice\MRS代码\CH32V307_TCP\obj/../User/main.c:313
        if(WCHNET_QueryGlobalInt()) WCHNET_HandleGlobalInt();
     95c:	257020ef          	jal	ra,33b2 <WCHNET_QueryGlobalInt>
     960:	c111                	beqz	a0,964 <main+0xce>
c:\Users\WaspYL\Desktop\c-language-practice\MRS代码\CH32V307_TCP\obj/../User/main.c:313 (discriminator 1)
     962:	3dd1                	jal	836 <WCHNET_HandleGlobalInt>
c:\Users\WaspYL\Desktop\c-language-practice\MRS代码\CH32V307_TCP\obj/../User/main.c:316
        if(tcp_connected)
     964:	8611c783          	lbu	a5,-1951(gp) # 20000081 <tcp_connected>
     968:	dbe5                	beqz	a5,958 <main+0xc2>
c:\Users\WaspYL\Desktop\c-language-practice\MRS代码\CH32V307_TCP\obj/../User/main.c:318
            ADXL_ReadXYZ(&ax, &ay, &az);
     96a:	01a10613          	addi	a2,sp,26
     96e:	082c                	addi	a1,sp,24
     970:	01610513          	addi	a0,sp,22
     974:	3105                	jal	594 <ADXL_ReadXYZ>
c:\Users\WaspYL\Desktop\c-language-practice\MRS代码\CH32V307_TCP\obj/../User/main.c:321
            shake = (ax>lastX ? ax-lastX : lastX-ax)
     976:	01611483          	lh	s1,22(sp)
     97a:	010b9413          	slli	s0,s7,0x10
     97e:	8041                	srli	s0,s0,0x10
c:\Users\WaspYL\Desktop\c-language-practice\MRS代码\CH32V307_TCP\obj/../User/main.c:322
                  + (ay>lastY ? ay-lastY : lastY-ay)
     980:	0a9bd063          	bge	s7,s1,a20 <main+0x18a>
c:\Users\WaspYL\Desktop\c-language-practice\MRS代码\CH32V307_TCP\obj/../User/main.c:322 (discriminator 1)
     984:	40848433          	sub	s0,s1,s0
c:\Users\WaspYL\Desktop\c-language-practice\MRS代码\CH32V307_TCP\obj/../User/main.c:322 (discriminator 2)
     988:	01811b83          	lh	s7,24(sp)
     98c:	0442                	slli	s0,s0,0x10
     98e:	010c1793          	slli	a5,s8,0x10
     992:	010b9713          	slli	a4,s7,0x10
     996:	8041                	srli	s0,s0,0x10
     998:	83c1                	srli	a5,a5,0x10
     99a:	8341                	srli	a4,a4,0x10
     99c:	097c5463          	bge	s8,s7,a24 <main+0x18e>
c:\Users\WaspYL\Desktop\c-language-practice\MRS代码\CH32V307_TCP\obj/../User/main.c:322 (discriminator 5)
     9a0:	40f707b3          	sub	a5,a4,a5
c:\Users\WaspYL\Desktop\c-language-practice\MRS代码\CH32V307_TCP\obj/../User/main.c:322 (discriminator 6)
     9a4:	07c2                	slli	a5,a5,0x10
c:\Users\WaspYL\Desktop\c-language-practice\MRS代码\CH32V307_TCP\obj/../User/main.c:323 (discriminator 6)
                  + (az>lastZ ? az-lastZ : lastZ-az);
     9a6:	01a11c03          	lh	s8,26(sp)
c:\Users\WaspYL\Desktop\c-language-practice\MRS代码\CH32V307_TCP\obj/../User/main.c:322 (discriminator 6)
                  + (ay>lastY ? ay-lastY : lastY-ay)
     9aa:	83c1                	srli	a5,a5,0x10
     9ac:	943e                	add	s0,s0,a5
     9ae:	0442                	slli	s0,s0,0x10
     9b0:	010b1793          	slli	a5,s6,0x10
     9b4:	010c1713          	slli	a4,s8,0x10
     9b8:	8041                	srli	s0,s0,0x10
     9ba:	83c1                	srli	a5,a5,0x10
     9bc:	8341                	srli	a4,a4,0x10
c:\Users\WaspYL\Desktop\c-language-practice\MRS代码\CH32V307_TCP\obj/../User/main.c:323 (discriminator 6)
                  + (az>lastZ ? az-lastZ : lastZ-az);
     9be:	078b5563          	bge	s6,s8,a28 <main+0x192>
c:\Users\WaspYL\Desktop\c-language-practice\MRS代码\CH32V307_TCP\obj/../User/main.c:323 (discriminator 1)
     9c2:	40f707b3          	sub	a5,a4,a5
c:\Users\WaspYL\Desktop\c-language-practice\MRS代码\CH32V307_TCP\obj/../User/main.c:323 (discriminator 2)
     9c6:	07c2                	slli	a5,a5,0x10
     9c8:	83c1                	srli	a5,a5,0x10
c:\Users\WaspYL\Desktop\c-language-practice\MRS代码\CH32V307_TCP\obj/../User/main.c:321 (discriminator 2)
            shake = (ax>lastX ? ax-lastX : lastX-ax)
     9ca:	943e                	add	s0,s0,a5
     9cc:	0442                	slli	s0,s0,0x10
     9ce:	8041                	srli	s0,s0,0x10
c:\Users\WaspYL\Desktop\c-language-practice\MRS代码\CH32V307_TCP\obj/../User/main.c:327 (discriminator 2)
            if(shake < 10)       level = 0;
     9d0:	4801                	li	a6,0
     9d2:	048afd63          	bgeu	s5,s0,a2c <main+0x196>
c:\Users\WaspYL\Desktop\c-language-practice\MRS代码\CH32V307_TCP\obj/../User/main.c:328
            else if(shake < 50)  level = 1;
     9d6:	03100793          	li	a5,49
     9da:	4805                	li	a6,1
     9dc:	0487f863          	bgeu	a5,s0,a2c <main+0x196>
c:\Users\WaspYL\Desktop\c-language-practice\MRS代码\CH32V307_TCP\obj/../User/main.c:332
            if(level == 2) Beep_On(); else Beep_Off();
     9e0:	31a5                	jal	648 <Beep_On>
c:\Users\WaspYL\Desktop\c-language-practice\MRS代码\CH32V307_TCP\obj/../User/main.c:329
            else                 level = 2;
     9e2:	4809                	li	a6,2
c:\Users\WaspYL\Desktop\c-language-practice\MRS代码\CH32V307_TCP\obj/../User/main.c:335
            sprintf(txbuf, "%d,%d,%d,%d,%d\n", ax, ay, az, shake, level);
     9e4:	01a11703          	lh	a4,26(sp)
     9e8:	01811683          	lh	a3,24(sp)
     9ec:	01611603          	lh	a2,22(sp)
     9f0:	87a2                	mv	a5,s0
     9f2:	59c98593          	addi	a1,s3,1436 # 959c <strlen+0x1ec>
     9f6:	1008                	addi	a0,sp,32
     9f8:	095080ef          	jal	ra,928c <sprintf>
c:\Users\WaspYL\Desktop\c-language-practice\MRS代码\CH32V307_TCP\obj/../User/main.c:336
            u32 len = strlen(txbuf);
     9fc:	1008                	addi	a0,sp,32
     9fe:	1b3080ef          	jal	ra,93b0 <strlen>
     a02:	ce2a                	sw	a0,28(sp)
c:\Users\WaspYL\Desktop\c-language-practice\MRS代码\CH32V307_TCP\obj/../User/main.c:337
            WCHNET_SocketSend(SocketId, (u8*)txbuf, &len);
     a04:	85e1c503          	lbu	a0,-1954(gp) # 2000007e <SocketId>
     a08:	0870                	addi	a2,sp,28
     a0a:	100c                	addi	a1,sp,32
     a0c:	061020ef          	jal	ra,326c <WCHNET_SocketSend>
c:\Users\WaspYL\Desktop\c-language-practice\MRS代码\CH32V307_TCP\obj/../User/main.c:339

            Delay_Ms(200);
     a10:	0c800513          	li	a0,200
c:\Users\WaspYL\Desktop\c-language-practice\MRS代码\CH32V307_TCP\obj/../User/main.c:323
                  + (az>lastZ ? az-lastZ : lastZ-az);
     a14:	8b62                	mv	s6,s8
c:\Users\WaspYL\Desktop\c-language-practice\MRS代码\CH32V307_TCP\obj/../User/main.c:339
            Delay_Ms(200);
     a16:	7ac010ef          	jal	ra,21c2 <Delay_Ms>
c:\Users\WaspYL\Desktop\c-language-practice\MRS代码\CH32V307_TCP\obj/../User/main.c:322
                  + (ay>lastY ? ay-lastY : lastY-ay)
     a1a:	8c5e                	mv	s8,s7
c:\Users\WaspYL\Desktop\c-language-practice\MRS代码\CH32V307_TCP\obj/../User/main.c:321
            shake = (ax>lastX ? ax-lastX : lastX-ax)
     a1c:	8ba6                	mv	s7,s1
     a1e:	bf2d                	j	958 <main+0xc2>
c:\Users\WaspYL\Desktop\c-language-practice\MRS代码\CH32V307_TCP\obj/../User/main.c:322 (discriminator 2)
                  + (ay>lastY ? ay-lastY : lastY-ay)
     a20:	8c05                	sub	s0,s0,s1
     a22:	b79d                	j	988 <main+0xf2>
c:\Users\WaspYL\Desktop\c-language-practice\MRS代码\CH32V307_TCP\obj/../User/main.c:322 (discriminator 6)
     a24:	8f99                	sub	a5,a5,a4
     a26:	bfbd                	j	9a4 <main+0x10e>
c:\Users\WaspYL\Desktop\c-language-practice\MRS代码\CH32V307_TCP\obj/../User/main.c:323 (discriminator 2)
                  + (az>lastZ ? az-lastZ : lastZ-az);
     a28:	8f99                	sub	a5,a5,a4
     a2a:	bf71                	j	9c6 <main+0x130>
     a2c:	c642                	sw	a6,12(sp)
c:\Users\WaspYL\Desktop\c-language-practice\MRS代码\CH32V307_TCP\obj/../User/main.c:332 (discriminator 2)
            if(level == 2) Beep_On(); else Beep_Off();
     a2e:	3905                	jal	65e <Beep_Off>
     a30:	4832                	lw	a6,12(sp)
     a32:	bf4d                	j	9e4 <main+0x14e>

00000a34 <SystemInit>:
SystemInit():
c:\Users\WaspYL\Desktop\c-language-practice\MRS代码\CH32V307_TCP\obj/../User/system_ch32v30x.c:113
 *
 * @return  none
 */
void SystemInit (void)
{
  RCC->CTLR |= (uint32_t)0x00000001;
     a34:	400217b7          	lui	a5,0x40021
     a38:	4398                	lw	a4,0(a5)
c:\Users\WaspYL\Desktop\c-language-practice\MRS代码\CH32V307_TCP\obj/../User/system_ch32v30x.c:115

  RCC->CFGR0 &= (uint32_t)0xF0FF0000;
     a3a:	f0ff06b7          	lui	a3,0xf0ff0
c:\Users\WaspYL\Desktop\c-language-practice\MRS代码\CH32V307_TCP\obj/../User/system_ch32v30x.c:112
{
     a3e:	1141                	addi	sp,sp,-16
c:\Users\WaspYL\Desktop\c-language-practice\MRS代码\CH32V307_TCP\obj/../User/system_ch32v30x.c:113
  RCC->CTLR |= (uint32_t)0x00000001;
     a40:	00176713          	ori	a4,a4,1
     a44:	c398                	sw	a4,0(a5)
c:\Users\WaspYL\Desktop\c-language-practice\MRS代码\CH32V307_TCP\obj/../User/system_ch32v30x.c:115
  RCC->CFGR0 &= (uint32_t)0xF0FF0000;
     a46:	43d8                	lw	a4,4(a5)
SetSysClockTo96_HSE():
c:\Users\WaspYL\Desktop\c-language-practice\MRS代码\CH32V307_TCP\obj/../User/system_ch32v30x.c:565
  RCC->CTLR |= ((uint32_t)RCC_HSEON);

  /* Wait till HSE is ready and if Time out is reached exit */
  do
  {
    HSEStatus = RCC->CTLR & RCC_HSERDY;
     a48:	00020637          	lui	a2,0x20
SystemInit():
c:\Users\WaspYL\Desktop\c-language-practice\MRS代码\CH32V307_TCP\obj/../User/system_ch32v30x.c:115
  RCC->CFGR0 &= (uint32_t)0xF0FF0000;
     a4c:	8f75                	and	a4,a4,a3
     a4e:	c3d8                	sw	a4,4(a5)
c:\Users\WaspYL\Desktop\c-language-practice\MRS代码\CH32V307_TCP\obj/../User/system_ch32v30x.c:117
  RCC->CTLR &= (uint32_t)0xFEF6FFFF;
     a50:	4398                	lw	a4,0(a5)
     a52:	fef706b7          	lui	a3,0xfef70
     a56:	16fd                	addi	a3,a3,-1
     a58:	8f75                	and	a4,a4,a3
     a5a:	c398                	sw	a4,0(a5)
c:\Users\WaspYL\Desktop\c-language-practice\MRS代码\CH32V307_TCP\obj/../User/system_ch32v30x.c:118
  RCC->CTLR &= (uint32_t)0xFFFBFFFF;
     a5c:	4398                	lw	a4,0(a5)
     a5e:	fffc06b7          	lui	a3,0xfffc0
     a62:	16fd                	addi	a3,a3,-1
     a64:	8f75                	and	a4,a4,a3
     a66:	c398                	sw	a4,0(a5)
c:\Users\WaspYL\Desktop\c-language-practice\MRS代码\CH32V307_TCP\obj/../User/system_ch32v30x.c:119
  RCC->CFGR0 &= (uint32_t)0xFF00FFFF;
     a68:	43d8                	lw	a4,4(a5)
     a6a:	ff0106b7          	lui	a3,0xff010
     a6e:	16fd                	addi	a3,a3,-1
     a70:	8f75                	and	a4,a4,a3
     a72:	c3d8                	sw	a4,4(a5)
c:\Users\WaspYL\Desktop\c-language-practice\MRS代码\CH32V307_TCP\obj/../User/system_ch32v30x.c:122
  RCC->CTLR &= (uint32_t)0xEBFFFFFF;
     a74:	4398                	lw	a4,0(a5)
     a76:	ec0006b7          	lui	a3,0xec000
     a7a:	16fd                	addi	a3,a3,-1
     a7c:	8f75                	and	a4,a4,a3
     a7e:	c398                	sw	a4,0(a5)
c:\Users\WaspYL\Desktop\c-language-practice\MRS代码\CH32V307_TCP\obj/../User/system_ch32v30x.c:123
  RCC->INTR = 0x00FF0000;
     a80:	00ff0737          	lui	a4,0xff0
     a84:	c798                	sw	a4,8(a5)
c:\Users\WaspYL\Desktop\c-language-practice\MRS代码\CH32V307_TCP\obj/../User/system_ch32v30x.c:124
  RCC->CFGR2 = 0x00000000;
     a86:	0207a623          	sw	zero,44(a5) # 4002102c <_eusrstack+0x2001902c>
SetSysClockTo96_HSE():
c:\Users\WaspYL\Desktop\c-language-practice\MRS代码\CH32V307_TCP\obj/../User/system_ch32v30x.c:558
  __IO uint32_t StartUpCounter = 0, HSEStatus = 0;
     a8a:	c402                	sw	zero,8(sp)
     a8c:	c602                	sw	zero,12(sp)
c:\Users\WaspYL\Desktop\c-language-practice\MRS代码\CH32V307_TCP\obj/../User/system_ch32v30x.c:560
  RCC->CTLR |= ((uint32_t)RCC_HSEON);
     a8e:	4398                	lw	a4,0(a5)
     a90:	66c1                	lui	a3,0x10
     a92:	8f55                	or	a4,a4,a3
     a94:	c398                	sw	a4,0(a5)
c:\Users\WaspYL\Desktop\c-language-practice\MRS代码\CH32V307_TCP\obj/../User/system_ch32v30x.c:565
    HSEStatus = RCC->CTLR & RCC_HSERDY;
     a96:	400216b7          	lui	a3,0x40021
c:\Users\WaspYL\Desktop\c-language-practice\MRS代码\CH32V307_TCP\obj/../User/system_ch32v30x.c:567
    StartUpCounter++;
  } while((HSEStatus == 0) && (StartUpCounter != HSE_STARTUP_TIMEOUT));
     a9a:	6705                	lui	a4,0x1
c:\Users\WaspYL\Desktop\c-language-practice\MRS代码\CH32V307_TCP\obj/../User/system_ch32v30x.c:565
    HSEStatus = RCC->CTLR & RCC_HSERDY;
     a9c:	429c                	lw	a5,0(a3)
     a9e:	8ff1                	and	a5,a5,a2
     aa0:	c63e                	sw	a5,12(sp)
c:\Users\WaspYL\Desktop\c-language-practice\MRS代码\CH32V307_TCP\obj/../User/system_ch32v30x.c:566
    StartUpCounter++;
     aa2:	47a2                	lw	a5,8(sp)
     aa4:	0785                	addi	a5,a5,1
     aa6:	c43e                	sw	a5,8(sp)
c:\Users\WaspYL\Desktop\c-language-practice\MRS代码\CH32V307_TCP\obj/../User/system_ch32v30x.c:567
  } while((HSEStatus == 0) && (StartUpCounter != HSE_STARTUP_TIMEOUT));
     aa8:	47b2                	lw	a5,12(sp)
     aaa:	e781                	bnez	a5,ab2 <SystemInit+0x7e>
     aac:	47a2                	lw	a5,8(sp)
     aae:	fee797e3          	bne	a5,a4,a9c <SystemInit+0x68>
c:\Users\WaspYL\Desktop\c-language-practice\MRS代码\CH32V307_TCP\obj/../User/system_ch32v30x.c:569

  if ((RCC->CTLR & RCC_HSERDY) != RESET)
     ab2:	400217b7          	lui	a5,0x40021
     ab6:	439c                	lw	a5,0(a5)
     ab8:	00e79713          	slli	a4,a5,0xe
     abc:	06075763          	bgez	a4,b2a <SystemInit+0xf6>
c:\Users\WaspYL\Desktop\c-language-practice\MRS代码\CH32V307_TCP\obj/../User/system_ch32v30x.c:571
  {
    HSEStatus = (uint32_t)0x01;
     ac0:	4785                	li	a5,1
     ac2:	c63e                	sw	a5,12(sp)
c:\Users\WaspYL\Desktop\c-language-practice\MRS代码\CH32V307_TCP\obj/../User/system_ch32v30x.c:578
  else
  {
    HSEStatus = (uint32_t)0x00;
  }

  if (HSEStatus == (uint32_t)0x01)
     ac4:	4732                	lw	a4,12(sp)
     ac6:	4785                	li	a5,1
     ac8:	04f71f63          	bne	a4,a5,b26 <SystemInit+0xf2>
c:\Users\WaspYL\Desktop\c-language-practice\MRS代码\CH32V307_TCP\obj/../User/system_ch32v30x.c:581
  {
    /* HCLK = SYSCLK */
    RCC->CFGR0 |= (uint32_t)RCC_HPRE_DIV1;
     acc:	400217b7          	lui	a5,0x40021
     ad0:	43d8                	lw	a4,4(a5)
c:\Users\WaspYL\Desktop\c-language-practice\MRS代码\CH32V307_TCP\obj/../User/system_ch32v30x.c:588
    RCC->CFGR0 |= (uint32_t)RCC_PPRE2_DIV1;
    /* PCLK1 = HCLK */
    RCC->CFGR0 |= (uint32_t)RCC_PPRE1_DIV2;

    /*  PLL configuration: PLLCLK = HSE * 12 = 96 MHz */
    RCC->CFGR0 &= (uint32_t)((uint32_t)~(RCC_PLLSRC | RCC_PLLXTPRE |
     ad2:	ffc106b7          	lui	a3,0xffc10
     ad6:	16fd                	addi	a3,a3,-1
c:\Users\WaspYL\Desktop\c-language-practice\MRS代码\CH32V307_TCP\obj/../User/system_ch32v30x.c:581
    RCC->CFGR0 |= (uint32_t)RCC_HPRE_DIV1;
     ad8:	c3d8                	sw	a4,4(a5)
c:\Users\WaspYL\Desktop\c-language-practice\MRS代码\CH32V307_TCP\obj/../User/system_ch32v30x.c:583
    RCC->CFGR0 |= (uint32_t)RCC_PPRE2_DIV1;
     ada:	43d8                	lw	a4,4(a5)
     adc:	c3d8                	sw	a4,4(a5)
c:\Users\WaspYL\Desktop\c-language-practice\MRS代码\CH32V307_TCP\obj/../User/system_ch32v30x.c:585
    RCC->CFGR0 |= (uint32_t)RCC_PPRE1_DIV2;
     ade:	43d8                	lw	a4,4(a5)
     ae0:	40076713          	ori	a4,a4,1024
     ae4:	c3d8                	sw	a4,4(a5)
c:\Users\WaspYL\Desktop\c-language-practice\MRS代码\CH32V307_TCP\obj/../User/system_ch32v30x.c:588
    RCC->CFGR0 &= (uint32_t)((uint32_t)~(RCC_PLLSRC | RCC_PLLXTPRE |
     ae6:	43d8                	lw	a4,4(a5)
     ae8:	8f75                	and	a4,a4,a3
     aea:	c3d8                	sw	a4,4(a5)
c:\Users\WaspYL\Desktop\c-language-practice\MRS代码\CH32V307_TCP\obj/../User/system_ch32v30x.c:594
                                        RCC_PLLMULL));

#ifdef CH32V30x_D8
        RCC->CFGR0 |= (uint32_t)(RCC_PLLSRC_HSE | RCC_PLLXTPRE_HSE | RCC_PLLMULL12);
#else
        RCC->CFGR0 |= (uint32_t)(RCC_PLLSRC_HSE | RCC_PLLXTPRE_HSE | RCC_PLLMULL12_EXTEN);
     aec:	43d8                	lw	a4,4(a5)
     aee:	002906b7          	lui	a3,0x290
     af2:	8f55                	or	a4,a4,a3
     af4:	c3d8                	sw	a4,4(a5)
c:\Users\WaspYL\Desktop\c-language-practice\MRS代码\CH32V307_TCP\obj/../User/system_ch32v30x.c:598
#endif

    /* Enable PLL */
    RCC->CTLR |= RCC_PLLON;
     af6:	4398                	lw	a4,0(a5)
     af8:	010006b7          	lui	a3,0x1000
     afc:	8f55                	or	a4,a4,a3
     afe:	c398                	sw	a4,0(a5)
c:\Users\WaspYL\Desktop\c-language-practice\MRS代码\CH32V307_TCP\obj/../User/system_ch32v30x.c:600
    /* Wait till PLL is ready */
    while((RCC->CTLR & RCC_PLLRDY) == 0)
     b00:	4398                	lw	a4,0(a5)
     b02:	00671693          	slli	a3,a4,0x6
     b06:	fe06dde3          	bgez	a3,b00 <SystemInit+0xcc>
c:\Users\WaspYL\Desktop\c-language-practice\MRS代码\CH32V307_TCP\obj/../User/system_ch32v30x.c:604
    {
    }
    /* Select PLL as system clock source */
    RCC->CFGR0 &= (uint32_t)((uint32_t)~(RCC_SW));
     b0a:	43d8                	lw	a4,4(a5)
c:\Users\WaspYL\Desktop\c-language-practice\MRS代码\CH32V307_TCP\obj/../User/system_ch32v30x.c:607
    RCC->CFGR0 |= (uint32_t)RCC_SW_PLL;
    /* Wait till PLL is used as system clock source */
    while ((RCC->CFGR0 & (uint32_t)RCC_SWS) != (uint32_t)0x08)
     b0c:	400216b7          	lui	a3,0x40021
c:\Users\WaspYL\Desktop\c-language-practice\MRS代码\CH32V307_TCP\obj/../User/system_ch32v30x.c:604
    RCC->CFGR0 &= (uint32_t)((uint32_t)~(RCC_SW));
     b10:	9b71                	andi	a4,a4,-4
     b12:	c3d8                	sw	a4,4(a5)
c:\Users\WaspYL\Desktop\c-language-practice\MRS代码\CH32V307_TCP\obj/../User/system_ch32v30x.c:605
    RCC->CFGR0 |= (uint32_t)RCC_SW_PLL;
     b14:	43d8                	lw	a4,4(a5)
     b16:	00276713          	ori	a4,a4,2
     b1a:	c3d8                	sw	a4,4(a5)
c:\Users\WaspYL\Desktop\c-language-practice\MRS代码\CH32V307_TCP\obj/../User/system_ch32v30x.c:607
    while ((RCC->CFGR0 & (uint32_t)RCC_SWS) != (uint32_t)0x08)
     b1c:	4721                	li	a4,8
     b1e:	42dc                	lw	a5,4(a3)
     b20:	8bb1                	andi	a5,a5,12
     b22:	fee79ee3          	bne	a5,a4,b1e <SystemInit+0xea>
SystemInit():
c:\Users\WaspYL\Desktop\c-language-practice\MRS代码\CH32V307_TCP\obj/../User/system_ch32v30x.c:129
}
     b26:	0141                	addi	sp,sp,16
     b28:	8082                	ret
SetSysClockTo96_HSE():
c:\Users\WaspYL\Desktop\c-language-practice\MRS代码\CH32V307_TCP\obj/../User/system_ch32v30x.c:575
    HSEStatus = (uint32_t)0x00;
     b2a:	c602                	sw	zero,12(sp)
     b2c:	bf61                	j	ac4 <SystemInit+0x90>

00000b2e <SystemCoreClockUpdate>:
SystemCoreClockUpdate():
c:\Users\WaspYL\Desktop\c-language-practice\MRS代码\CH32V307_TCP\obj/../User/system_ch32v30x.c:148
  tmp = RCC->CFGR0 & RCC_SWS;
     b2e:	400216b7          	lui	a3,0x40021
     b32:	42d8                	lw	a4,4(a3)
     b34:	4611                	li	a2,4
     b36:	8b31                	andi	a4,a4,12
c:\Users\WaspYL\Desktop\c-language-practice\MRS代码\CH32V307_TCP\obj/../User/system_ch32v30x.c:150
  switch (tmp)
     b38:	81418793          	addi	a5,gp,-2028 # 20000034 <SystemCoreClock>
     b3c:	00c70563          	beq	a4,a2,b46 <SystemCoreClockUpdate+0x18>
     b40:	4621                	li	a2,8
     b42:	02c70863          	beq	a4,a2,b72 <SystemCoreClockUpdate+0x44>
c:\Users\WaspYL\Desktop\c-language-practice\MRS代码\CH32V307_TCP\obj/../User/system_ch32v30x.c:153
      SystemCoreClock = HSI_VALUE;
     b46:	007a1737          	lui	a4,0x7a1
     b4a:	20070713          	addi	a4,a4,512 # 7a1200 <_data_lma+0x797bcc>
c:\Users\WaspYL\Desktop\c-language-practice\MRS代码\CH32V307_TCP\obj/../User/system_ch32v30x.c:215 (discriminator 1)
      if(Pll_6_5 == 1) SystemCoreClock = (SystemCoreClock / 2);
     b4e:	c398                	sw	a4,0(a5)
c:\Users\WaspYL\Desktop\c-language-practice\MRS代码\CH32V307_TCP\obj/../User/system_ch32v30x.c:223
  tmp = AHBPrescTable[((RCC->CFGR0 & RCC_HPRE) >> 4)];
     b50:	40021737          	lui	a4,0x40021
     b54:	4358                	lw	a4,4(a4)
     b56:	8311                	srli	a4,a4,0x4
     b58:	00f77693          	andi	a3,a4,15
     b5c:	20000737          	lui	a4,0x20000
     b60:	00070713          	mv	a4,a4
     b64:	9736                	add	a4,a4,a3
     b66:	2314                	lbu	a3,0(a4)
c:\Users\WaspYL\Desktop\c-language-practice\MRS代码\CH32V307_TCP\obj/../User/system_ch32v30x.c:224
  SystemCoreClock >>= tmp; 
     b68:	4398                	lw	a4,0(a5)
     b6a:	00d75733          	srl	a4,a4,a3
     b6e:	c398                	sw	a4,0(a5)
c:\Users\WaspYL\Desktop\c-language-practice\MRS代码\CH32V307_TCP\obj/../User/system_ch32v30x.c:225
}
     b70:	8082                	ret
c:\Users\WaspYL\Desktop\c-language-practice\MRS代码\CH32V307_TCP\obj/../User/system_ch32v30x.c:159
      pllmull = RCC->CFGR0 & RCC_PLLMULL;
     b72:	42d8                	lw	a4,4(a3)
c:\Users\WaspYL\Desktop\c-language-practice\MRS代码\CH32V307_TCP\obj/../User/system_ch32v30x.c:160
      pllsource = RCC->CFGR0 & RCC_PLLSRC; 
     b74:	42d4                	lw	a3,4(a3)
     b76:	6641                	lui	a2,0x10
c:\Users\WaspYL\Desktop\c-language-practice\MRS代码\CH32V307_TCP\obj/../User/system_ch32v30x.c:161
      pllmull = ( pllmull >> 18) + 2;
     b78:	8349                	srli	a4,a4,0x12
     b7a:	8b3d                	andi	a4,a4,15
c:\Users\WaspYL\Desktop\c-language-practice\MRS代码\CH32V307_TCP\obj/../User/system_ch32v30x.c:160
      pllsource = RCC->CFGR0 & RCC_PLLSRC; 
     b7c:	8ef1                	and	a3,a3,a2
c:\Users\WaspYL\Desktop\c-language-practice\MRS代码\CH32V307_TCP\obj/../User/system_ch32v30x.c:166
      if(pllmull == 2) pllmull = 18;
     b7e:	00270613          	addi	a2,a4,2 # 20000002 <_data_vma+0x2>
     b82:	cf15                	beqz	a4,bbe <SystemCoreClockUpdate+0x90>
c:\Users\WaspYL\Desktop\c-language-practice\MRS代码\CH32V307_TCP\obj/../User/system_ch32v30x.c:167
      if(pllmull == 15){
     b84:	473d                	li	a4,15
     b86:	02e60f63          	beq	a2,a4,bc4 <SystemCoreClockUpdate+0x96>
c:\Users\WaspYL\Desktop\c-language-practice\MRS代码\CH32V307_TCP\obj/../User/system_ch32v30x.c:171
      if(pllmull == 16) pllmull = 15;
     b8a:	4741                	li	a4,16
     b8c:	02e60f63          	beq	a2,a4,bca <SystemCoreClockUpdate+0x9c>
c:\Users\WaspYL\Desktop\c-language-practice\MRS代码\CH32V307_TCP\obj/../User/system_ch32v30x.c:172
      if(pllmull == 17) pllmull = 16;
     b90:	4745                	li	a4,17
     b92:	4581                	li	a1,0
     b94:	00e61363          	bne	a2,a4,b9a <SystemCoreClockUpdate+0x6c>
     b98:	4641                	li	a2,16
c:\Users\WaspYL\Desktop\c-language-practice\MRS代码\CH32V307_TCP\obj/../User/system_ch32v30x.c:175
      if (pllsource == 0x00)
     b9a:	e2a1                	bnez	a3,bda <SystemCoreClockUpdate+0xac>
c:\Users\WaspYL\Desktop\c-language-practice\MRS代码\CH32V307_TCP\obj/../User/system_ch32v30x.c:177
          if(EXTEN->EXTEN_CTR & EXTEN_PLL_HSI_PRE) SystemCoreClock = HSI_VALUE * pllmull;
     b9c:	40024737          	lui	a4,0x40024
     ba0:	80072703          	lw	a4,-2048(a4) # 40023800 <_eusrstack+0x2001b800>
     ba4:	8b41                	andi	a4,a4,16
     ba6:	c70d                	beqz	a4,bd0 <SystemCoreClockUpdate+0xa2>
c:\Users\WaspYL\Desktop\c-language-practice\MRS代码\CH32V307_TCP\obj/../User/system_ch32v30x.c:177 (discriminator 1)
     ba8:	007a1737          	lui	a4,0x7a1
     bac:	20070713          	addi	a4,a4,512 # 7a1200 <_data_lma+0x797bcc>
c:\Users\WaspYL\Desktop\c-language-practice\MRS代码\CH32V307_TCP\obj/../User/system_ch32v30x.c:210
          SystemCoreClock = SystemCoreClock * pllmull;
     bb0:	02c70633          	mul	a2,a4,a2
     bb4:	c390                	sw	a2,0(a5)
c:\Users\WaspYL\Desktop\c-language-practice\MRS代码\CH32V307_TCP\obj/../User/system_ch32v30x.c:215
      if(Pll_6_5 == 1) SystemCoreClock = (SystemCoreClock / 2);
     bb6:	ddc9                	beqz	a1,b50 <SystemCoreClockUpdate+0x22>
c:\Users\WaspYL\Desktop\c-language-practice\MRS代码\CH32V307_TCP\obj/../User/system_ch32v30x.c:215 (discriminator 1)
     bb8:	4398                	lw	a4,0(a5)
     bba:	8305                	srli	a4,a4,0x1
     bbc:	bf49                	j	b4e <SystemCoreClockUpdate+0x20>
     bbe:	4581                	li	a1,0
c:\Users\WaspYL\Desktop\c-language-practice\MRS代码\CH32V307_TCP\obj/../User/system_ch32v30x.c:166
      if(pllmull == 2) pllmull = 18;
     bc0:	4649                	li	a2,18
     bc2:	bfe1                	j	b9a <SystemCoreClockUpdate+0x6c>
c:\Users\WaspYL\Desktop\c-language-practice\MRS代码\CH32V307_TCP\obj/../User/system_ch32v30x.c:169
          Pll_6_5 = 1;
     bc4:	4585                	li	a1,1
c:\Users\WaspYL\Desktop\c-language-practice\MRS代码\CH32V307_TCP\obj/../User/system_ch32v30x.c:168
          pllmull = 13;  /* *6.5 */
     bc6:	4635                	li	a2,13
     bc8:	bfc9                	j	b9a <SystemCoreClockUpdate+0x6c>
     bca:	4581                	li	a1,0
c:\Users\WaspYL\Desktop\c-language-practice\MRS代码\CH32V307_TCP\obj/../User/system_ch32v30x.c:171
      if(pllmull == 16) pllmull = 15;
     bcc:	463d                	li	a2,15
     bce:	b7f1                	j	b9a <SystemCoreClockUpdate+0x6c>
c:\Users\WaspYL\Desktop\c-language-practice\MRS代码\CH32V307_TCP\obj/../User/system_ch32v30x.c:178
          else SystemCoreClock = (HSI_VALUE >> 1) * pllmull;
     bd0:	003d1737          	lui	a4,0x3d1
     bd4:	90070713          	addi	a4,a4,-1792 # 3d0900 <_data_lma+0x3c72cc>
     bd8:	bfe1                	j	bb0 <SystemCoreClockUpdate+0x82>
c:\Users\WaspYL\Desktop\c-language-practice\MRS代码\CH32V307_TCP\obj/../User/system_ch32v30x.c:194
          if(RCC->CFGR2 & (1<<16)){ /* PLL2 */
     bda:	40021537          	lui	a0,0x40021
     bde:	5558                	lw	a4,44(a0)
     be0:	00f71693          	slli	a3,a4,0xf
c:\Users\WaspYL\Desktop\c-language-practice\MRS代码\CH32V307_TCP\obj/../User/system_ch32v30x.c:195
              SystemCoreClock = HSE_VALUE/(((RCC->CFGR2 & 0xF0)>>4) + 1);  /* PREDIV2 */
     be4:	5558                	lw	a4,44(a0)
c:\Users\WaspYL\Desktop\c-language-practice\MRS代码\CH32V307_TCP\obj/../User/system_ch32v30x.c:194
          if(RCC->CFGR2 & (1<<16)){ /* PLL2 */
     be6:	0406df63          	bgez	a3,c44 <SystemCoreClockUpdate+0x116>
c:\Users\WaspYL\Desktop\c-language-practice\MRS代码\CH32V307_TCP\obj/../User/system_ch32v30x.c:195
              SystemCoreClock = HSE_VALUE/(((RCC->CFGR2 & 0xF0)>>4) + 1);  /* PREDIV2 */
     bea:	8311                	srli	a4,a4,0x4
     bec:	8b3d                	andi	a4,a4,15
     bee:	00170693          	addi	a3,a4,1
     bf2:	007a1737          	lui	a4,0x7a1
     bf6:	20070713          	addi	a4,a4,512 # 7a1200 <_data_lma+0x797bcc>
     bfa:	02d75733          	divu	a4,a4,a3
     bfe:	c398                	sw	a4,0(a5)
c:\Users\WaspYL\Desktop\c-language-practice\MRS代码\CH32V307_TCP\obj/../User/system_ch32v30x.c:197
              Pll2mull = (uint8_t)((RCC->CFGR2 & 0xF00)>>8);
     c00:	5554                	lw	a3,44(a0)
     c02:	82a1                	srli	a3,a3,0x8
     c04:	8abd                	andi	a3,a3,15
c:\Users\WaspYL\Desktop\c-language-practice\MRS代码\CH32V307_TCP\obj/../User/system_ch32v30x.c:199
              if(Pll2mull == 0) SystemCoreClock = (SystemCoreClock * 5)>>1;
     c06:	e28d                	bnez	a3,c28 <SystemCoreClockUpdate+0xfa>
c:\Users\WaspYL\Desktop\c-language-practice\MRS代码\CH32V307_TCP\obj/../User/system_ch32v30x.c:199 (discriminator 1)
     c08:	4695                	li	a3,5
c:\Users\WaspYL\Desktop\c-language-practice\MRS代码\CH32V307_TCP\obj/../User/system_ch32v30x.c:200 (discriminator 1)
              else if(Pll2mull == 1) SystemCoreClock = (SystemCoreClock * 25)>>1;
     c0a:	02d70733          	mul	a4,a4,a3
     c0e:	8305                	srli	a4,a4,0x1
c:\Users\WaspYL\Desktop\c-language-practice\MRS代码\CH32V307_TCP\obj/../User/system_ch32v30x.c:202
              else  SystemCoreClock = SystemCoreClock * (Pll2mull + 2);
     c10:	c398                	sw	a4,0(a5)
c:\Users\WaspYL\Desktop\c-language-practice\MRS代码\CH32V307_TCP\obj/../User/system_ch32v30x.c:204
              SystemCoreClock = SystemCoreClock/((RCC->CFGR2 & 0xF) + 1);  /* PREDIV1 */
     c12:	40021737          	lui	a4,0x40021
     c16:	5758                	lw	a4,44(a4)
     c18:	4394                	lw	a3,0(a5)
     c1a:	8b3d                	andi	a4,a4,15
     c1c:	0705                	addi	a4,a4,1
     c1e:	02e6d733          	divu	a4,a3,a4
c:\Users\WaspYL\Desktop\c-language-practice\MRS代码\CH32V307_TCP\obj/../User/system_ch32v30x.c:207
              SystemCoreClock = HSE_VALUE/((RCC->CFGR2 & 0xF) + 1);  /* PREDIV1 */
     c22:	c398                	sw	a4,0(a5)
c:\Users\WaspYL\Desktop\c-language-practice\MRS代码\CH32V307_TCP\obj/../User/system_ch32v30x.c:210
          SystemCoreClock = SystemCoreClock * pllmull;
     c24:	4398                	lw	a4,0(a5)
     c26:	b769                	j	bb0 <SystemCoreClockUpdate+0x82>
c:\Users\WaspYL\Desktop\c-language-practice\MRS代码\CH32V307_TCP\obj/../User/system_ch32v30x.c:200
              else if(Pll2mull == 1) SystemCoreClock = (SystemCoreClock * 25)>>1;
     c28:	4505                	li	a0,1
     c2a:	00a69463          	bne	a3,a0,c32 <SystemCoreClockUpdate+0x104>
c:\Users\WaspYL\Desktop\c-language-practice\MRS代码\CH32V307_TCP\obj/../User/system_ch32v30x.c:200 (discriminator 1)
     c2e:	46e5                	li	a3,25
     c30:	bfe9                	j	c0a <SystemCoreClockUpdate+0xdc>
c:\Users\WaspYL\Desktop\c-language-practice\MRS代码\CH32V307_TCP\obj/../User/system_ch32v30x.c:201
              else if(Pll2mull == 15) SystemCoreClock = SystemCoreClock * 20;
     c32:	453d                	li	a0,15
     c34:	00a69663          	bne	a3,a0,c40 <SystemCoreClockUpdate+0x112>
c:\Users\WaspYL\Desktop\c-language-practice\MRS代码\CH32V307_TCP\obj/../User/system_ch32v30x.c:201 (discriminator 1)
     c38:	46d1                	li	a3,20
c:\Users\WaspYL\Desktop\c-language-practice\MRS代码\CH32V307_TCP\obj/../User/system_ch32v30x.c:202
              else  SystemCoreClock = SystemCoreClock * (Pll2mull + 2);
     c3a:	02e68733          	mul	a4,a3,a4
     c3e:	bfc9                	j	c10 <SystemCoreClockUpdate+0xe2>
     c40:	0689                	addi	a3,a3,2
     c42:	bfe5                	j	c3a <SystemCoreClockUpdate+0x10c>
c:\Users\WaspYL\Desktop\c-language-practice\MRS代码\CH32V307_TCP\obj/../User/system_ch32v30x.c:207
              SystemCoreClock = HSE_VALUE/((RCC->CFGR2 & 0xF) + 1);  /* PREDIV1 */
     c44:	8b3d                	andi	a4,a4,15
     c46:	00170693          	addi	a3,a4,1 # 40021001 <_eusrstack+0x20019001>
     c4a:	007a1737          	lui	a4,0x7a1
     c4e:	20070713          	addi	a4,a4,512 # 7a1200 <_data_lma+0x797bcc>
     c52:	02d75733          	divu	a4,a4,a3
     c56:	b7f1                	j	c22 <SystemCoreClockUpdate+0xf4>

00000c58 <ADC1_2_IRQHandler>:
EXTI2_IRQHandler():
c:\Users\WaspYL\Desktop\c-language-practice\MRS代码\CH32V307_TCP\obj/../Startup/startup_ch32v30x_D8C.S:321
DMA2_Channel8_IRQHandler:
DMA2_Channel9_IRQHandler:
DMA2_Channel10_IRQHandler:
DMA2_Channel11_IRQHandler:
1:
	j 1b
     c58:	a001                	j	c58 <ADC1_2_IRQHandler>

00000c5a <handle_reset>:
handle_reset():
c:\Users\WaspYL\Desktop\c-language-practice\MRS代码\CH32V307_TCP\obj/../Startup/startup_ch32v30x_D8C.S:329
	.weak	handle_reset
	.align	1
handle_reset:
.option push 
.option	norelax 
	la gp, __global_pointer$
     c5a:	20000197          	auipc	gp,0x20000
     c5e:	bc618193          	addi	gp,gp,-1082 # 20000820 <__global_pointer$>
c:\Users\WaspYL\Desktop\c-language-practice\MRS代码\CH32V307_TCP\obj/../Startup/startup_ch32v30x_D8C.S:332
.option	pop 

	la sp, _eusrstack 
     c62:	20007117          	auipc	sp,0x20007
     c66:	39e10113          	addi	sp,sp,926 # 20008000 <_eusrstack>
c:\Users\WaspYL\Desktop\c-language-practice\MRS代码\CH32V307_TCP\obj/../Startup/startup_ch32v30x_D8C.S:335

/* Load data section from flash to RAM */
	la a0, _data_lma
     c6a:	00009517          	auipc	a0,0x9
     c6e:	9ca50513          	addi	a0,a0,-1590 # 9634 <_data_lma>
c:\Users\WaspYL\Desktop\c-language-practice\MRS代码\CH32V307_TCP\obj/../Startup/startup_ch32v30x_D8C.S:336
	la a1, _data_vma
     c72:	1ffff597          	auipc	a1,0x1ffff
     c76:	38e58593          	addi	a1,a1,910 # 20000000 <_data_vma>
c:\Users\WaspYL\Desktop\c-language-practice\MRS代码\CH32V307_TCP\obj/../Startup/startup_ch32v30x_D8C.S:337
	la a2, _edata
     c7a:	85818613          	addi	a2,gp,-1960 # 20000078 <_edata>
c:\Users\WaspYL\Desktop\c-language-practice\MRS代码\CH32V307_TCP\obj/../Startup/startup_ch32v30x_D8C.S:338
	bgeu a1, a2, 2f
     c7e:	00c5fa63          	bgeu	a1,a2,c92 <handle_reset+0x38>
c:\Users\WaspYL\Desktop\c-language-practice\MRS代码\CH32V307_TCP\obj/../Startup/startup_ch32v30x_D8C.S:340
1:
	lw t0, (a0)
     c82:	00052283          	lw	t0,0(a0)
c:\Users\WaspYL\Desktop\c-language-practice\MRS代码\CH32V307_TCP\obj/../Startup/startup_ch32v30x_D8C.S:341
	sw t0, (a1)
     c86:	0055a023          	sw	t0,0(a1)
c:\Users\WaspYL\Desktop\c-language-practice\MRS代码\CH32V307_TCP\obj/../Startup/startup_ch32v30x_D8C.S:342
	addi a0, a0, 4
     c8a:	0511                	addi	a0,a0,4
c:\Users\WaspYL\Desktop\c-language-practice\MRS代码\CH32V307_TCP\obj/../Startup/startup_ch32v30x_D8C.S:343
	addi a1, a1, 4
     c8c:	0591                	addi	a1,a1,4
c:\Users\WaspYL\Desktop\c-language-practice\MRS代码\CH32V307_TCP\obj/../Startup/startup_ch32v30x_D8C.S:344
	bltu a1, a2, 1b
     c8e:	fec5eae3          	bltu	a1,a2,c82 <handle_reset+0x28>
c:\Users\WaspYL\Desktop\c-language-practice\MRS代码\CH32V307_TCP\obj/../Startup/startup_ch32v30x_D8C.S:347
2:
/* Clear bss section */
	la a0, _sbss
     c92:	85818513          	addi	a0,gp,-1960 # 20000078 <_edata>
c:\Users\WaspYL\Desktop\c-language-practice\MRS代码\CH32V307_TCP\obj/../Startup/startup_ch32v30x_D8C.S:348
	la a1, _ebss
     c96:	20007597          	auipc	a1,0x20007
     c9a:	84258593          	addi	a1,a1,-1982 # 200074d8 <_ebss>
c:\Users\WaspYL\Desktop\c-language-practice\MRS代码\CH32V307_TCP\obj/../Startup/startup_ch32v30x_D8C.S:349
	bgeu a0, a1, 2f
     c9e:	00b57763          	bgeu	a0,a1,cac <handle_reset+0x52>
c:\Users\WaspYL\Desktop\c-language-practice\MRS代码\CH32V307_TCP\obj/../Startup/startup_ch32v30x_D8C.S:351
1:
	sw zero, (a0)
     ca2:	00052023          	sw	zero,0(a0)
c:\Users\WaspYL\Desktop\c-language-practice\MRS代码\CH32V307_TCP\obj/../Startup/startup_ch32v30x_D8C.S:352
	addi a0, a0, 4
     ca6:	0511                	addi	a0,a0,4
c:\Users\WaspYL\Desktop\c-language-practice\MRS代码\CH32V307_TCP\obj/../Startup/startup_ch32v30x_D8C.S:353
	bltu a0, a1, 1b
     ca8:	feb56de3          	bltu	a0,a1,ca2 <handle_reset+0x48>
c:\Users\WaspYL\Desktop\c-language-practice\MRS代码\CH32V307_TCP\obj/../Startup/startup_ch32v30x_D8C.S:356
2:
/* Configure pipelining and instruction prediction */
    li t0, 0x1f
     cac:	42fd                	li	t0,31
c:\Users\WaspYL\Desktop\c-language-practice\MRS代码\CH32V307_TCP\obj/../Startup/startup_ch32v30x_D8C.S:357
    csrw 0xbc0, t0
     cae:	bc029073          	csrw	0xbc0,t0
c:\Users\WaspYL\Desktop\c-language-practice\MRS代码\CH32V307_TCP\obj/../Startup/startup_ch32v30x_D8C.S:359
/* Enable interrupt nesting and hardware stack */
	li t0, 0x0b
     cb2:	42ad                	li	t0,11
c:\Users\WaspYL\Desktop\c-language-practice\MRS代码\CH32V307_TCP\obj/../Startup/startup_ch32v30x_D8C.S:360
	csrw 0x804, t0
     cb4:	80429073          	csrw	0x804,t0
c:\Users\WaspYL\Desktop\c-language-practice\MRS代码\CH32V307_TCP\obj/../Startup/startup_ch32v30x_D8C.S:362
/* Enable floating point and global interrupt, configure privileged mode */
   	li t0, 0x6088           
     cb8:	000062b7          	lui	t0,0x6
     cbc:	08828293          	addi	t0,t0,136 # 6088 <tcp_alloc+0xe0>
c:\Users\WaspYL\Desktop\c-language-practice\MRS代码\CH32V307_TCP\obj/../Startup/startup_ch32v30x_D8C.S:363
   	csrw mstatus, t0
     cc0:	30029073          	csrw	mstatus,t0
c:\Users\WaspYL\Desktop\c-language-practice\MRS代码\CH32V307_TCP\obj/../Startup/startup_ch32v30x_D8C.S:365
/* Configure the interrupt vector table recognition mode and entry address mode */
 	la t0, _vector_base
     cc4:	fffff297          	auipc	t0,0xfffff
     cc8:	34028293          	addi	t0,t0,832 # 4 <_einit>
c:\Users\WaspYL\Desktop\c-language-practice\MRS代码\CH32V307_TCP\obj/../Startup/startup_ch32v30x_D8C.S:366
    ori t0, t0, 3           
     ccc:	0032e293          	ori	t0,t0,3
c:\Users\WaspYL\Desktop\c-language-practice\MRS代码\CH32V307_TCP\obj/../Startup/startup_ch32v30x_D8C.S:367
	csrw mtvec, t0
     cd0:	30529073          	csrw	mtvec,t0
c:\Users\WaspYL\Desktop\c-language-practice\MRS代码\CH32V307_TCP\obj/../Startup/startup_ch32v30x_D8C.S:369

    jal  SystemInit
     cd4:	d61ff0ef          	jal	ra,a34 <SystemInit>
c:\Users\WaspYL\Desktop\c-language-practice\MRS代码\CH32V307_TCP\obj/../Startup/startup_ch32v30x_D8C.S:370
	la t0, main
     cd8:	00000297          	auipc	t0,0x0
     cdc:	bbe28293          	addi	t0,t0,-1090 # 896 <main>
c:\Users\WaspYL\Desktop\c-language-practice\MRS代码\CH32V307_TCP\obj/../Startup/startup_ch32v30x_D8C.S:371
	csrw mepc, t0
     ce0:	34129073          	csrw	mepc,t0
c:\Users\WaspYL\Desktop\c-language-practice\MRS代码\CH32V307_TCP\obj/../Startup/startup_ch32v30x_D8C.S:372
	mret
     ce4:	30200073          	mret

00000ce8 <DBGMCU_GetCHIPID>:
DBGMCU_GetCHIPID():
c:\Users\WaspYL\Desktop\c-language-practice\MRS代码\CH32V307_TCP\obj/../Peripheral/src/ch32v30x_dbgmcu.c:128
 *          CH32V317TCU-0x3175B5X8
 */
uint32_t DBGMCU_GetCHIPID( void )
{
    return( *( uint32_t * )0x1FFFF704 );
}
     ce8:	1ffff7b7          	lui	a5,0x1ffff
     cec:	7047a503          	lw	a0,1796(a5) # 1ffff704 <_data_lma+0x1fff60d0>
     cf0:	8082                	ret

00000cf2 <ETH_DeInit>:
ETH_DeInit():
c:\Users\WaspYL\Desktop\c-language-practice\MRS代码\CH32V307_TCP\obj/../Peripheral/src/ch32v30x_eth.c:29
 *
 * @return  none
 */
#ifdef CH32V30x_D8C
void ETH_DeInit(void)
{
     cf2:	cfeff2ef          	jal	t0,1f0 <__riscv_save_0>
c:\Users\WaspYL\Desktop\c-language-practice\MRS代码\CH32V307_TCP\obj/../Peripheral/src/ch32v30x_eth.c:30
    RCC_AHBPeriphResetCmd(RCC_AHBPeriph_ETH_MAC, ENABLE);
     cf6:	4585                	li	a1,1
     cf8:	6511                	lui	a0,0x4
     cfa:	21d5                	jal	11de <RCC_AHBPeriphResetCmd>
c:\Users\WaspYL\Desktop\c-language-practice\MRS代码\CH32V307_TCP\obj/../Peripheral/src/ch32v30x_eth.c:31
    RCC_AHBPeriphResetCmd(RCC_AHBPeriph_ETH_MAC, DISABLE);
     cfc:	4581                	li	a1,0
     cfe:	6511                	lui	a0,0x4
     d00:	29f9                	jal	11de <RCC_AHBPeriphResetCmd>
c:\Users\WaspYL\Desktop\c-language-practice\MRS代码\CH32V307_TCP\obj/../Peripheral/src/ch32v30x_eth.c:32
}
     d02:	d12ff06f          	j	214 <__riscv_restore_0>

00000d06 <ETH_ReadPHYRegister>:
ETH_ReadPHYRegister():
c:\Users\WaspYL\Desktop\c-language-practice\MRS代码\CH32V307_TCP\obj/../Peripheral/src/ch32v30x_eth.c:292
 *
 * @return  ETH_ERROR - in case of timeout.
 *          MAC MIIDR register value - Data read from the selected PHY register.
 */
uint16_t ETH_ReadPHYRegister(uint16_t PHYAddress, uint16_t PHYReg)
{
     d06:	1141                	addi	sp,sp,-16
c:\Users\WaspYL\Desktop\c-language-practice\MRS代码\CH32V307_TCP\obj/../Peripheral/src/ch32v30x_eth.c:294
    uint32_t      tmpreg = 0;
    __IO uint32_t timeout = 0;
     d08:	c602                	sw	zero,12(sp)
c:\Users\WaspYL\Desktop\c-language-practice\MRS代码\CH32V307_TCP\obj/../Peripheral/src/ch32v30x_eth.c:296

    tmpreg = ETH->MACMIIAR;
     d0a:	400286b7          	lui	a3,0x40028
     d0e:	4a9c                	lw	a5,16(a3)
c:\Users\WaspYL\Desktop\c-language-practice\MRS代码\CH32V307_TCP\obj/../Peripheral/src/ch32v30x_eth.c:298
    tmpreg &= ~MACMIIAR_CR_MASK;
    tmpreg |= (((uint32_t)PHYAddress << 11) & ETH_MACMIIAR_PA);
     d10:	6741                	lui	a4,0x10
     d12:	052e                	slli	a0,a0,0xb
     d14:	177d                	addi	a4,a4,-1
c:\Users\WaspYL\Desktop\c-language-practice\MRS代码\CH32V307_TCP\obj/../Peripheral/src/ch32v30x_eth.c:297
    tmpreg &= ~MACMIIAR_CR_MASK;
     d16:	8bf1                	andi	a5,a5,28
c:\Users\WaspYL\Desktop\c-language-practice\MRS代码\CH32V307_TCP\obj/../Peripheral/src/ch32v30x_eth.c:298
    tmpreg |= (((uint32_t)PHYAddress << 11) & ETH_MACMIIAR_PA);
     d18:	8d79                	and	a0,a0,a4
c:\Users\WaspYL\Desktop\c-language-practice\MRS代码\CH32V307_TCP\obj/../Peripheral/src/ch32v30x_eth.c:299
    tmpreg |= (((uint32_t)PHYReg << 6) & ETH_MACMIIAR_MR);
     d1a:	059a                	slli	a1,a1,0x6
c:\Users\WaspYL\Desktop\c-language-practice\MRS代码\CH32V307_TCP\obj/../Peripheral/src/ch32v30x_eth.c:298
    tmpreg |= (((uint32_t)PHYAddress << 11) & ETH_MACMIIAR_PA);
     d1c:	8d5d                	or	a0,a0,a5
c:\Users\WaspYL\Desktop\c-language-practice\MRS代码\CH32V307_TCP\obj/../Peripheral/src/ch32v30x_eth.c:299
    tmpreg |= (((uint32_t)PHYReg << 6) & ETH_MACMIIAR_MR);
     d1e:	7c05f593          	andi	a1,a1,1984
     d22:	8dc9                	or	a1,a1,a0
c:\Users\WaspYL\Desktop\c-language-practice\MRS代码\CH32V307_TCP\obj/../Peripheral/src/ch32v30x_eth.c:301
    tmpreg &= ~ETH_MACMIIAR_MW;
    tmpreg |= ETH_MACMIIAR_MB;
     d24:	0015e593          	ori	a1,a1,1
c:\Users\WaspYL\Desktop\c-language-practice\MRS代码\CH32V307_TCP\obj/../Peripheral/src/ch32v30x_eth.c:308

    do
    {
        timeout++;
        tmpreg = ETH->MACMIIAR;
    } while((tmpreg & ETH_MACMIIAR_MB) && (timeout < (uint32_t)PHY_READ_TO));
     d28:	005007b7          	lui	a5,0x500
c:\Users\WaspYL\Desktop\c-language-practice\MRS代码\CH32V307_TCP\obj/../Peripheral/src/ch32v30x_eth.c:302
    ETH->MACMIIAR = tmpreg;
     d2c:	ca8c                	sw	a1,16(a3)
c:\Users\WaspYL\Desktop\c-language-practice\MRS代码\CH32V307_TCP\obj/../Peripheral/src/ch32v30x_eth.c:308
    } while((tmpreg & ETH_MACMIIAR_MB) && (timeout < (uint32_t)PHY_READ_TO));
     d2e:	17f9                	addi	a5,a5,-2
c:\Users\WaspYL\Desktop\c-language-practice\MRS代码\CH32V307_TCP\obj/../Peripheral/src/ch32v30x_eth.c:306 (discriminator 2)
        timeout++;
     d30:	4732                	lw	a4,12(sp)
     d32:	0705                	addi	a4,a4,1
     d34:	c63a                	sw	a4,12(sp)
c:\Users\WaspYL\Desktop\c-language-practice\MRS代码\CH32V307_TCP\obj/../Peripheral/src/ch32v30x_eth.c:307 (discriminator 2)
        tmpreg = ETH->MACMIIAR;
     d36:	4a98                	lw	a4,16(a3)
c:\Users\WaspYL\Desktop\c-language-practice\MRS代码\CH32V307_TCP\obj/../Peripheral/src/ch32v30x_eth.c:308 (discriminator 2)
    } while((tmpreg & ETH_MACMIIAR_MB) && (timeout < (uint32_t)PHY_READ_TO));
     d38:	8b05                	andi	a4,a4,1
     d3a:	c701                	beqz	a4,d42 <ETH_ReadPHYRegister+0x3c>
c:\Users\WaspYL\Desktop\c-language-practice\MRS代码\CH32V307_TCP\obj/../Peripheral/src/ch32v30x_eth.c:308 (discriminator 1)
     d3c:	4732                	lw	a4,12(sp)
     d3e:	fee7f9e3          	bgeu	a5,a4,d30 <ETH_ReadPHYRegister+0x2a>
c:\Users\WaspYL\Desktop\c-language-practice\MRS代码\CH32V307_TCP\obj/../Peripheral/src/ch32v30x_eth.c:310

    if(timeout == PHY_READ_TO)
     d42:	4732                	lw	a4,12(sp)
     d44:	005007b7          	lui	a5,0x500
     d48:	17fd                	addi	a5,a5,-1
c:\Users\WaspYL\Desktop\c-language-practice\MRS代码\CH32V307_TCP\obj/../Peripheral/src/ch32v30x_eth.c:312
    {
        return (uint16_t)ETH_ERROR;
     d4a:	4501                	li	a0,0
c:\Users\WaspYL\Desktop\c-language-practice\MRS代码\CH32V307_TCP\obj/../Peripheral/src/ch32v30x_eth.c:310
    if(timeout == PHY_READ_TO)
     d4c:	00f70763          	beq	a4,a5,d5a <ETH_ReadPHYRegister+0x54>
c:\Users\WaspYL\Desktop\c-language-practice\MRS代码\CH32V307_TCP\obj/../Peripheral/src/ch32v30x_eth.c:315
    }

    return (uint16_t)(ETH->MACMIIDR);
     d50:	400287b7          	lui	a5,0x40028
     d54:	4bc8                	lw	a0,20(a5)
     d56:	0542                	slli	a0,a0,0x10
     d58:	8141                	srli	a0,a0,0x10
c:\Users\WaspYL\Desktop\c-language-practice\MRS代码\CH32V307_TCP\obj/../Peripheral/src/ch32v30x_eth.c:316
}
     d5a:	0141                	addi	sp,sp,16
     d5c:	8082                	ret

00000d5e <ETH_WritePHYRegister>:
ETH_WritePHYRegister():
c:\Users\WaspYL\Desktop\c-language-practice\MRS代码\CH32V307_TCP\obj/../Peripheral/src/ch32v30x_eth.c:331
 *
 * @return  ETH_ERROR - in case of timeout.
 *          ETH_SUCCESS - for correct write
 */
uint32_t ETH_WritePHYRegister(uint16_t PHYAddress, uint16_t PHYReg, uint16_t PHYValue)
{
     d5e:	1141                	addi	sp,sp,-16
c:\Users\WaspYL\Desktop\c-language-practice\MRS代码\CH32V307_TCP\obj/../Peripheral/src/ch32v30x_eth.c:335
    uint32_t      tmpreg = 0;
    __IO uint32_t timeout = 0;

    tmpreg = ETH->MACMIIAR;
     d60:	400287b7          	lui	a5,0x40028
c:\Users\WaspYL\Desktop\c-language-practice\MRS代码\CH32V307_TCP\obj/../Peripheral/src/ch32v30x_eth.c:333
    __IO uint32_t timeout = 0;
     d64:	c602                	sw	zero,12(sp)
c:\Users\WaspYL\Desktop\c-language-practice\MRS代码\CH32V307_TCP\obj/../Peripheral/src/ch32v30x_eth.c:335
    tmpreg = ETH->MACMIIAR;
     d66:	4b98                	lw	a4,16(a5)
c:\Users\WaspYL\Desktop\c-language-practice\MRS代码\CH32V307_TCP\obj/../Peripheral/src/ch32v30x_eth.c:337
    tmpreg &= ~MACMIIAR_CR_MASK;
    tmpreg |= (((uint32_t)PHYAddress << 11) & ETH_MACMIIAR_PA);
     d68:	66c1                	lui	a3,0x10
     d6a:	16fd                	addi	a3,a3,-1
     d6c:	052e                	slli	a0,a0,0xb
     d6e:	8d75                	and	a0,a0,a3
c:\Users\WaspYL\Desktop\c-language-practice\MRS代码\CH32V307_TCP\obj/../Peripheral/src/ch32v30x_eth.c:336
    tmpreg &= ~MACMIIAR_CR_MASK;
     d70:	8b71                	andi	a4,a4,28
c:\Users\WaspYL\Desktop\c-language-practice\MRS代码\CH32V307_TCP\obj/../Peripheral/src/ch32v30x_eth.c:338
    tmpreg |= (((uint32_t)PHYReg << 6) & ETH_MACMIIAR_MR);
     d72:	059a                	slli	a1,a1,0x6
c:\Users\WaspYL\Desktop\c-language-practice\MRS代码\CH32V307_TCP\obj/../Peripheral/src/ch32v30x_eth.c:337
    tmpreg |= (((uint32_t)PHYAddress << 11) & ETH_MACMIIAR_PA);
     d74:	8d59                	or	a0,a0,a4
c:\Users\WaspYL\Desktop\c-language-practice\MRS代码\CH32V307_TCP\obj/../Peripheral/src/ch32v30x_eth.c:338
    tmpreg |= (((uint32_t)PHYReg << 6) & ETH_MACMIIAR_MR);
     d76:	7c05f593          	andi	a1,a1,1984
     d7a:	8dc9                	or	a1,a1,a0
c:\Users\WaspYL\Desktop\c-language-practice\MRS代码\CH32V307_TCP\obj/../Peripheral/src/ch32v30x_eth.c:341
    tmpreg |= ETH_MACMIIAR_MW;
    tmpreg |= ETH_MACMIIAR_MB;
    ETH->MACMIIDR = PHYValue;
     d7c:	cbd0                	sw	a2,20(a5)
c:\Users\WaspYL\Desktop\c-language-practice\MRS代码\CH32V307_TCP\obj/../Peripheral/src/ch32v30x_eth.c:340
    tmpreg |= ETH_MACMIIAR_MB;
     d7e:	0035e593          	ori	a1,a1,3
c:\Users\WaspYL\Desktop\c-language-practice\MRS代码\CH32V307_TCP\obj/../Peripheral/src/ch32v30x_eth.c:342
    ETH->MACMIIAR = tmpreg;
     d82:	cb8c                	sw	a1,16(a5)
c:\Users\WaspYL\Desktop\c-language-practice\MRS代码\CH32V307_TCP\obj/../Peripheral/src/ch32v30x_eth.c:348

    do
    {
        timeout++;
        tmpreg = ETH->MACMIIAR;
    } while((tmpreg & ETH_MACMIIAR_MB) && (timeout < (uint32_t)PHY_WRITE_TO));
     d84:	000507b7          	lui	a5,0x50
c:\Users\WaspYL\Desktop\c-language-practice\MRS代码\CH32V307_TCP\obj/../Peripheral/src/ch32v30x_eth.c:347
        tmpreg = ETH->MACMIIAR;
     d88:	400286b7          	lui	a3,0x40028
c:\Users\WaspYL\Desktop\c-language-practice\MRS代码\CH32V307_TCP\obj/../Peripheral/src/ch32v30x_eth.c:348
    } while((tmpreg & ETH_MACMIIAR_MB) && (timeout < (uint32_t)PHY_WRITE_TO));
     d8c:	17f9                	addi	a5,a5,-2
c:\Users\WaspYL\Desktop\c-language-practice\MRS代码\CH32V307_TCP\obj/../Peripheral/src/ch32v30x_eth.c:346 (discriminator 2)
        timeout++;
     d8e:	4732                	lw	a4,12(sp)
     d90:	0705                	addi	a4,a4,1
     d92:	c63a                	sw	a4,12(sp)
c:\Users\WaspYL\Desktop\c-language-practice\MRS代码\CH32V307_TCP\obj/../Peripheral/src/ch32v30x_eth.c:347 (discriminator 2)
        tmpreg = ETH->MACMIIAR;
     d94:	4a98                	lw	a4,16(a3)
c:\Users\WaspYL\Desktop\c-language-practice\MRS代码\CH32V307_TCP\obj/../Peripheral/src/ch32v30x_eth.c:348 (discriminator 2)
    } while((tmpreg & ETH_MACMIIAR_MB) && (timeout < (uint32_t)PHY_WRITE_TO));
     d96:	8b05                	andi	a4,a4,1
     d98:	c701                	beqz	a4,da0 <ETH_WritePHYRegister+0x42>
c:\Users\WaspYL\Desktop\c-language-practice\MRS代码\CH32V307_TCP\obj/../Peripheral/src/ch32v30x_eth.c:348 (discriminator 1)
     d9a:	4732                	lw	a4,12(sp)
     d9c:	fee7f9e3          	bgeu	a5,a4,d8e <ETH_WritePHYRegister+0x30>
c:\Users\WaspYL\Desktop\c-language-practice\MRS代码\CH32V307_TCP\obj/../Peripheral/src/ch32v30x_eth.c:350

    if(timeout >= PHY_WRITE_TO)
     da0:	4532                	lw	a0,12(sp)
c:\Users\WaspYL\Desktop\c-language-practice\MRS代码\CH32V307_TCP\obj/../Peripheral/src/ch32v30x_eth.c:356
    {
        return ETH_ERROR;
    }

    return ETH_SUCCESS;
}
     da2:	000507b7          	lui	a5,0x50
     da6:	17fd                	addi	a5,a5,-1
     da8:	00f53533          	sltu	a0,a0,a5
     dac:	0141                	addi	sp,sp,16
     dae:	8082                	ret

00000db0 <ETH_DMATxDescChainInit>:
ETH_DMATxDescChainInit():
c:\Users\WaspYL\Desktop\c-language-practice\MRS代码\CH32V307_TCP\obj/../Peripheral/src/ch32v30x_eth.c:712
void ETH_DMATxDescChainInit(ETH_DMADESCTypeDef *DMATxDescTab, uint8_t *TxBuff, uint32_t TxBuffCount)
{
    uint32_t            i = 0;
    ETH_DMADESCTypeDef *DMATxDesc;

    DMATxDescToSet = DMATxDescTab;
     db0:	86a1a423          	sw	a0,-1944(gp) # 20000088 <DMATxDescToSet>
c:\Users\WaspYL\Desktop\c-language-practice\MRS代码\CH32V307_TCP\obj/../Peripheral/src/ch32v30x_eth.c:714

    for(i = 0; i < TxBuffCount; i++)
     db4:	872a                	mv	a4,a0
     db6:	4781                	li	a5,0
c:\Users\WaspYL\Desktop\c-language-practice\MRS代码\CH32V307_TCP\obj/../Peripheral/src/ch32v30x_eth.c:717
    {
        DMATxDesc = DMATxDescTab + i;
        DMATxDesc->Status = ETH_DMATxDesc_TCH | ETH_DMATxDesc_IC;
     db8:	401008b7          	lui	a7,0x40100
c:\Users\WaspYL\Desktop\c-language-practice\MRS代码\CH32V307_TCP\obj/../Peripheral/src/ch32v30x_eth.c:718
        DMATxDesc->Buffer1Addr = (uint32_t)(&TxBuff[i * ETH_MAX_PACKET_SIZE]);
     dbc:	5f400313          	li	t1,1524
c:\Users\WaspYL\Desktop\c-language-practice\MRS代码\CH32V307_TCP\obj/../Peripheral/src/ch32v30x_eth.c:720

        if(i < (TxBuffCount - 1))
     dc0:	fff60e13          	addi	t3,a2,-1 # ffff <_data_lma+0x69cb>
c:\Users\WaspYL\Desktop\c-language-practice\MRS代码\CH32V307_TCP\obj/../Peripheral/src/ch32v30x_eth.c:714 (discriminator 1)
    for(i = 0; i < TxBuffCount; i++)
     dc4:	00c79663          	bne	a5,a2,dd0 <ETH_DMATxDescChainInit+0x20>
c:\Users\WaspYL\Desktop\c-language-practice\MRS代码\CH32V307_TCP\obj/../Peripheral/src/ch32v30x_eth.c:730
        {
            DMATxDesc->Buffer2NextDescAddr = (uint32_t)DMATxDescTab;
        }
    }

    ETH->DMATDLAR = (uint32_t)DMATxDescTab;
     dc8:	400297b7          	lui	a5,0x40029
     dcc:	cb88                	sw	a0,16(a5)
c:\Users\WaspYL\Desktop\c-language-practice\MRS代码\CH32V307_TCP\obj/../Peripheral/src/ch32v30x_eth.c:731
}
     dce:	8082                	ret
c:\Users\WaspYL\Desktop\c-language-practice\MRS代码\CH32V307_TCP\obj/../Peripheral/src/ch32v30x_eth.c:718
        DMATxDesc->Buffer1Addr = (uint32_t)(&TxBuff[i * ETH_MAX_PACKET_SIZE]);
     dd0:	026786b3          	mul	a3,a5,t1
c:\Users\WaspYL\Desktop\c-language-practice\MRS代码\CH32V307_TCP\obj/../Peripheral/src/ch32v30x_eth.c:717
        DMATxDesc->Status = ETH_DMATxDesc_TCH | ETH_DMATxDesc_IC;
     dd4:	01172023          	sw	a7,0(a4) # 10000 <_data_lma+0x69cc>
c:\Users\WaspYL\Desktop\c-language-practice\MRS代码\CH32V307_TCP\obj/../Peripheral/src/ch32v30x_eth.c:718
        DMATxDesc->Buffer1Addr = (uint32_t)(&TxBuff[i * ETH_MAX_PACKET_SIZE]);
     dd8:	882a                	mv	a6,a0
     dda:	96ae                	add	a3,a3,a1
     ddc:	c714                	sw	a3,8(a4)
c:\Users\WaspYL\Desktop\c-language-practice\MRS代码\CH32V307_TCP\obj/../Peripheral/src/ch32v30x_eth.c:720
        if(i < (TxBuffCount - 1))
     dde:	01070693          	addi	a3,a4,16
     de2:	01c7f363          	bgeu	a5,t3,de8 <ETH_DMATxDescChainInit+0x38>
c:\Users\WaspYL\Desktop\c-language-practice\MRS代码\CH32V307_TCP\obj/../Peripheral/src/ch32v30x_eth.c:722
            DMATxDesc->Buffer2NextDescAddr = (uint32_t)(DMATxDescTab + i + 1);
     de6:	8836                	mv	a6,a3
     de8:	01072623          	sw	a6,12(a4)
     dec:	0785                	addi	a5,a5,1
     dee:	8736                	mv	a4,a3
     df0:	bfd1                	j	dc4 <ETH_DMATxDescChainInit+0x14>

00000df2 <ETH_DMARxDescChainInit>:
ETH_DMARxDescChainInit():
c:\Users\WaspYL\Desktop\c-language-practice\MRS代码\CH32V307_TCP\obj/../Peripheral/src/ch32v30x_eth.c:1046

    for(i = 0; i < RxBuffCount; i++)
    {
        DMARxDesc = DMARxDescTab + i;
        DMARxDesc->Status = ETH_DMARxDesc_OWN;
        DMARxDesc->ControlBufferSize = ETH_DMARxDesc_RCH | (uint32_t)ETH_MAX_PACKET_SIZE;
     df2:	6691                	lui	a3,0x4
c:\Users\WaspYL\Desktop\c-language-practice\MRS代码\CH32V307_TCP\obj/../Peripheral/src/ch32v30x_eth.c:1040
    DMARxDescToGet = DMARxDescTab;
     df4:	86a1a223          	sw	a0,-1948(gp) # 20000084 <DMARxDescToGet>
c:\Users\WaspYL\Desktop\c-language-practice\MRS代码\CH32V307_TCP\obj/../Peripheral/src/ch32v30x_eth.c:1042
    for(i = 0; i < RxBuffCount; i++)
     df8:	4701                	li	a4,0
     dfa:	87aa                	mv	a5,a0
c:\Users\WaspYL\Desktop\c-language-practice\MRS代码\CH32V307_TCP\obj/../Peripheral/src/ch32v30x_eth.c:1045
        DMARxDesc->Status = ETH_DMARxDesc_OWN;
     dfc:	80000337          	lui	t1,0x80000
c:\Users\WaspYL\Desktop\c-language-practice\MRS代码\CH32V307_TCP\obj/../Peripheral/src/ch32v30x_eth.c:1046
        DMARxDesc->ControlBufferSize = ETH_DMARxDesc_RCH | (uint32_t)ETH_MAX_PACKET_SIZE;
     e00:	5f468693          	addi	a3,a3,1524 # 45f4 <ip_reass+0x118>
c:\Users\WaspYL\Desktop\c-language-practice\MRS代码\CH32V307_TCP\obj/../Peripheral/src/ch32v30x_eth.c:1047
        DMARxDesc->Buffer1Addr = (uint32_t)(&RxBuff[i * ETH_MAX_PACKET_SIZE]);
     e04:	5f400e13          	li	t3,1524
c:\Users\WaspYL\Desktop\c-language-practice\MRS代码\CH32V307_TCP\obj/../Peripheral/src/ch32v30x_eth.c:1049

        if(i < (RxBuffCount - 1))
     e08:	fff60e93          	addi	t4,a2,-1
c:\Users\WaspYL\Desktop\c-language-practice\MRS代码\CH32V307_TCP\obj/../Peripheral/src/ch32v30x_eth.c:1042 (discriminator 1)
    for(i = 0; i < RxBuffCount; i++)
     e0c:	00c71663          	bne	a4,a2,e18 <ETH_DMARxDescChainInit+0x26>
c:\Users\WaspYL\Desktop\c-language-practice\MRS代码\CH32V307_TCP\obj/../Peripheral/src/ch32v30x_eth.c:1059
        {
            DMARxDesc->Buffer2NextDescAddr = (uint32_t)(DMARxDescTab);
        }
    }

    ETH->DMARDLAR = (uint32_t)DMARxDescTab;
     e10:	400297b7          	lui	a5,0x40029
     e14:	c7c8                	sw	a0,12(a5)
c:\Users\WaspYL\Desktop\c-language-practice\MRS代码\CH32V307_TCP\obj/../Peripheral/src/ch32v30x_eth.c:1060
}
     e16:	8082                	ret
c:\Users\WaspYL\Desktop\c-language-practice\MRS代码\CH32V307_TCP\obj/../Peripheral/src/ch32v30x_eth.c:1047
        DMARxDesc->Buffer1Addr = (uint32_t)(&RxBuff[i * ETH_MAX_PACKET_SIZE]);
     e18:	03c70833          	mul	a6,a4,t3
c:\Users\WaspYL\Desktop\c-language-practice\MRS代码\CH32V307_TCP\obj/../Peripheral/src/ch32v30x_eth.c:1045
        DMARxDesc->Status = ETH_DMARxDesc_OWN;
     e1c:	0067a023          	sw	t1,0(a5) # 40029000 <_eusrstack+0x20021000>
c:\Users\WaspYL\Desktop\c-language-practice\MRS代码\CH32V307_TCP\obj/../Peripheral/src/ch32v30x_eth.c:1046
        DMARxDesc->ControlBufferSize = ETH_DMARxDesc_RCH | (uint32_t)ETH_MAX_PACKET_SIZE;
     e20:	c3d4                	sw	a3,4(a5)
c:\Users\WaspYL\Desktop\c-language-practice\MRS代码\CH32V307_TCP\obj/../Peripheral/src/ch32v30x_eth.c:1047
        DMARxDesc->Buffer1Addr = (uint32_t)(&RxBuff[i * ETH_MAX_PACKET_SIZE]);
     e22:	88aa                	mv	a7,a0
     e24:	982e                	add	a6,a6,a1
     e26:	0107a423          	sw	a6,8(a5)
c:\Users\WaspYL\Desktop\c-language-practice\MRS代码\CH32V307_TCP\obj/../Peripheral/src/ch32v30x_eth.c:1049
        if(i < (RxBuffCount - 1))
     e2a:	01078813          	addi	a6,a5,16
     e2e:	01d77363          	bgeu	a4,t4,e34 <ETH_DMARxDescChainInit+0x42>
c:\Users\WaspYL\Desktop\c-language-practice\MRS代码\CH32V307_TCP\obj/../Peripheral/src/ch32v30x_eth.c:1051
            DMARxDesc->Buffer2NextDescAddr = (uint32_t)(DMARxDescTab + i + 1);
     e32:	88c2                	mv	a7,a6
     e34:	0117a623          	sw	a7,12(a5)
     e38:	0705                	addi	a4,a4,1
     e3a:	87c2                	mv	a5,a6
     e3c:	bfc1                	j	e0c <ETH_DMARxDescChainInit+0x1a>

00000e3e <ETH_SoftwareReset>:
ETH_SoftwareReset():
c:\Users\WaspYL\Desktop\c-language-practice\MRS代码\CH32V307_TCP\obj/../Peripheral/src/ch32v30x_eth.c:1269
 *
 * @return  none
 */
void ETH_SoftwareReset(void)
{
    ETH->DMABMR |= ETH_DMABMR_SR;
     e3e:	40029737          	lui	a4,0x40029
     e42:	431c                	lw	a5,0(a4)
     e44:	0017e793          	ori	a5,a5,1
     e48:	c31c                	sw	a5,0(a4)
c:\Users\WaspYL\Desktop\c-language-practice\MRS代码\CH32V307_TCP\obj/../Peripheral/src/ch32v30x_eth.c:1270
}
     e4a:	8082                	ret

00000e4c <ETH_DMAClearITPendingBit>:
ETH_DMAClearITPendingBit():
     e4c:	400297b7          	lui	a5,0x40029
     e50:	cbc8                	sw	a0,20(a5)
     e52:	8082                	ret

00000e54 <ETH_FlushTransmitFIFO>:
ETH_FlushTransmitFIFO():
c:\Users\WaspYL\Desktop\c-language-practice\MRS代码\CH32V307_TCP\obj/../Peripheral/src/ch32v30x_eth.c:1507
 *
 * @return  none
 */
void ETH_FlushTransmitFIFO(void)
{
    ETH->DMAOMR |= ETH_DMAOMR_FTF;
     e54:	40029737          	lui	a4,0x40029
     e58:	4f1c                	lw	a5,24(a4)
     e5a:	001006b7          	lui	a3,0x100
     e5e:	8fd5                	or	a5,a5,a3
     e60:	cf1c                	sw	a5,24(a4)
c:\Users\WaspYL\Desktop\c-language-practice\MRS代码\CH32V307_TCP\obj/../Peripheral/src/ch32v30x_eth.c:1508
}
     e62:	8082                	ret

00000e64 <ETH_Start>:
ETH_Start():
c:\Users\WaspYL\Desktop\c-language-practice\MRS代码\CH32V307_TCP\obj/../Peripheral/src/ch32v30x_eth.c:107
{
     e64:	b8cff2ef          	jal	t0,1f0 <__riscv_save_0>
ETH_MACTransmissionCmd():
c:\Users\WaspYL\Desktop\c-language-practice\MRS代码\CH32V307_TCP\obj/../Peripheral/src/ch32v30x_eth.c:407
        ETH->MACCR |= ETH_MACCR_TE;
     e68:	40028437          	lui	s0,0x40028
     e6c:	401c                	lw	a5,0(s0)
     e6e:	0087e793          	ori	a5,a5,8
     e72:	c01c                	sw	a5,0(s0)
ETH_Start():
c:\Users\WaspYL\Desktop\c-language-practice\MRS代码\CH32V307_TCP\obj/../Peripheral/src/ch32v30x_eth.c:109
    ETH_FlushTransmitFIFO();
     e74:	37c5                	jal	e54 <ETH_FlushTransmitFIFO>
ETH_MACReceptionCmd():
c:\Users\WaspYL\Desktop\c-language-practice\MRS代码\CH32V307_TCP\obj/../Peripheral/src/ch32v30x_eth.c:428
        ETH->MACCR |= ETH_MACCR_RE;
     e76:	401c                	lw	a5,0(s0)
ETH_DMATransmissionCmd():
c:\Users\WaspYL\Desktop\c-language-practice\MRS代码\CH32V307_TCP\obj/../Peripheral/src/ch32v30x_eth.c:1544
 */
void ETH_DMATransmissionCmd(FunctionalState NewState)
{
    if(NewState != DISABLE)
    {
        ETH->DMAOMR |= ETH_DMAOMR_ST;
     e78:	6689                	lui	a3,0x2
ETH_MACReceptionCmd():
c:\Users\WaspYL\Desktop\c-language-practice\MRS代码\CH32V307_TCP\obj/../Peripheral/src/ch32v30x_eth.c:428
        ETH->MACCR |= ETH_MACCR_RE;
     e7a:	0047e793          	ori	a5,a5,4
     e7e:	c01c                	sw	a5,0(s0)
ETH_DMATransmissionCmd():
c:\Users\WaspYL\Desktop\c-language-practice\MRS代码\CH32V307_TCP\obj/../Peripheral/src/ch32v30x_eth.c:1544
        ETH->DMAOMR |= ETH_DMAOMR_ST;
     e80:	400297b7          	lui	a5,0x40029
     e84:	4f98                	lw	a4,24(a5)
     e86:	8f55                	or	a4,a4,a3
     e88:	cf98                	sw	a4,24(a5)
ETH_DMAReceptionCmd():
c:\Users\WaspYL\Desktop\c-language-practice\MRS代码\CH32V307_TCP\obj/../Peripheral/src/ch32v30x_eth.c:1565
 */
void ETH_DMAReceptionCmd(FunctionalState NewState)
{
    if(NewState != DISABLE)
    {
        ETH->DMAOMR |= ETH_DMAOMR_SR;
     e8a:	4f98                	lw	a4,24(a5)
     e8c:	00276713          	ori	a4,a4,2
     e90:	cf98                	sw	a4,24(a5)
ETH_Start():
c:\Users\WaspYL\Desktop\c-language-practice\MRS代码\CH32V307_TCP\obj/../Peripheral/src/ch32v30x_eth.c:113
}
     e92:	b82ff06f          	j	214 <__riscv_restore_0>

00000e96 <ETH_DMAITConfig>:
ETH_DMAITConfig():
c:\Users\WaspYL\Desktop\c-language-practice\MRS代码\CH32V307_TCP\obj/../Peripheral/src/ch32v30x_eth.c:1602
 *
 * @return  new state of the specified ETHERNET DMA interrupts.
 */
void ETH_DMAITConfig(uint32_t ETH_DMA_IT, FunctionalState NewState)
{
    if(NewState != DISABLE)
     e96:	c599                	beqz	a1,ea4 <ETH_DMAITConfig+0xe>
c:\Users\WaspYL\Desktop\c-language-practice\MRS代码\CH32V307_TCP\obj/../Peripheral/src/ch32v30x_eth.c:1604
    {
        ETH->DMAIER |= ETH_DMA_IT;
     e98:	40029737          	lui	a4,0x40029
     e9c:	4f5c                	lw	a5,28(a4)
     e9e:	8d5d                	or	a0,a0,a5
     ea0:	cf48                	sw	a0,28(a4)
     ea2:	8082                	ret
c:\Users\WaspYL\Desktop\c-language-practice\MRS代码\CH32V307_TCP\obj/../Peripheral/src/ch32v30x_eth.c:1608
    }
    else
    {
        ETH->DMAIER &= (~(uint32_t)ETH_DMA_IT);
     ea4:	400297b7          	lui	a5,0x40029
     ea8:	4fd8                	lw	a4,28(a5)
     eaa:	fff54513          	not	a0,a0
     eae:	8d79                	and	a0,a0,a4
     eb0:	cfc8                	sw	a0,28(a5)
c:\Users\WaspYL\Desktop\c-language-practice\MRS代码\CH32V307_TCP\obj/../Peripheral/src/ch32v30x_eth.c:1610
    }
}
     eb2:	8082                	ret

00000eb4 <EXTI_ClearITPendingBit>:
EXTI_ClearITPendingBit():
     eb4:	400107b7          	lui	a5,0x40010
     eb8:	40a7aa23          	sw	a0,1044(a5) # 40010414 <_eusrstack+0x20008414>
     ebc:	8082                	ret

00000ebe <GPIO_Init>:
GPIO_Init():
c:\Users\WaspYL\Desktop\c-language-practice\MRS代码\CH32V307_TCP\obj/../Peripheral/src/ch32v30x_gpio.c:90
void GPIO_Init(GPIO_TypeDef *GPIOx, GPIO_InitTypeDef *GPIO_InitStruct)
{
    uint32_t currentmode = 0x00, currentpin = 0x00, pinpos = 0x00, pos = 0x00;
    uint32_t tmpreg = 0x00, pinmask = 0x00;

    currentmode = ((uint32_t)GPIO_InitStruct->GPIO_Mode) & ((uint32_t)0x0F);
     ebe:	459c                	lw	a5,8(a1)
c:\Users\WaspYL\Desktop\c-language-practice\MRS代码\CH32V307_TCP\obj/../Peripheral/src/ch32v30x_gpio.c:92

    if((((uint32_t)GPIO_InitStruct->GPIO_Mode) & ((uint32_t)0x10)) != 0x00)
     ec0:	0107f713          	andi	a4,a5,16
c:\Users\WaspYL\Desktop\c-language-practice\MRS代码\CH32V307_TCP\obj/../Peripheral/src/ch32v30x_gpio.c:90
    currentmode = ((uint32_t)GPIO_InitStruct->GPIO_Mode) & ((uint32_t)0x0F);
     ec4:	00f7f813          	andi	a6,a5,15
c:\Users\WaspYL\Desktop\c-language-practice\MRS代码\CH32V307_TCP\obj/../Peripheral/src/ch32v30x_gpio.c:92
    if((((uint32_t)GPIO_InitStruct->GPIO_Mode) & ((uint32_t)0x10)) != 0x00)
     ec8:	c701                	beqz	a4,ed0 <GPIO_Init+0x12>
c:\Users\WaspYL\Desktop\c-language-practice\MRS代码\CH32V307_TCP\obj/../Peripheral/src/ch32v30x_gpio.c:94
    {
        currentmode |= (uint32_t)GPIO_InitStruct->GPIO_Speed;
     eca:	41d8                	lw	a4,4(a1)
     ecc:	00e86833          	or	a6,a6,a4
c:\Users\WaspYL\Desktop\c-language-practice\MRS代码\CH32V307_TCP\obj/../Peripheral/src/ch32v30x_gpio.c:97
    }

    if(((uint32_t)GPIO_InitStruct->GPIO_Pin & ((uint32_t)0x00FF)) != 0x00)
     ed0:	218e                	lhu	a1,0(a1)
     ed2:	0ff5f713          	andi	a4,a1,255
     ed6:	c339                	beqz	a4,f1c <GPIO_Init+0x5e>
c:\Users\WaspYL\Desktop\c-language-practice\MRS代码\CH32V307_TCP\obj/../Peripheral/src/ch32v30x_gpio.c:99
    {
        tmpreg = GPIOx->CFGLR;
     ed8:	4118                	lw	a4,0(a0)
c:\Users\WaspYL\Desktop\c-language-practice\MRS代码\CH32V307_TCP\obj/../Peripheral/src/ch32v30x_gpio.c:101

        for(pinpos = 0x00; pinpos < 0x08; pinpos++)
     eda:	4681                	li	a3,0
c:\Users\WaspYL\Desktop\c-language-practice\MRS代码\CH32V307_TCP\obj/../Peripheral/src/ch32v30x_gpio.c:103
        {
            pos = ((uint32_t)0x01) << pinpos;
     edc:	4e85                	li	t4,1
c:\Users\WaspYL\Desktop\c-language-practice\MRS代码\CH32V307_TCP\obj/../Peripheral/src/ch32v30x_gpio.c:109
            currentpin = (GPIO_InitStruct->GPIO_Pin) & pos;

            if(currentpin == pos)
            {
                pos = pinpos << 2;
                pinmask = ((uint32_t)0x0F) << pos;
     ede:	4f3d                	li	t5,15
c:\Users\WaspYL\Desktop\c-language-practice\MRS代码\CH32V307_TCP\obj/../Peripheral/src/ch32v30x_gpio.c:113
                tmpreg &= ~pinmask;
                tmpreg |= (currentmode << pos);

                if(GPIO_InitStruct->GPIO_Mode == GPIO_Mode_IPD)
     ee0:	02800f93          	li	t6,40
c:\Users\WaspYL\Desktop\c-language-practice\MRS代码\CH32V307_TCP\obj/../Peripheral/src/ch32v30x_gpio.c:119
                {
                    GPIOx->BCR = (((uint32_t)0x01) << pinpos);
                }
                else
                {
                    if(GPIO_InitStruct->GPIO_Mode == GPIO_Mode_IPU)
     ee4:	04800293          	li	t0,72
c:\Users\WaspYL\Desktop\c-language-practice\MRS代码\CH32V307_TCP\obj/../Peripheral/src/ch32v30x_gpio.c:101
        for(pinpos = 0x00; pinpos < 0x08; pinpos++)
     ee8:	4e21                	li	t3,8
c:\Users\WaspYL\Desktop\c-language-practice\MRS代码\CH32V307_TCP\obj/../Peripheral/src/ch32v30x_gpio.c:103
            pos = ((uint32_t)0x01) << pinpos;
     eea:	00de9633          	sll	a2,t4,a3
c:\Users\WaspYL\Desktop\c-language-practice\MRS代码\CH32V307_TCP\obj/../Peripheral/src/ch32v30x_gpio.c:104
            currentpin = (GPIO_InitStruct->GPIO_Pin) & pos;
     eee:	00c5f8b3          	and	a7,a1,a2
c:\Users\WaspYL\Desktop\c-language-practice\MRS代码\CH32V307_TCP\obj/../Peripheral/src/ch32v30x_gpio.c:106
            if(currentpin == pos)
     ef2:	03161163          	bne	a2,a7,f14 <GPIO_Init+0x56>
c:\Users\WaspYL\Desktop\c-language-practice\MRS代码\CH32V307_TCP\obj/../Peripheral/src/ch32v30x_gpio.c:108
                pos = pinpos << 2;
     ef6:	00269893          	slli	a7,a3,0x2
c:\Users\WaspYL\Desktop\c-language-practice\MRS代码\CH32V307_TCP\obj/../Peripheral/src/ch32v30x_gpio.c:109
                pinmask = ((uint32_t)0x0F) << pos;
     efa:	011f1333          	sll	t1,t5,a7
c:\Users\WaspYL\Desktop\c-language-practice\MRS代码\CH32V307_TCP\obj/../Peripheral/src/ch32v30x_gpio.c:110
                tmpreg &= ~pinmask;
     efe:	fff34313          	not	t1,t1
     f02:	00e37733          	and	a4,t1,a4
c:\Users\WaspYL\Desktop\c-language-practice\MRS代码\CH32V307_TCP\obj/../Peripheral/src/ch32v30x_gpio.c:111
                tmpreg |= (currentmode << pos);
     f06:	011818b3          	sll	a7,a6,a7
     f0a:	00e8e733          	or	a4,a7,a4
c:\Users\WaspYL\Desktop\c-language-practice\MRS代码\CH32V307_TCP\obj/../Peripheral/src/ch32v30x_gpio.c:113
                if(GPIO_InitStruct->GPIO_Mode == GPIO_Mode_IPD)
     f0e:	05f79f63          	bne	a5,t6,f6c <GPIO_Init+0xae>
c:\Users\WaspYL\Desktop\c-language-practice\MRS代码\CH32V307_TCP\obj/../Peripheral/src/ch32v30x_gpio.c:115
                    GPIOx->BCR = (((uint32_t)0x01) << pinpos);
     f12:	c950                	sw	a2,20(a0)
c:\Users\WaspYL\Desktop\c-language-practice\MRS代码\CH32V307_TCP\obj/../Peripheral/src/ch32v30x_gpio.c:101 (discriminator 2)
        for(pinpos = 0x00; pinpos < 0x08; pinpos++)
     f14:	0685                	addi	a3,a3,1
     f16:	fdc69ae3          	bne	a3,t3,eea <GPIO_Init+0x2c>
c:\Users\WaspYL\Desktop\c-language-practice\MRS代码\CH32V307_TCP\obj/../Peripheral/src/ch32v30x_gpio.c:126
                        GPIOx->BSHR = (((uint32_t)0x01) << pinpos);
                    }
                }
            }
        }
        GPIOx->CFGLR = tmpreg;
     f1a:	c118                	sw	a4,0(a0)
c:\Users\WaspYL\Desktop\c-language-practice\MRS代码\CH32V307_TCP\obj/../Peripheral/src/ch32v30x_gpio.c:129
    }

    if(GPIO_InitStruct->GPIO_Pin > 0x00FF)
     f1c:	0ff00713          	li	a4,255
     f20:	04b77563          	bgeu	a4,a1,f6a <GPIO_Init+0xac>
c:\Users\WaspYL\Desktop\c-language-practice\MRS代码\CH32V307_TCP\obj/../Peripheral/src/ch32v30x_gpio.c:131
    {
        tmpreg = GPIOx->CFGHR;
     f24:	4154                	lw	a3,4(a0)
     f26:	4621                	li	a2,8
c:\Users\WaspYL\Desktop\c-language-practice\MRS代码\CH32V307_TCP\obj/../Peripheral/src/ch32v30x_gpio.c:135

        for(pinpos = 0x00; pinpos < 0x08; pinpos++)
        {
            pos = (((uint32_t)0x01) << (pinpos + 0x08));
     f28:	4e85                	li	t4,1
c:\Users\WaspYL\Desktop\c-language-practice\MRS代码\CH32V307_TCP\obj/../Peripheral/src/ch32v30x_gpio.c:141
            currentpin = ((GPIO_InitStruct->GPIO_Pin) & pos);

            if(currentpin == pos)
            {
                pos = pinpos << 2;
                pinmask = ((uint32_t)0x0F) << pos;
     f2a:	4f3d                	li	t5,15
c:\Users\WaspYL\Desktop\c-language-practice\MRS代码\CH32V307_TCP\obj/../Peripheral/src/ch32v30x_gpio.c:145
                tmpreg &= ~pinmask;
                tmpreg |= (currentmode << pos);

                if(GPIO_InitStruct->GPIO_Mode == GPIO_Mode_IPD)
     f2c:	02800f93          	li	t6,40
c:\Users\WaspYL\Desktop\c-language-practice\MRS代码\CH32V307_TCP\obj/../Peripheral/src/ch32v30x_gpio.c:150
                {
                    GPIOx->BCR = (((uint32_t)0x01) << (pinpos + 0x08));
                }

                if(GPIO_InitStruct->GPIO_Mode == GPIO_Mode_IPU)
     f30:	04800293          	li	t0,72
c:\Users\WaspYL\Desktop\c-language-practice\MRS代码\CH32V307_TCP\obj/../Peripheral/src/ch32v30x_gpio.c:133
        for(pinpos = 0x00; pinpos < 0x08; pinpos++)
     f34:	4e41                	li	t3,16
c:\Users\WaspYL\Desktop\c-language-practice\MRS代码\CH32V307_TCP\obj/../Peripheral/src/ch32v30x_gpio.c:135
            pos = (((uint32_t)0x01) << (pinpos + 0x08));
     f36:	00ce98b3          	sll	a7,t4,a2
c:\Users\WaspYL\Desktop\c-language-practice\MRS代码\CH32V307_TCP\obj/../Peripheral/src/ch32v30x_gpio.c:136
            currentpin = ((GPIO_InitStruct->GPIO_Pin) & pos);
     f3a:	0115f733          	and	a4,a1,a7
c:\Users\WaspYL\Desktop\c-language-practice\MRS代码\CH32V307_TCP\obj/../Peripheral/src/ch32v30x_gpio.c:138
            if(currentpin == pos)
     f3e:	02e89263          	bne	a7,a4,f62 <GPIO_Init+0xa4>
c:\Users\WaspYL\Desktop\c-language-practice\MRS代码\CH32V307_TCP\obj/../Peripheral/src/ch32v30x_gpio.c:140
                pos = pinpos << 2;
     f42:	00261713          	slli	a4,a2,0x2
     f46:	1701                	addi	a4,a4,-32
c:\Users\WaspYL\Desktop\c-language-practice\MRS代码\CH32V307_TCP\obj/../Peripheral/src/ch32v30x_gpio.c:141
                pinmask = ((uint32_t)0x0F) << pos;
     f48:	00ef1333          	sll	t1,t5,a4
c:\Users\WaspYL\Desktop\c-language-practice\MRS代码\CH32V307_TCP\obj/../Peripheral/src/ch32v30x_gpio.c:142
                tmpreg &= ~pinmask;
     f4c:	fff34313          	not	t1,t1
     f50:	00d376b3          	and	a3,t1,a3
c:\Users\WaspYL\Desktop\c-language-practice\MRS代码\CH32V307_TCP\obj/../Peripheral/src/ch32v30x_gpio.c:143
                tmpreg |= (currentmode << pos);
     f54:	00e81733          	sll	a4,a6,a4
     f58:	8ed9                	or	a3,a3,a4
c:\Users\WaspYL\Desktop\c-language-practice\MRS代码\CH32V307_TCP\obj/../Peripheral/src/ch32v30x_gpio.c:145
                if(GPIO_InitStruct->GPIO_Mode == GPIO_Mode_IPD)
     f5a:	01f79d63          	bne	a5,t6,f74 <GPIO_Init+0xb6>
c:\Users\WaspYL\Desktop\c-language-practice\MRS代码\CH32V307_TCP\obj/../Peripheral/src/ch32v30x_gpio.c:147
                    GPIOx->BCR = (((uint32_t)0x01) << (pinpos + 0x08));
     f5e:	01152a23          	sw	a7,20(a0) # 4014 <ip_input+0x92>
c:\Users\WaspYL\Desktop\c-language-practice\MRS代码\CH32V307_TCP\obj/../Peripheral/src/ch32v30x_gpio.c:150
                if(GPIO_InitStruct->GPIO_Mode == GPIO_Mode_IPU)
     f62:	0605                	addi	a2,a2,1
c:\Users\WaspYL\Desktop\c-language-practice\MRS代码\CH32V307_TCP\obj/../Peripheral/src/ch32v30x_gpio.c:133 (discriminator 2)
        for(pinpos = 0x00; pinpos < 0x08; pinpos++)
     f64:	fdc619e3          	bne	a2,t3,f36 <GPIO_Init+0x78>
c:\Users\WaspYL\Desktop\c-language-practice\MRS代码\CH32V307_TCP\obj/../Peripheral/src/ch32v30x_gpio.c:156
                {
                    GPIOx->BSHR = (((uint32_t)0x01) << (pinpos + 0x08));
                }
            }
        }
        GPIOx->CFGHR = tmpreg;
     f68:	c154                	sw	a3,4(a0)
c:\Users\WaspYL\Desktop\c-language-practice\MRS代码\CH32V307_TCP\obj/../Peripheral/src/ch32v30x_gpio.c:158
    }
}
     f6a:	8082                	ret
c:\Users\WaspYL\Desktop\c-language-practice\MRS代码\CH32V307_TCP\obj/../Peripheral/src/ch32v30x_gpio.c:119
                    if(GPIO_InitStruct->GPIO_Mode == GPIO_Mode_IPU)
     f6c:	fa5794e3          	bne	a5,t0,f14 <GPIO_Init+0x56>
c:\Users\WaspYL\Desktop\c-language-practice\MRS代码\CH32V307_TCP\obj/../Peripheral/src/ch32v30x_gpio.c:121
                        GPIOx->BSHR = (((uint32_t)0x01) << pinpos);
     f70:	c910                	sw	a2,16(a0)
     f72:	b74d                	j	f14 <GPIO_Init+0x56>
c:\Users\WaspYL\Desktop\c-language-practice\MRS代码\CH32V307_TCP\obj/../Peripheral/src/ch32v30x_gpio.c:150
                if(GPIO_InitStruct->GPIO_Mode == GPIO_Mode_IPU)
     f74:	fe5797e3          	bne	a5,t0,f62 <GPIO_Init+0xa4>
c:\Users\WaspYL\Desktop\c-language-practice\MRS代码\CH32V307_TCP\obj/../Peripheral/src/ch32v30x_gpio.c:152
                    GPIOx->BSHR = (((uint32_t)0x01) << (pinpos + 0x08));
     f78:	01152823          	sw	a7,16(a0)
     f7c:	b7dd                	j	f62 <GPIO_Init+0xa4>

00000f7e <GPIO_ReadInputDataBit>:
GPIO_ReadInputDataBit():
c:\Users\WaspYL\Desktop\c-language-practice\MRS代码\CH32V307_TCP\obj/../Peripheral/src/ch32v30x_gpio.c:191
 */
uint8_t GPIO_ReadInputDataBit(GPIO_TypeDef *GPIOx, uint16_t GPIO_Pin)
{
    uint8_t bitstatus = 0x00;

    if((GPIOx->INDR & GPIO_Pin) != (uint32_t)Bit_RESET)
     f7e:	4508                	lw	a0,8(a0)
     f80:	8d6d                	and	a0,a0,a1
c:\Users\WaspYL\Desktop\c-language-practice\MRS代码\CH32V307_TCP\obj/../Peripheral/src/ch32v30x_gpio.c:201
    {
        bitstatus = (uint8_t)Bit_RESET;
    }

    return bitstatus;
}
     f82:	00a03533          	snez	a0,a0
     f86:	8082                	ret

00000f88 <GPIO_SetBits>:
GPIO_SetBits():
c:\Users\WaspYL\Desktop\c-language-practice\MRS代码\CH32V307_TCP\obj/../Peripheral/src/ch32v30x_gpio.c:271
 *
 * @return  none
 */
void GPIO_SetBits(GPIO_TypeDef *GPIOx, uint16_t GPIO_Pin)
{
    GPIOx->BSHR = GPIO_Pin;
     f88:	c90c                	sw	a1,16(a0)
c:\Users\WaspYL\Desktop\c-language-practice\MRS代码\CH32V307_TCP\obj/../Peripheral/src/ch32v30x_gpio.c:272
}
     f8a:	8082                	ret

00000f8c <GPIO_ResetBits>:
GPIO_ResetBits():
c:\Users\WaspYL\Desktop\c-language-practice\MRS代码\CH32V307_TCP\obj/../Peripheral/src/ch32v30x_gpio.c:287
 *
 * @return  none
 */
void GPIO_ResetBits(GPIO_TypeDef *GPIOx, uint16_t GPIO_Pin)
{
    GPIOx->BCR = GPIO_Pin;
     f8c:	c94c                	sw	a1,20(a0)
c:\Users\WaspYL\Desktop\c-language-practice\MRS代码\CH32V307_TCP\obj/../Peripheral/src/ch32v30x_gpio.c:288
}
     f8e:	8082                	ret

00000f90 <GPIO_WriteBit>:
GPIO_WriteBit():
c:\Users\WaspYL\Desktop\c-language-practice\MRS代码\CH32V307_TCP\obj/../Peripheral/src/ch32v30x_gpio.c:305
 *
 * @return  none
 */
void GPIO_WriteBit(GPIO_TypeDef *GPIOx, uint16_t GPIO_Pin, BitAction BitVal)
{
    if(BitVal != Bit_RESET)
     f90:	c219                	beqz	a2,f96 <GPIO_WriteBit+0x6>
c:\Users\WaspYL\Desktop\c-language-practice\MRS代码\CH32V307_TCP\obj/../Peripheral/src/ch32v30x_gpio.c:307
    {
        GPIOx->BSHR = GPIO_Pin;
     f92:	c90c                	sw	a1,16(a0)
     f94:	8082                	ret
c:\Users\WaspYL\Desktop\c-language-practice\MRS代码\CH32V307_TCP\obj/../Peripheral/src/ch32v30x_gpio.c:311
    }
    else
    {
        GPIOx->BCR = GPIO_Pin;
     f96:	c94c                	sw	a1,20(a0)
c:\Users\WaspYL\Desktop\c-language-practice\MRS代码\CH32V307_TCP\obj/../Peripheral/src/ch32v30x_gpio.c:313
    }
}
     f98:	8082                	ret

00000f9a <RCC_GetClocksFreq>:
RCC_GetClocksFreq():
c:\Users\WaspYL\Desktop\c-language-practice\MRS代码\CH32V307_TCP\obj/../Peripheral/src/ch32v30x_rcc.c:585
#ifdef CH32V30x_D8C
    uint8_t Pll2mull = 0;

#endif

    tmp = RCC->CFGR0 & CFGR0_SWS_Mask;
     f9a:	40021737          	lui	a4,0x40021
     f9e:	435c                	lw	a5,4(a4)
     fa0:	4691                	li	a3,4
     fa2:	8bb1                	andi	a5,a5,12
c:\Users\WaspYL\Desktop\c-language-practice\MRS代码\CH32V307_TCP\obj/../Peripheral/src/ch32v30x_rcc.c:587

    switch(tmp)
     fa4:	00d78563          	beq	a5,a3,fae <RCC_GetClocksFreq+0x14>
     fa8:	46a1                	li	a3,8
     faa:	06d78263          	beq	a5,a3,100e <RCC_GetClocksFreq+0x74>
c:\Users\WaspYL\Desktop\c-language-practice\MRS代码\CH32V307_TCP\obj/../Peripheral/src/ch32v30x_rcc.c:590
    {
        case 0x00:
            RCC_Clocks->SYSCLK_Frequency = HSI_VALUE;
     fae:	007a17b7          	lui	a5,0x7a1
     fb2:	20078793          	addi	a5,a5,512 # 7a1200 <_data_lma+0x797bcc>
c:\Users\WaspYL\Desktop\c-language-practice\MRS代码\CH32V307_TCP\obj/../Peripheral/src/ch32v30x_rcc.c:668

#endif
            }

            if(Pll_6_5 == 1)
                RCC_Clocks->SYSCLK_Frequency = (RCC_Clocks->SYSCLK_Frequency / 2);
     fb6:	c11c                	sw	a5,0(a0)
c:\Users\WaspYL\Desktop\c-language-practice\MRS代码\CH32V307_TCP\obj/../Peripheral/src/ch32v30x_rcc.c:677
        default:
            RCC_Clocks->SYSCLK_Frequency = HSI_VALUE;
            break;
    }

    tmp = RCC->CFGR0 & CFGR0_HPRE_Set_Mask;
     fb8:	40021637          	lui	a2,0x40021
     fbc:	425c                	lw	a5,4(a2)
c:\Users\WaspYL\Desktop\c-language-practice\MRS代码\CH32V307_TCP\obj/../Peripheral/src/ch32v30x_rcc.c:679
    tmp = tmp >> 4;
    presc = APBAHBPrescTable[tmp];
     fbe:	20000737          	lui	a4,0x20000
     fc2:	01070713          	addi	a4,a4,16 # 20000010 <APBAHBPrescTable>
c:\Users\WaspYL\Desktop\c-language-practice\MRS代码\CH32V307_TCP\obj/../Peripheral/src/ch32v30x_rcc.c:678
    tmp = tmp >> 4;
     fc6:	8391                	srli	a5,a5,0x4
     fc8:	8bbd                	andi	a5,a5,15
c:\Users\WaspYL\Desktop\c-language-practice\MRS代码\CH32V307_TCP\obj/../Peripheral/src/ch32v30x_rcc.c:679
    presc = APBAHBPrescTable[tmp];
     fca:	97ba                	add	a5,a5,a4
     fcc:	2394                	lbu	a3,0(a5)
c:\Users\WaspYL\Desktop\c-language-practice\MRS代码\CH32V307_TCP\obj/../Peripheral/src/ch32v30x_rcc.c:680
    RCC_Clocks->HCLK_Frequency = RCC_Clocks->SYSCLK_Frequency >> presc;
     fce:	411c                	lw	a5,0(a0)
     fd0:	00d7d7b3          	srl	a5,a5,a3
     fd4:	c15c                	sw	a5,4(a0)
c:\Users\WaspYL\Desktop\c-language-practice\MRS代码\CH32V307_TCP\obj/../Peripheral/src/ch32v30x_rcc.c:681
    tmp = RCC->CFGR0 & CFGR0_PPRE1_Set_Mask;
     fd6:	4254                	lw	a3,4(a2)
c:\Users\WaspYL\Desktop\c-language-practice\MRS代码\CH32V307_TCP\obj/../Peripheral/src/ch32v30x_rcc.c:682
    tmp = tmp >> 8;
     fd8:	82a1                	srli	a3,a3,0x8
     fda:	8a9d                	andi	a3,a3,7
c:\Users\WaspYL\Desktop\c-language-practice\MRS代码\CH32V307_TCP\obj/../Peripheral/src/ch32v30x_rcc.c:683
    presc = APBAHBPrescTable[tmp];
     fdc:	96ba                	add	a3,a3,a4
     fde:	2294                	lbu	a3,0(a3)
c:\Users\WaspYL\Desktop\c-language-practice\MRS代码\CH32V307_TCP\obj/../Peripheral/src/ch32v30x_rcc.c:684
    RCC_Clocks->PCLK1_Frequency = RCC_Clocks->HCLK_Frequency >> presc;
     fe0:	00d7d6b3          	srl	a3,a5,a3
     fe4:	c514                	sw	a3,8(a0)
c:\Users\WaspYL\Desktop\c-language-practice\MRS代码\CH32V307_TCP\obj/../Peripheral/src/ch32v30x_rcc.c:685
    tmp = RCC->CFGR0 & CFGR0_PPRE2_Set_Mask;
     fe6:	4254                	lw	a3,4(a2)
c:\Users\WaspYL\Desktop\c-language-practice\MRS代码\CH32V307_TCP\obj/../Peripheral/src/ch32v30x_rcc.c:686
    tmp = tmp >> 11;
     fe8:	82ad                	srli	a3,a3,0xb
     fea:	8a9d                	andi	a3,a3,7
c:\Users\WaspYL\Desktop\c-language-practice\MRS代码\CH32V307_TCP\obj/../Peripheral/src/ch32v30x_rcc.c:687
    presc = APBAHBPrescTable[tmp];
     fec:	9736                	add	a4,a4,a3
     fee:	2318                	lbu	a4,0(a4)
c:\Users\WaspYL\Desktop\c-language-practice\MRS代码\CH32V307_TCP\obj/../Peripheral/src/ch32v30x_rcc.c:688
    RCC_Clocks->PCLK2_Frequency = RCC_Clocks->HCLK_Frequency >> presc;
     ff0:	00e7d7b3          	srl	a5,a5,a4
     ff4:	c55c                	sw	a5,12(a0)
c:\Users\WaspYL\Desktop\c-language-practice\MRS代码\CH32V307_TCP\obj/../Peripheral/src/ch32v30x_rcc.c:689
    tmp = RCC->CFGR0 & CFGR0_ADCPRE_Set_Mask;
     ff6:	4258                	lw	a4,4(a2)
c:\Users\WaspYL\Desktop\c-language-practice\MRS代码\CH32V307_TCP\obj/../Peripheral/src/ch32v30x_rcc.c:690
    tmp = tmp >> 14;
     ff8:	8339                	srli	a4,a4,0xe
     ffa:	00377693          	andi	a3,a4,3
c:\Users\WaspYL\Desktop\c-language-practice\MRS代码\CH32V307_TCP\obj/../Peripheral/src/ch32v30x_rcc.c:691
    presc = ADCPrescTable[tmp];
     ffe:	81818713          	addi	a4,gp,-2024 # 20000038 <ADCPrescTable>
    1002:	9736                	add	a4,a4,a3
    1004:	2318                	lbu	a4,0(a4)
c:\Users\WaspYL\Desktop\c-language-practice\MRS代码\CH32V307_TCP\obj/../Peripheral/src/ch32v30x_rcc.c:692
    RCC_Clocks->ADCCLK_Frequency = RCC_Clocks->PCLK2_Frequency / presc;
    1006:	02e7d7b3          	divu	a5,a5,a4
    100a:	c91c                	sw	a5,16(a0)
c:\Users\WaspYL\Desktop\c-language-practice\MRS代码\CH32V307_TCP\obj/../Peripheral/src/ch32v30x_rcc.c:693
}
    100c:	8082                	ret
c:\Users\WaspYL\Desktop\c-language-practice\MRS代码\CH32V307_TCP\obj/../Peripheral/src/ch32v30x_rcc.c:598
            pllmull = RCC->CFGR0 & CFGR0_PLLMull_Mask;
    100e:	435c                	lw	a5,4(a4)
c:\Users\WaspYL\Desktop\c-language-practice\MRS代码\CH32V307_TCP\obj/../Peripheral/src/ch32v30x_rcc.c:599
            pllsource = RCC->CFGR0 & CFGR0_PLLSRC_Mask;
    1010:	4358                	lw	a4,4(a4)
    1012:	66c1                	lui	a3,0x10
c:\Users\WaspYL\Desktop\c-language-practice\MRS代码\CH32V307_TCP\obj/../Peripheral/src/ch32v30x_rcc.c:601
            pllmull = (pllmull >> 18) + 2;
    1014:	83c9                	srli	a5,a5,0x12
c:\Users\WaspYL\Desktop\c-language-practice\MRS代码\CH32V307_TCP\obj/../Peripheral/src/ch32v30x_rcc.c:599
            pllsource = RCC->CFGR0 & CFGR0_PLLSRC_Mask;
    1016:	8f75                	and	a4,a4,a3
c:\Users\WaspYL\Desktop\c-language-practice\MRS代码\CH32V307_TCP\obj/../Peripheral/src/ch32v30x_rcc.c:603
            if(((*(uint32_t *)0x1FFFF70C) & (1 << 14)) != (1 << 14))
    1018:	1ffff6b7          	lui	a3,0x1ffff
    101c:	70c6a683          	lw	a3,1804(a3) # 1ffff70c <_data_lma+0x1fff60d8>
c:\Users\WaspYL\Desktop\c-language-practice\MRS代码\CH32V307_TCP\obj/../Peripheral/src/ch32v30x_rcc.c:601
            pllmull = (pllmull >> 18) + 2;
    1020:	8bbd                	andi	a5,a5,15
    1022:	0789                	addi	a5,a5,2
c:\Users\WaspYL\Desktop\c-language-practice\MRS代码\CH32V307_TCP\obj/../Peripheral/src/ch32v30x_rcc.c:603
            if(((*(uint32_t *)0x1FFFF70C) & (1 << 14)) != (1 << 14))
    1024:	01169613          	slli	a2,a3,0x11
    1028:	00064863          	bltz	a2,1038 <RCC_GetClocksFreq+0x9e>
c:\Users\WaspYL\Desktop\c-language-practice\MRS代码\CH32V307_TCP\obj/../Peripheral/src/ch32v30x_rcc.c:605
                if(pllmull == 17)
    102c:	46c5                	li	a3,17
c:\Users\WaspYL\Desktop\c-language-practice\MRS代码\CH32V307_TCP\obj/../Peripheral/src/ch32v30x_rcc.c:578
    uint8_t Pll_6_5 = 0;
    102e:	4601                	li	a2,0
c:\Users\WaspYL\Desktop\c-language-practice\MRS代码\CH32V307_TCP\obj/../Peripheral/src/ch32v30x_rcc.c:605
                if(pllmull == 17)
    1030:	02d79263          	bne	a5,a3,1054 <RCC_GetClocksFreq+0xba>
c:\Users\WaspYL\Desktop\c-language-practice\MRS代码\CH32V307_TCP\obj/../Peripheral/src/ch32v30x_rcc.c:606
                    pllmull = 18;
    1034:	47c9                	li	a5,18
    1036:	a839                	j	1054 <RCC_GetClocksFreq+0xba>
c:\Users\WaspYL\Desktop\c-language-practice\MRS代码\CH32V307_TCP\obj/../Peripheral/src/ch32v30x_rcc.c:610
                if(pllmull == 2)
    1038:	4689                	li	a3,2
    103a:	02d78f63          	beq	a5,a3,1078 <RCC_GetClocksFreq+0xde>
c:\Users\WaspYL\Desktop\c-language-practice\MRS代码\CH32V307_TCP\obj/../Peripheral/src/ch32v30x_rcc.c:612
                if(pllmull == 15)
    103e:	46bd                	li	a3,15
    1040:	02d78e63          	beq	a5,a3,107c <RCC_GetClocksFreq+0xe2>
c:\Users\WaspYL\Desktop\c-language-practice\MRS代码\CH32V307_TCP\obj/../Peripheral/src/ch32v30x_rcc.c:617
                if(pllmull == 16)
    1044:	46c1                	li	a3,16
    1046:	02d78e63          	beq	a5,a3,1082 <RCC_GetClocksFreq+0xe8>
c:\Users\WaspYL\Desktop\c-language-practice\MRS代码\CH32V307_TCP\obj/../Peripheral/src/ch32v30x_rcc.c:619
                if(pllmull == 17)
    104a:	46c5                	li	a3,17
    104c:	4601                	li	a2,0
    104e:	00d79363          	bne	a5,a3,1054 <RCC_GetClocksFreq+0xba>
c:\Users\WaspYL\Desktop\c-language-practice\MRS代码\CH32V307_TCP\obj/../Peripheral/src/ch32v30x_rcc.c:620
                    pllmull = 16;
    1052:	47c1                	li	a5,16
c:\Users\WaspYL\Desktop\c-language-practice\MRS代码\CH32V307_TCP\obj/../Peripheral/src/ch32v30x_rcc.c:623
            if(pllsource == 0x00)
    1054:	ef1d                	bnez	a4,1092 <RCC_GetClocksFreq+0xf8>
c:\Users\WaspYL\Desktop\c-language-practice\MRS代码\CH32V307_TCP\obj/../Peripheral/src/ch32v30x_rcc.c:625
                if(EXTEN->EXTEN_CTR & EXTEN_PLL_HSI_PRE)
    1056:	40024737          	lui	a4,0x40024
    105a:	80072703          	lw	a4,-2048(a4) # 40023800 <_eusrstack+0x2001b800>
    105e:	8b41                	andi	a4,a4,16
    1060:	c705                	beqz	a4,1088 <RCC_GetClocksFreq+0xee>
c:\Users\WaspYL\Desktop\c-language-practice\MRS代码\CH32V307_TCP\obj/../Peripheral/src/ch32v30x_rcc.c:627
                    RCC_Clocks->SYSCLK_Frequency = (HSI_VALUE)*pllmull;
    1062:	007a1737          	lui	a4,0x7a1
    1066:	20070713          	addi	a4,a4,512 # 7a1200 <_data_lma+0x797bcc>
c:\Users\WaspYL\Desktop\c-language-practice\MRS代码\CH32V307_TCP\obj/../Peripheral/src/ch32v30x_rcc.c:662
                RCC_Clocks->SYSCLK_Frequency = RCC_Clocks->SYSCLK_Frequency * pllmull;
    106a:	02f707b3          	mul	a5,a4,a5
    106e:	c11c                	sw	a5,0(a0)
c:\Users\WaspYL\Desktop\c-language-practice\MRS代码\CH32V307_TCP\obj/../Peripheral/src/ch32v30x_rcc.c:667
            if(Pll_6_5 == 1)
    1070:	d621                	beqz	a2,fb8 <RCC_GetClocksFreq+0x1e>
c:\Users\WaspYL\Desktop\c-language-practice\MRS代码\CH32V307_TCP\obj/../Peripheral/src/ch32v30x_rcc.c:668
                RCC_Clocks->SYSCLK_Frequency = (RCC_Clocks->SYSCLK_Frequency / 2);
    1072:	411c                	lw	a5,0(a0)
    1074:	8385                	srli	a5,a5,0x1
    1076:	b781                	j	fb6 <RCC_GetClocksFreq+0x1c>
c:\Users\WaspYL\Desktop\c-language-practice\MRS代码\CH32V307_TCP\obj/../Peripheral/src/ch32v30x_rcc.c:578
    uint8_t Pll_6_5 = 0;
    1078:	4601                	li	a2,0
    107a:	bf6d                	j	1034 <RCC_GetClocksFreq+0x9a>
c:\Users\WaspYL\Desktop\c-language-practice\MRS代码\CH32V307_TCP\obj/../Peripheral/src/ch32v30x_rcc.c:615
                    Pll_6_5 = 1;
    107c:	4605                	li	a2,1
c:\Users\WaspYL\Desktop\c-language-practice\MRS代码\CH32V307_TCP\obj/../Peripheral/src/ch32v30x_rcc.c:614
                    pllmull = 13; /* *6.5 */
    107e:	47b5                	li	a5,13
    1080:	bfd1                	j	1054 <RCC_GetClocksFreq+0xba>
    1082:	4601                	li	a2,0
c:\Users\WaspYL\Desktop\c-language-practice\MRS代码\CH32V307_TCP\obj/../Peripheral/src/ch32v30x_rcc.c:618
                    pllmull = 15;
    1084:	47bd                	li	a5,15
    1086:	b7f9                	j	1054 <RCC_GetClocksFreq+0xba>
c:\Users\WaspYL\Desktop\c-language-practice\MRS代码\CH32V307_TCP\obj/../Peripheral/src/ch32v30x_rcc.c:631
                    RCC_Clocks->SYSCLK_Frequency = (HSI_VALUE >> 1) * pllmull;
    1088:	003d1737          	lui	a4,0x3d1
    108c:	90070713          	addi	a4,a4,-1792 # 3d0900 <_data_lma+0x3c72cc>
    1090:	bfe9                	j	106a <RCC_GetClocksFreq+0xd0>
c:\Users\WaspYL\Desktop\c-language-practice\MRS代码\CH32V307_TCP\obj/../Peripheral/src/ch32v30x_rcc.c:646
                if(RCC->CFGR2 & (1<<16)){ /* PLL2 */
    1092:	400215b7          	lui	a1,0x40021
    1096:	55d8                	lw	a4,44(a1)
    1098:	00f71693          	slli	a3,a4,0xf
c:\Users\WaspYL\Desktop\c-language-practice\MRS代码\CH32V307_TCP\obj/../Peripheral/src/ch32v30x_rcc.c:647
                    RCC_Clocks->SYSCLK_Frequency = HSE_VALUE/(((RCC->CFGR2 & 0xF0)>>4) + 1);  /* PREDIV2 */
    109c:	55d8                	lw	a4,44(a1)
c:\Users\WaspYL\Desktop\c-language-practice\MRS代码\CH32V307_TCP\obj/../Peripheral/src/ch32v30x_rcc.c:646
                if(RCC->CFGR2 & (1<<16)){ /* PLL2 */
    109e:	0406df63          	bgez	a3,10fc <RCC_GetClocksFreq+0x162>
c:\Users\WaspYL\Desktop\c-language-practice\MRS代码\CH32V307_TCP\obj/../Peripheral/src/ch32v30x_rcc.c:647
                    RCC_Clocks->SYSCLK_Frequency = HSE_VALUE/(((RCC->CFGR2 & 0xF0)>>4) + 1);  /* PREDIV2 */
    10a2:	8311                	srli	a4,a4,0x4
    10a4:	8b3d                	andi	a4,a4,15
    10a6:	00170693          	addi	a3,a4,1
    10aa:	007a1737          	lui	a4,0x7a1
    10ae:	20070713          	addi	a4,a4,512 # 7a1200 <_data_lma+0x797bcc>
    10b2:	02d75733          	divu	a4,a4,a3
    10b6:	c118                	sw	a4,0(a0)
c:\Users\WaspYL\Desktop\c-language-practice\MRS代码\CH32V307_TCP\obj/../Peripheral/src/ch32v30x_rcc.c:649
                    Pll2mull = (uint8_t)((RCC->CFGR2 & 0xF00)>>8);
    10b8:	55d4                	lw	a3,44(a1)
    10ba:	82a1                	srli	a3,a3,0x8
    10bc:	8abd                	andi	a3,a3,15
c:\Users\WaspYL\Desktop\c-language-practice\MRS代码\CH32V307_TCP\obj/../Peripheral/src/ch32v30x_rcc.c:651
                    if(Pll2mull == 0) RCC_Clocks->SYSCLK_Frequency = (RCC_Clocks->SYSCLK_Frequency * 5)>>1;
    10be:	e28d                	bnez	a3,10e0 <RCC_GetClocksFreq+0x146>
c:\Users\WaspYL\Desktop\c-language-practice\MRS代码\CH32V307_TCP\obj/../Peripheral/src/ch32v30x_rcc.c:651 (discriminator 1)
    10c0:	4695                	li	a3,5
c:\Users\WaspYL\Desktop\c-language-practice\MRS代码\CH32V307_TCP\obj/../Peripheral/src/ch32v30x_rcc.c:652 (discriminator 1)
                    else if(Pll2mull == 1) RCC_Clocks->SYSCLK_Frequency = (RCC_Clocks->SYSCLK_Frequency * 25)>>1;
    10c2:	02d70733          	mul	a4,a4,a3
    10c6:	8305                	srli	a4,a4,0x1
c:\Users\WaspYL\Desktop\c-language-practice\MRS代码\CH32V307_TCP\obj/../Peripheral/src/ch32v30x_rcc.c:654
                    else  RCC_Clocks->SYSCLK_Frequency = RCC_Clocks->SYSCLK_Frequency * (Pll2mull + 2);
    10c8:	c118                	sw	a4,0(a0)
c:\Users\WaspYL\Desktop\c-language-practice\MRS代码\CH32V307_TCP\obj/../Peripheral/src/ch32v30x_rcc.c:656
                    RCC_Clocks->SYSCLK_Frequency = RCC_Clocks->SYSCLK_Frequency/((RCC->CFGR2 & 0xF) + 1);  /* PREDIV1 */
    10ca:	40021737          	lui	a4,0x40021
    10ce:	5758                	lw	a4,44(a4)
    10d0:	4114                	lw	a3,0(a0)
    10d2:	8b3d                	andi	a4,a4,15
    10d4:	0705                	addi	a4,a4,1
    10d6:	02e6d733          	divu	a4,a3,a4
c:\Users\WaspYL\Desktop\c-language-practice\MRS代码\CH32V307_TCP\obj/../Peripheral/src/ch32v30x_rcc.c:659
                    RCC_Clocks->SYSCLK_Frequency = HSE_VALUE/((RCC->CFGR2 & 0xF) + 1);  /* PREDIV1 */
    10da:	c118                	sw	a4,0(a0)
c:\Users\WaspYL\Desktop\c-language-practice\MRS代码\CH32V307_TCP\obj/../Peripheral/src/ch32v30x_rcc.c:662
                RCC_Clocks->SYSCLK_Frequency = RCC_Clocks->SYSCLK_Frequency * pllmull;
    10dc:	4118                	lw	a4,0(a0)
    10de:	b771                	j	106a <RCC_GetClocksFreq+0xd0>
c:\Users\WaspYL\Desktop\c-language-practice\MRS代码\CH32V307_TCP\obj/../Peripheral/src/ch32v30x_rcc.c:652
                    else if(Pll2mull == 1) RCC_Clocks->SYSCLK_Frequency = (RCC_Clocks->SYSCLK_Frequency * 25)>>1;
    10e0:	4585                	li	a1,1
    10e2:	00b69463          	bne	a3,a1,10ea <RCC_GetClocksFreq+0x150>
c:\Users\WaspYL\Desktop\c-language-practice\MRS代码\CH32V307_TCP\obj/../Peripheral/src/ch32v30x_rcc.c:652 (discriminator 1)
    10e6:	46e5                	li	a3,25
    10e8:	bfe9                	j	10c2 <RCC_GetClocksFreq+0x128>
c:\Users\WaspYL\Desktop\c-language-practice\MRS代码\CH32V307_TCP\obj/../Peripheral/src/ch32v30x_rcc.c:653
                    else if(Pll2mull == 15) RCC_Clocks->SYSCLK_Frequency = RCC_Clocks->SYSCLK_Frequency * 20;
    10ea:	45bd                	li	a1,15
    10ec:	00b69663          	bne	a3,a1,10f8 <RCC_GetClocksFreq+0x15e>
c:\Users\WaspYL\Desktop\c-language-practice\MRS代码\CH32V307_TCP\obj/../Peripheral/src/ch32v30x_rcc.c:653 (discriminator 1)
    10f0:	46d1                	li	a3,20
c:\Users\WaspYL\Desktop\c-language-practice\MRS代码\CH32V307_TCP\obj/../Peripheral/src/ch32v30x_rcc.c:654
                    else  RCC_Clocks->SYSCLK_Frequency = RCC_Clocks->SYSCLK_Frequency * (Pll2mull + 2);
    10f2:	02e68733          	mul	a4,a3,a4
    10f6:	bfc9                	j	10c8 <RCC_GetClocksFreq+0x12e>
    10f8:	0689                	addi	a3,a3,2
    10fa:	bfe5                	j	10f2 <RCC_GetClocksFreq+0x158>
c:\Users\WaspYL\Desktop\c-language-practice\MRS代码\CH32V307_TCP\obj/../Peripheral/src/ch32v30x_rcc.c:659
                    RCC_Clocks->SYSCLK_Frequency = HSE_VALUE/((RCC->CFGR2 & 0xF) + 1);  /* PREDIV1 */
    10fc:	8b3d                	andi	a4,a4,15
    10fe:	00170693          	addi	a3,a4,1 # 40021001 <_eusrstack+0x20019001>
    1102:	007a1737          	lui	a4,0x7a1
    1106:	20070713          	addi	a4,a4,512 # 7a1200 <_data_lma+0x797bcc>
    110a:	02d75733          	divu	a4,a4,a3
    110e:	b7f1                	j	10da <RCC_GetClocksFreq+0x140>

00001110 <RCC_AHBPeriphClockCmd>:
RCC_AHBPeriphClockCmd():
c:\Users\WaspYL\Desktop\c-language-practice\MRS代码\CH32V307_TCP\obj/../Peripheral/src/ch32v30x_rcc.c:722
 *
 * @return  none
 */
void RCC_AHBPeriphClockCmd(uint32_t RCC_AHBPeriph, FunctionalState NewState)
{
    if(NewState != DISABLE)
    1110:	c599                	beqz	a1,111e <RCC_AHBPeriphClockCmd+0xe>
c:\Users\WaspYL\Desktop\c-language-practice\MRS代码\CH32V307_TCP\obj/../Peripheral/src/ch32v30x_rcc.c:724
    {
        RCC->AHBPCENR |= RCC_AHBPeriph;
    1112:	40021737          	lui	a4,0x40021
    1116:	4b5c                	lw	a5,20(a4)
    1118:	8d5d                	or	a0,a0,a5
    111a:	cb48                	sw	a0,20(a4)
    111c:	8082                	ret
c:\Users\WaspYL\Desktop\c-language-practice\MRS代码\CH32V307_TCP\obj/../Peripheral/src/ch32v30x_rcc.c:728
    }
    else
    {
        RCC->AHBPCENR &= ~RCC_AHBPeriph;
    111e:	400217b7          	lui	a5,0x40021
    1122:	4bd8                	lw	a4,20(a5)
    1124:	fff54513          	not	a0,a0
    1128:	8d79                	and	a0,a0,a4
    112a:	cbc8                	sw	a0,20(a5)
c:\Users\WaspYL\Desktop\c-language-practice\MRS代码\CH32V307_TCP\obj/../Peripheral/src/ch32v30x_rcc.c:730
    }
}
    112c:	8082                	ret

0000112e <RCC_APB2PeriphClockCmd>:
RCC_APB2PeriphClockCmd():
c:\Users\WaspYL\Desktop\c-language-practice\MRS代码\CH32V307_TCP\obj/../Peripheral/src/ch32v30x_rcc.c:758
 *
 * @return  none
 */
void RCC_APB2PeriphClockCmd(uint32_t RCC_APB2Periph, FunctionalState NewState)
{
    if(NewState != DISABLE)
    112e:	c599                	beqz	a1,113c <RCC_APB2PeriphClockCmd+0xe>
c:\Users\WaspYL\Desktop\c-language-practice\MRS代码\CH32V307_TCP\obj/../Peripheral/src/ch32v30x_rcc.c:760
    {
        RCC->APB2PCENR |= RCC_APB2Periph;
    1130:	40021737          	lui	a4,0x40021
    1134:	4f1c                	lw	a5,24(a4)
    1136:	8d5d                	or	a0,a0,a5
    1138:	cf08                	sw	a0,24(a4)
    113a:	8082                	ret
c:\Users\WaspYL\Desktop\c-language-practice\MRS代码\CH32V307_TCP\obj/../Peripheral/src/ch32v30x_rcc.c:764
    }
    else
    {
        RCC->APB2PCENR &= ~RCC_APB2Periph;
    113c:	400217b7          	lui	a5,0x40021
    1140:	4f98                	lw	a4,24(a5)
    1142:	fff54513          	not	a0,a0
    1146:	8d79                	and	a0,a0,a4
    1148:	cf88                	sw	a0,24(a5)
c:\Users\WaspYL\Desktop\c-language-practice\MRS代码\CH32V307_TCP\obj/../Peripheral/src/ch32v30x_rcc.c:766
    }
}
    114a:	8082                	ret

0000114c <RCC_APB1PeriphClockCmd>:
RCC_APB1PeriphClockCmd():
c:\Users\WaspYL\Desktop\c-language-practice\MRS代码\CH32V307_TCP\obj/../Peripheral/src/ch32v30x_rcc.c:803
 *
 * @return  none
 */
void RCC_APB1PeriphClockCmd(uint32_t RCC_APB1Periph, FunctionalState NewState)
{
    if(NewState != DISABLE)
    114c:	c599                	beqz	a1,115a <RCC_APB1PeriphClockCmd+0xe>
c:\Users\WaspYL\Desktop\c-language-practice\MRS代码\CH32V307_TCP\obj/../Peripheral/src/ch32v30x_rcc.c:805
    {
        RCC->APB1PCENR |= RCC_APB1Periph;
    114e:	40021737          	lui	a4,0x40021
    1152:	4f5c                	lw	a5,28(a4)
    1154:	8d5d                	or	a0,a0,a5
    1156:	cf48                	sw	a0,28(a4)
    1158:	8082                	ret
c:\Users\WaspYL\Desktop\c-language-practice\MRS代码\CH32V307_TCP\obj/../Peripheral/src/ch32v30x_rcc.c:809
    }
    else
    {
        RCC->APB1PCENR &= ~RCC_APB1Periph;
    115a:	400217b7          	lui	a5,0x40021
    115e:	4fd8                	lw	a4,28(a5)
    1160:	fff54513          	not	a0,a0
    1164:	8d79                	and	a0,a0,a4
    1166:	cfc8                	sw	a0,28(a5)
c:\Users\WaspYL\Desktop\c-language-practice\MRS代码\CH32V307_TCP\obj/../Peripheral/src/ch32v30x_rcc.c:811
    }
}
    1168:	8082                	ret

0000116a <RCC_GetFlagStatus>:
RCC_GetFlagStatus():
c:\Users\WaspYL\Desktop\c-language-practice\MRS代码\CH32V307_TCP\obj/../Peripheral/src/ch32v30x_rcc.c:987
{
    uint32_t tmp = 0;
    uint32_t statusreg = 0;

    FlagStatus bitstatus = RESET;
    tmp = RCC_FLAG >> 5;
    116a:	00555793          	srli	a5,a0,0x5
c:\Users\WaspYL\Desktop\c-language-practice\MRS代码\CH32V307_TCP\obj/../Peripheral/src/ch32v30x_rcc.c:989

    if(tmp == 1)
    116e:	4705                	li	a4,1
    1170:	00e79963          	bne	a5,a4,1182 <RCC_GetFlagStatus+0x18>
c:\Users\WaspYL\Desktop\c-language-practice\MRS代码\CH32V307_TCP\obj/../Peripheral/src/ch32v30x_rcc.c:991
    {
        statusreg = RCC->CTLR;
    1174:	400217b7          	lui	a5,0x40021
    1178:	439c                	lw	a5,0(a5)
c:\Users\WaspYL\Desktop\c-language-practice\MRS代码\CH32V307_TCP\obj/../Peripheral/src/ch32v30x_rcc.c:1004
        statusreg = RCC->RSTSCKR;
    }

    tmp = RCC_FLAG & FLAG_Mask;

    if((statusreg & ((uint32_t)1 << tmp)) != (uint32_t)RESET)
    117a:	00a7d533          	srl	a0,a5,a0
c:\Users\WaspYL\Desktop\c-language-practice\MRS代码\CH32V307_TCP\obj/../Peripheral/src/ch32v30x_rcc.c:1014
    {
        bitstatus = RESET;
    }

    return bitstatus;
}
    117e:	8905                	andi	a0,a0,1
    1180:	8082                	ret
c:\Users\WaspYL\Desktop\c-language-practice\MRS代码\CH32V307_TCP\obj/../Peripheral/src/ch32v30x_rcc.c:993
    else if(tmp == 2)
    1182:	4709                	li	a4,2
    1184:	00e79663          	bne	a5,a4,1190 <RCC_GetFlagStatus+0x26>
c:\Users\WaspYL\Desktop\c-language-practice\MRS代码\CH32V307_TCP\obj/../Peripheral/src/ch32v30x_rcc.c:995
        statusreg = RCC->BDCTLR;
    1188:	400217b7          	lui	a5,0x40021
    118c:	539c                	lw	a5,32(a5)
    118e:	b7f5                	j	117a <RCC_GetFlagStatus+0x10>
c:\Users\WaspYL\Desktop\c-language-practice\MRS代码\CH32V307_TCP\obj/../Peripheral/src/ch32v30x_rcc.c:999
        statusreg = RCC->RSTSCKR;
    1190:	400217b7          	lui	a5,0x40021
    1194:	53dc                	lw	a5,36(a5)
    1196:	b7d5                	j	117a <RCC_GetFlagStatus+0x10>

00001198 <RCC_PREDIV2Config>:
RCC_PREDIV2Config():
c:\Users\WaspYL\Desktop\c-language-practice\MRS代码\CH32V307_TCP\obj/../Peripheral/src/ch32v30x_rcc.c:1127
 */
void RCC_PREDIV2Config(uint32_t RCC_PREDIV2_Div)
{
    uint32_t tmpreg = 0;

    tmpreg = RCC->CFGR2;
    1198:	40021737          	lui	a4,0x40021
    119c:	575c                	lw	a5,44(a4)
c:\Users\WaspYL\Desktop\c-language-practice\MRS代码\CH32V307_TCP\obj/../Peripheral/src/ch32v30x_rcc.c:1128
    tmpreg &= ~CFGR2_PREDIV2;
    119e:	f0f7f793          	andi	a5,a5,-241
c:\Users\WaspYL\Desktop\c-language-practice\MRS代码\CH32V307_TCP\obj/../Peripheral/src/ch32v30x_rcc.c:1129
    tmpreg |= RCC_PREDIV2_Div;
    11a2:	8d5d                	or	a0,a0,a5
c:\Users\WaspYL\Desktop\c-language-practice\MRS代码\CH32V307_TCP\obj/../Peripheral/src/ch32v30x_rcc.c:1130
    RCC->CFGR2 = tmpreg;
    11a4:	d748                	sw	a0,44(a4)
c:\Users\WaspYL\Desktop\c-language-practice\MRS代码\CH32V307_TCP\obj/../Peripheral/src/ch32v30x_rcc.c:1131
}
    11a6:	8082                	ret

000011a8 <RCC_PLL3Config>:
RCC_PLL3Config():
c:\Users\WaspYL\Desktop\c-language-practice\MRS代码\CH32V307_TCP\obj/../Peripheral/src/ch32v30x_rcc.c:1196
 */
void RCC_PLL3Config(uint32_t RCC_PLL3Mul)
{
    uint32_t tmpreg = 0;

    tmpreg = RCC->CFGR2;
    11a8:	400216b7          	lui	a3,0x40021
    11ac:	56dc                	lw	a5,44(a3)
c:\Users\WaspYL\Desktop\c-language-practice\MRS代码\CH32V307_TCP\obj/../Peripheral/src/ch32v30x_rcc.c:1197
    tmpreg &= ~CFGR2_PLL3MUL;
    11ae:	7745                	lui	a4,0xffff1
    11b0:	177d                	addi	a4,a4,-1
    11b2:	8ff9                	and	a5,a5,a4
c:\Users\WaspYL\Desktop\c-language-practice\MRS代码\CH32V307_TCP\obj/../Peripheral/src/ch32v30x_rcc.c:1198
    tmpreg |= RCC_PLL3Mul;
    11b4:	8d5d                	or	a0,a0,a5
c:\Users\WaspYL\Desktop\c-language-practice\MRS代码\CH32V307_TCP\obj/../Peripheral/src/ch32v30x_rcc.c:1199
    RCC->CFGR2 = tmpreg;
    11b6:	d6c8                	sw	a0,44(a3)
c:\Users\WaspYL\Desktop\c-language-practice\MRS代码\CH32V307_TCP\obj/../Peripheral/src/ch32v30x_rcc.c:1200
}
    11b8:	8082                	ret

000011ba <RCC_PLL3Cmd>:
RCC_PLL3Cmd():
c:\Users\WaspYL\Desktop\c-language-practice\MRS代码\CH32V307_TCP\obj/../Peripheral/src/ch32v30x_rcc.c:1214
 *
 * @return  none
 */
void RCC_PLL3Cmd(FunctionalState NewState)
{
    if(NewState)
    11ba:	c909                	beqz	a0,11cc <RCC_PLL3Cmd+0x12>
c:\Users\WaspYL\Desktop\c-language-practice\MRS代码\CH32V307_TCP\obj/../Peripheral/src/ch32v30x_rcc.c:1216
    {
        RCC->CTLR |= (1 << 28);
    11bc:	40021737          	lui	a4,0x40021
    11c0:	431c                	lw	a5,0(a4)
    11c2:	100006b7          	lui	a3,0x10000
    11c6:	8fd5                	or	a5,a5,a3
    11c8:	c31c                	sw	a5,0(a4)
    11ca:	8082                	ret
c:\Users\WaspYL\Desktop\c-language-practice\MRS代码\CH32V307_TCP\obj/../Peripheral/src/ch32v30x_rcc.c:1220
    }
    else
    {
        RCC->CTLR &= ~(1 << 28);
    11cc:	400216b7          	lui	a3,0x40021
    11d0:	429c                	lw	a5,0(a3)
    11d2:	f0000737          	lui	a4,0xf0000
    11d6:	177d                	addi	a4,a4,-1
    11d8:	8ff9                	and	a5,a5,a4
    11da:	c29c                	sw	a5,0(a3)
c:\Users\WaspYL\Desktop\c-language-practice\MRS代码\CH32V307_TCP\obj/../Peripheral/src/ch32v30x_rcc.c:1222
    }
}
    11dc:	8082                	ret

000011de <RCC_AHBPeriphResetCmd>:
RCC_AHBPeriphResetCmd():
c:\Users\WaspYL\Desktop\c-language-practice\MRS代码\CH32V307_TCP\obj/../Peripheral/src/ch32v30x_rcc.c:1295
 *
 * @return  none
 */
void RCC_AHBPeriphResetCmd(uint32_t RCC_AHBPeriph, FunctionalState NewState)
{
    if(NewState != DISABLE)
    11de:	c599                	beqz	a1,11ec <RCC_AHBPeriphResetCmd+0xe>
c:\Users\WaspYL\Desktop\c-language-practice\MRS代码\CH32V307_TCP\obj/../Peripheral/src/ch32v30x_rcc.c:1297
    {
        RCC->AHBRSTR |= RCC_AHBPeriph;
    11e0:	40021737          	lui	a4,0x40021
    11e4:	571c                	lw	a5,40(a4)
    11e6:	8d5d                	or	a0,a0,a5
    11e8:	d708                	sw	a0,40(a4)
    11ea:	8082                	ret
c:\Users\WaspYL\Desktop\c-language-practice\MRS代码\CH32V307_TCP\obj/../Peripheral/src/ch32v30x_rcc.c:1301
    }
    else
    {
        RCC->AHBRSTR &= ~RCC_AHBPeriph;
    11ec:	400217b7          	lui	a5,0x40021
    11f0:	5798                	lw	a4,40(a5)
    11f2:	fff54513          	not	a0,a0
    11f6:	8d79                	and	a0,a0,a4
    11f8:	d788                	sw	a0,40(a5)
c:\Users\WaspYL\Desktop\c-language-practice\MRS代码\CH32V307_TCP\obj/../Peripheral/src/ch32v30x_rcc.c:1303
    }
}
    11fa:	8082                	ret

000011fc <TIM_TimeBaseInit>:
TIM_TimeBaseInit():
c:\Users\WaspYL\Desktop\c-language-practice\MRS代码\CH32V307_TCP\obj/../Peripheral/src/ch32v30x_tim.c:110
 */
void TIM_TimeBaseInit(TIM_TypeDef *TIMx, TIM_TimeBaseInitTypeDef *TIM_TimeBaseInitStruct)
{
    uint16_t tmpcr1 = 0;
    uint32_t temper1 = 0;
    temper1 = ((*( uint32_t * )0x1FFFF704) & 0x000000F0) >> 4;
    11fc:	1ffff737          	lui	a4,0x1ffff
    1200:	70472703          	lw	a4,1796(a4) # 1ffff704 <_data_lma+0x1fff60d0>
c:\Users\WaspYL\Desktop\c-language-practice\MRS代码\CH32V307_TCP\obj/../Peripheral/src/ch32v30x_tim.c:111
    tmpcr1 = TIMx->CTLR1;
    1204:	211e                	lhu	a5,0(a0)
c:\Users\WaspYL\Desktop\c-language-practice\MRS代码\CH32V307_TCP\obj/../Peripheral/src/ch32v30x_tim.c:113

    if(((temper1>=4)&&(temper1<=8))&&((TIMx == TIM1) || (TIMx == TIM8) || (TIMx == TIM9) || (TIMx == TIM10)))
    1206:	4691                	li	a3,4
c:\Users\WaspYL\Desktop\c-language-practice\MRS代码\CH32V307_TCP\obj/../Peripheral/src/ch32v30x_tim.c:110
    temper1 = ((*( uint32_t * )0x1FFFF704) & 0x000000F0) >> 4;
    1208:	8311                	srli	a4,a4,0x4
    120a:	8b3d                	andi	a4,a4,15
c:\Users\WaspYL\Desktop\c-language-practice\MRS代码\CH32V307_TCP\obj/../Peripheral/src/ch32v30x_tim.c:111
    tmpcr1 = TIMx->CTLR1;
    120c:	07c2                	slli	a5,a5,0x10
c:\Users\WaspYL\Desktop\c-language-practice\MRS代码\CH32V307_TCP\obj/../Peripheral/src/ch32v30x_tim.c:113
    if(((temper1>=4)&&(temper1<=8))&&((TIMx == TIM1) || (TIMx == TIM8) || (TIMx == TIM9) || (TIMx == TIM10)))
    120e:	1771                	addi	a4,a4,-4
c:\Users\WaspYL\Desktop\c-language-practice\MRS代码\CH32V307_TCP\obj/../Peripheral/src/ch32v30x_tim.c:111
    tmpcr1 = TIMx->CTLR1;
    1210:	83c1                	srli	a5,a5,0x10
c:\Users\WaspYL\Desktop\c-language-practice\MRS代码\CH32V307_TCP\obj/../Peripheral/src/ch32v30x_tim.c:113
    if(((temper1>=4)&&(temper1<=8))&&((TIMx == TIM1) || (TIMx == TIM8) || (TIMx == TIM9) || (TIMx == TIM10)))
    1212:	02e6e663          	bltu	a3,a4,123e <TIM_TimeBaseInit+0x42>
c:\Users\WaspYL\Desktop\c-language-practice\MRS代码\CH32V307_TCP\obj/../Peripheral/src/ch32v30x_tim.c:113 (discriminator 1)
    1216:	40013737          	lui	a4,0x40013
    121a:	c0070693          	addi	a3,a4,-1024 # 40012c00 <_eusrstack+0x2000ac00>
    121e:	00d50e63          	beq	a0,a3,123a <TIM_TimeBaseInit+0x3e>
c:\Users\WaspYL\Desktop\c-language-practice\MRS代码\CH32V307_TCP\obj/../Peripheral/src/ch32v30x_tim.c:113 (discriminator 2)
    1222:	40070713          	addi	a4,a4,1024
    1226:	00e50a63          	beq	a0,a4,123a <TIM_TimeBaseInit+0x3e>
c:\Users\WaspYL\Desktop\c-language-practice\MRS代码\CH32V307_TCP\obj/../Peripheral/src/ch32v30x_tim.c:113 (discriminator 3)
    122a:	40015737          	lui	a4,0x40015
    122e:	c0070693          	addi	a3,a4,-1024 # 40014c00 <_eusrstack+0x2000cc00>
    1232:	00d50463          	beq	a0,a3,123a <TIM_TimeBaseInit+0x3e>
c:\Users\WaspYL\Desktop\c-language-practice\MRS代码\CH32V307_TCP\obj/../Peripheral/src/ch32v30x_tim.c:113 (discriminator 4)
    1236:	00e51a63          	bne	a0,a4,124a <TIM_TimeBaseInit+0x4e>
c:\Users\WaspYL\Desktop\c-language-practice\MRS代码\CH32V307_TCP\obj/../Peripheral/src/ch32v30x_tim.c:115
    {
        tmpcr1 |= 1<<13;
    123a:	6709                	lui	a4,0x2
    123c:	8fd9                	or	a5,a5,a4
c:\Users\WaspYL\Desktop\c-language-practice\MRS代码\CH32V307_TCP\obj/../Peripheral/src/ch32v30x_tim.c:118
    }

    if((TIMx == TIM1) || (TIMx == TIM2) || (TIMx == TIM3) || (TIMx == TIM4) ||
    123e:	40013737          	lui	a4,0x40013
    1242:	c0070713          	addi	a4,a4,-1024 # 40012c00 <_eusrstack+0x2000ac00>
    1246:	04e50263          	beq	a0,a4,128a <TIM_TimeBaseInit+0x8e>
c:\Users\WaspYL\Desktop\c-language-practice\MRS代码\CH32V307_TCP\obj/../Peripheral/src/ch32v30x_tim.c:118 (discriminator 1)
    124a:	40000737          	lui	a4,0x40000
    124e:	02e50e63          	beq	a0,a4,128a <TIM_TimeBaseInit+0x8e>
c:\Users\WaspYL\Desktop\c-language-practice\MRS代码\CH32V307_TCP\obj/../Peripheral/src/ch32v30x_tim.c:118 (discriminator 2)
    1252:	40070713          	addi	a4,a4,1024 # 40000400 <_eusrstack+0x1fff8400>
    1256:	02e50a63          	beq	a0,a4,128a <TIM_TimeBaseInit+0x8e>
c:\Users\WaspYL\Desktop\c-language-practice\MRS代码\CH32V307_TCP\obj/../Peripheral/src/ch32v30x_tim.c:118 (discriminator 3)
    125a:	40001737          	lui	a4,0x40001
    125e:	80070693          	addi	a3,a4,-2048 # 40000800 <_eusrstack+0x1fff8800>
    1262:	02d50463          	beq	a0,a3,128a <TIM_TimeBaseInit+0x8e>
c:\Users\WaspYL\Desktop\c-language-practice\MRS代码\CH32V307_TCP\obj/../Peripheral/src/ch32v30x_tim.c:118 (discriminator 4)
    1266:	c0070713          	addi	a4,a4,-1024
    126a:	02e50063          	beq	a0,a4,128a <TIM_TimeBaseInit+0x8e>
c:\Users\WaspYL\Desktop\c-language-practice\MRS代码\CH32V307_TCP\obj/../Peripheral/src/ch32v30x_tim.c:119
       (TIMx == TIM5) || (TIMx == TIM8) || (TIMx == TIM9) || (TIMx == TIM10))
    126e:	40013737          	lui	a4,0x40013
    1272:	40070713          	addi	a4,a4,1024 # 40013400 <_eusrstack+0x2000b400>
    1276:	00e50a63          	beq	a0,a4,128a <TIM_TimeBaseInit+0x8e>
c:\Users\WaspYL\Desktop\c-language-practice\MRS代码\CH32V307_TCP\obj/../Peripheral/src/ch32v30x_tim.c:119 (discriminator 1)
    127a:	40015737          	lui	a4,0x40015
    127e:	c0070693          	addi	a3,a4,-1024 # 40014c00 <_eusrstack+0x2000cc00>
    1282:	00d50463          	beq	a0,a3,128a <TIM_TimeBaseInit+0x8e>
c:\Users\WaspYL\Desktop\c-language-practice\MRS代码\CH32V307_TCP\obj/../Peripheral/src/ch32v30x_tim.c:119 (discriminator 2)
    1286:	00e51863          	bne	a0,a4,1296 <TIM_TimeBaseInit+0x9a>
c:\Users\WaspYL\Desktop\c-language-practice\MRS代码\CH32V307_TCP\obj/../Peripheral/src/ch32v30x_tim.c:121
    {
        tmpcr1 &= (uint16_t)(~((uint16_t)(TIM_DIR | TIM_CMS)));
    128a:	f8f7f793          	andi	a5,a5,-113
c:\Users\WaspYL\Desktop\c-language-practice\MRS代码\CH32V307_TCP\obj/../Peripheral/src/ch32v30x_tim.c:122
        tmpcr1 |= (uint32_t)TIM_TimeBaseInitStruct->TIM_CounterMode;
    128e:	21ba                	lhu	a4,2(a1)
c:\Users\WaspYL\Desktop\c-language-practice\MRS代码\CH32V307_TCP\obj/../Peripheral/src/ch32v30x_tim.c:121
        tmpcr1 &= (uint16_t)(~((uint16_t)(TIM_DIR | TIM_CMS)));
    1290:	07c2                	slli	a5,a5,0x10
    1292:	83c1                	srli	a5,a5,0x10
c:\Users\WaspYL\Desktop\c-language-practice\MRS代码\CH32V307_TCP\obj/../Peripheral/src/ch32v30x_tim.c:122
        tmpcr1 |= (uint32_t)TIM_TimeBaseInitStruct->TIM_CounterMode;
    1294:	8fd9                	or	a5,a5,a4
c:\Users\WaspYL\Desktop\c-language-practice\MRS代码\CH32V307_TCP\obj/../Peripheral/src/ch32v30x_tim.c:125
    }

    if((TIMx != TIM6) && (TIMx != TIM7))
    1296:	40001737          	lui	a4,0x40001
    129a:	00e50c63          	beq	a0,a4,12b2 <TIM_TimeBaseInit+0xb6>
c:\Users\WaspYL\Desktop\c-language-practice\MRS代码\CH32V307_TCP\obj/../Peripheral/src/ch32v30x_tim.c:125 (discriminator 1)
    129e:	40070713          	addi	a4,a4,1024 # 40001400 <_eusrstack+0x1fff9400>
    12a2:	00e50863          	beq	a0,a4,12b2 <TIM_TimeBaseInit+0xb6>
c:\Users\WaspYL\Desktop\c-language-practice\MRS代码\CH32V307_TCP\obj/../Peripheral/src/ch32v30x_tim.c:127
    {
        tmpcr1 &= (uint16_t)(~((uint16_t)TIM_CTLR1_CKD));
    12a6:	cff7f793          	andi	a5,a5,-769
c:\Users\WaspYL\Desktop\c-language-practice\MRS代码\CH32V307_TCP\obj/../Peripheral/src/ch32v30x_tim.c:128
        tmpcr1 |= (uint32_t)TIM_TimeBaseInitStruct->TIM_ClockDivision;
    12aa:	21fa                	lhu	a4,6(a1)
c:\Users\WaspYL\Desktop\c-language-practice\MRS代码\CH32V307_TCP\obj/../Peripheral/src/ch32v30x_tim.c:127
        tmpcr1 &= (uint16_t)(~((uint16_t)TIM_CTLR1_CKD));
    12ac:	07c2                	slli	a5,a5,0x10
    12ae:	83c1                	srli	a5,a5,0x10
c:\Users\WaspYL\Desktop\c-language-practice\MRS代码\CH32V307_TCP\obj/../Peripheral/src/ch32v30x_tim.c:128
        tmpcr1 |= (uint32_t)TIM_TimeBaseInitStruct->TIM_ClockDivision;
    12b0:	8fd9                	or	a5,a5,a4
c:\Users\WaspYL\Desktop\c-language-practice\MRS代码\CH32V307_TCP\obj/../Peripheral/src/ch32v30x_tim.c:131
    }

    TIMx->CTLR1 = tmpcr1;
    12b2:	a11e                	sh	a5,0(a0)
c:\Users\WaspYL\Desktop\c-language-practice\MRS代码\CH32V307_TCP\obj/../Peripheral/src/ch32v30x_tim.c:132
    TIMx->ATRLR = TIM_TimeBaseInitStruct->TIM_Period;
    12b4:	21de                	lhu	a5,4(a1)
    12b6:	b55e                	sh	a5,44(a0)
c:\Users\WaspYL\Desktop\c-language-practice\MRS代码\CH32V307_TCP\obj/../Peripheral/src/ch32v30x_tim.c:133
    TIMx->PSC = TIM_TimeBaseInitStruct->TIM_Prescaler;
    12b8:	219e                	lhu	a5,0(a1)
    12ba:	b51e                	sh	a5,40(a0)
c:\Users\WaspYL\Desktop\c-language-practice\MRS代码\CH32V307_TCP\obj/../Peripheral/src/ch32v30x_tim.c:135

    if((TIMx == TIM1) || (TIMx == TIM8) || (TIMx == TIM9) || (TIMx == TIM10))
    12bc:	400137b7          	lui	a5,0x40013
    12c0:	c0078713          	addi	a4,a5,-1024 # 40012c00 <_eusrstack+0x2000ac00>
    12c4:	00e50e63          	beq	a0,a4,12e0 <TIM_TimeBaseInit+0xe4>
c:\Users\WaspYL\Desktop\c-language-practice\MRS代码\CH32V307_TCP\obj/../Peripheral/src/ch32v30x_tim.c:135 (discriminator 1)
    12c8:	40078793          	addi	a5,a5,1024
    12cc:	00f50a63          	beq	a0,a5,12e0 <TIM_TimeBaseInit+0xe4>
c:\Users\WaspYL\Desktop\c-language-practice\MRS代码\CH32V307_TCP\obj/../Peripheral/src/ch32v30x_tim.c:135 (discriminator 2)
    12d0:	400157b7          	lui	a5,0x40015
    12d4:	c0078713          	addi	a4,a5,-1024 # 40014c00 <_eusrstack+0x2000cc00>
    12d8:	00e50463          	beq	a0,a4,12e0 <TIM_TimeBaseInit+0xe4>
c:\Users\WaspYL\Desktop\c-language-practice\MRS代码\CH32V307_TCP\obj/../Peripheral/src/ch32v30x_tim.c:135 (discriminator 3)
    12dc:	00f51463          	bne	a0,a5,12e4 <TIM_TimeBaseInit+0xe8>
c:\Users\WaspYL\Desktop\c-language-practice\MRS代码\CH32V307_TCP\obj/../Peripheral/src/ch32v30x_tim.c:137
    {
        TIMx->RPTCR = TIM_TimeBaseInitStruct->TIM_RepetitionCounter;
    12e0:	259c                	lbu	a5,8(a1)
    12e2:	b91e                	sh	a5,48(a0)
c:\Users\WaspYL\Desktop\c-language-practice\MRS代码\CH32V307_TCP\obj/../Peripheral/src/ch32v30x_tim.c:140
    }

    TIMx->SWEVGR = TIM_PSCReloadMode_Immediate;
    12e4:	4785                	li	a5,1
    12e6:	a95e                	sh	a5,20(a0)
c:\Users\WaspYL\Desktop\c-language-practice\MRS代码\CH32V307_TCP\obj/../Peripheral/src/ch32v30x_tim.c:141
}
    12e8:	8082                	ret

000012ea <TIM_Cmd>:
TIM_Cmd():
c:\Users\WaspYL\Desktop\c-language-practice\MRS代码\CH32V307_TCP\obj/../Peripheral/src/ch32v30x_tim.c:522
 */
void TIM_Cmd(TIM_TypeDef *TIMx, FunctionalState NewState)
{
    if(NewState != DISABLE)
    {
        TIMx->CTLR1 |= TIM_CEN;
    12ea:	211e                	lhu	a5,0(a0)
c:\Users\WaspYL\Desktop\c-language-practice\MRS代码\CH32V307_TCP\obj/../Peripheral/src/ch32v30x_tim.c:520
    if(NewState != DISABLE)
    12ec:	c589                	beqz	a1,12f6 <TIM_Cmd+0xc>
c:\Users\WaspYL\Desktop\c-language-practice\MRS代码\CH32V307_TCP\obj/../Peripheral/src/ch32v30x_tim.c:522
        TIMx->CTLR1 |= TIM_CEN;
    12ee:	0017e793          	ori	a5,a5,1
c:\Users\WaspYL\Desktop\c-language-practice\MRS代码\CH32V307_TCP\obj/../Peripheral/src/ch32v30x_tim.c:526
    }
    else
    {
        TIMx->CTLR1 &= (uint16_t)(~((uint16_t)TIM_CEN));
    12f2:	a11e                	sh	a5,0(a0)
c:\Users\WaspYL\Desktop\c-language-practice\MRS代码\CH32V307_TCP\obj/../Peripheral/src/ch32v30x_tim.c:528
    }
}
    12f4:	8082                	ret
c:\Users\WaspYL\Desktop\c-language-practice\MRS代码\CH32V307_TCP\obj/../Peripheral/src/ch32v30x_tim.c:526
        TIMx->CTLR1 &= (uint16_t)(~((uint16_t)TIM_CEN));
    12f6:	07c2                	slli	a5,a5,0x10
    12f8:	83c1                	srli	a5,a5,0x10
    12fa:	9bf9                	andi	a5,a5,-2
    12fc:	07c2                	slli	a5,a5,0x10
    12fe:	83c1                	srli	a5,a5,0x10
    1300:	bfcd                	j	12f2 <TIM_Cmd+0x8>

00001302 <TIM_ITConfig>:
TIM_ITConfig():
c:\Users\WaspYL\Desktop\c-language-practice\MRS代码\CH32V307_TCP\obj/../Peripheral/src/ch32v30x_tim.c:576
 */
void TIM_ITConfig(TIM_TypeDef *TIMx, uint16_t TIM_IT, FunctionalState NewState)
{
    if(NewState != DISABLE)
    {
        TIMx->DMAINTENR |= TIM_IT;
    1302:	255e                	lhu	a5,12(a0)
c:\Users\WaspYL\Desktop\c-language-practice\MRS代码\CH32V307_TCP\obj/../Peripheral/src/ch32v30x_tim.c:574
    if(NewState != DISABLE)
    1304:	c601                	beqz	a2,130c <TIM_ITConfig+0xa>
c:\Users\WaspYL\Desktop\c-language-practice\MRS代码\CH32V307_TCP\obj/../Peripheral/src/ch32v30x_tim.c:576
        TIMx->DMAINTENR |= TIM_IT;
    1306:	8ddd                	or	a1,a1,a5
c:\Users\WaspYL\Desktop\c-language-practice\MRS代码\CH32V307_TCP\obj/../Peripheral/src/ch32v30x_tim.c:580
    }
    else
    {
        TIMx->DMAINTENR &= (uint16_t)~TIM_IT;
    1308:	a54e                	sh	a1,12(a0)
c:\Users\WaspYL\Desktop\c-language-practice\MRS代码\CH32V307_TCP\obj/../Peripheral/src/ch32v30x_tim.c:582
    }
}
    130a:	8082                	ret
c:\Users\WaspYL\Desktop\c-language-practice\MRS代码\CH32V307_TCP\obj/../Peripheral/src/ch32v30x_tim.c:580
        TIMx->DMAINTENR &= (uint16_t)~TIM_IT;
    130c:	fff5c593          	not	a1,a1
    1310:	8dfd                	and	a1,a1,a5
    1312:	bfdd                	j	1308 <TIM_ITConfig+0x6>

00001314 <TIM_ClearITPendingBit>:
TIM_ClearITPendingBit():
    1314:	fff5c593          	not	a1,a1
    1318:	05c2                	slli	a1,a1,0x10
    131a:	81c1                	srli	a1,a1,0x10
    131c:	a90e                	sh	a1,16(a0)
    131e:	8082                	ret

00001320 <USART_Init>:
USART_Init():
c:\Users\WaspYL\Desktop\c-language-practice\MRS代码\CH32V307_TCP\obj/../Peripheral/src/ch32v30x_usart.c:122
 *        USART peripheral.
 *
 * @return  none
 */
void USART_Init(USART_TypeDef *USARTx, USART_InitTypeDef *USART_InitStruct)
{
    1320:	ed1fe2ef          	jal	t0,1f0 <__riscv_save_0>
c:\Users\WaspYL\Desktop\c-language-practice\MRS代码\CH32V307_TCP\obj/../Peripheral/src/ch32v30x_usart.c:130
    uint32_t          fractionaldivider = 0x00;
    uint32_t          usartxbase = 0;
    RCC_ClocksTypeDef RCC_ClocksStatus;

    usartxbase = (uint32_t)USARTx;
    tmpreg = USARTx->CTLR2;
    1324:	291a                	lhu	a4,16(a0)
c:\Users\WaspYL\Desktop\c-language-practice\MRS代码\CH32V307_TCP\obj/../Peripheral/src/ch32v30x_usart.c:132
    tmpreg &= CTLR2_STOP_CLEAR_Mask;
    tmpreg |= (uint32_t)USART_InitStruct->USART_StopBits;
    1326:	77f5                	lui	a5,0xffffd
    1328:	17fd                	addi	a5,a5,-1
    132a:	8ff9                	and	a5,a5,a4
    132c:	21fa                	lhu	a4,6(a1)
c:\Users\WaspYL\Desktop\c-language-practice\MRS代码\CH32V307_TCP\obj/../Peripheral/src/ch32v30x_usart.c:122
{
    132e:	7179                	addi	sp,sp,-48
    1330:	842a                	mv	s0,a0
    1332:	8fd9                	or	a5,a5,a4
c:\Users\WaspYL\Desktop\c-language-practice\MRS代码\CH32V307_TCP\obj/../Peripheral/src/ch32v30x_usart.c:134

    USARTx->CTLR2 = (uint16_t)tmpreg;
    1334:	a91e                	sh	a5,16(a0)
c:\Users\WaspYL\Desktop\c-language-practice\MRS代码\CH32V307_TCP\obj/../Peripheral/src/ch32v30x_usart.c:137
    tmpreg = USARTx->CTLR1;
    tmpreg &= CTLR1_CLEAR_Mask;
    tmpreg |= (uint32_t)USART_InitStruct->USART_WordLength | USART_InitStruct->USART_Parity |
    1336:	259a                	lhu	a4,8(a1)
    1338:	21de                	lhu	a5,4(a1)
c:\Users\WaspYL\Desktop\c-language-practice\MRS代码\CH32V307_TCP\obj/../Peripheral/src/ch32v30x_usart.c:135
    tmpreg = USARTx->CTLR1;
    133a:	2556                	lhu	a3,12(a0)
c:\Users\WaspYL\Desktop\c-language-practice\MRS代码\CH32V307_TCP\obj/../Peripheral/src/ch32v30x_usart.c:137
    tmpreg |= (uint32_t)USART_InitStruct->USART_WordLength | USART_InitStruct->USART_Parity |
    133c:	c62e                	sw	a1,12(sp)
    133e:	8fd9                	or	a5,a5,a4
    1340:	25ba                	lhu	a4,10(a1)
    1342:	8fd9                	or	a5,a5,a4
    1344:	777d                	lui	a4,0xfffff
    1346:	9f370713          	addi	a4,a4,-1549 # ffffe9f3 <_eusrstack+0xdfff69f3>
    134a:	8f75                	and	a4,a4,a3
    134c:	8fd9                	or	a5,a5,a4
c:\Users\WaspYL\Desktop\c-language-practice\MRS代码\CH32V307_TCP\obj/../Peripheral/src/ch32v30x_usart.c:139
              USART_InitStruct->USART_Mode;
    USARTx->CTLR1 = (uint16_t)tmpreg;
    134e:	a55e                	sh	a5,12(a0)
c:\Users\WaspYL\Desktop\c-language-practice\MRS代码\CH32V307_TCP\obj/../Peripheral/src/ch32v30x_usart.c:141

    tmpreg = USARTx->CTLR3;
    1350:	295e                	lhu	a5,20(a0)
    1352:	25da                	lhu	a4,12(a1)
    1354:	07c2                	slli	a5,a5,0x10
    1356:	83c1                	srli	a5,a5,0x10
c:\Users\WaspYL\Desktop\c-language-practice\MRS代码\CH32V307_TCP\obj/../Peripheral/src/ch32v30x_usart.c:143
    tmpreg &= CTLR3_CLEAR_Mask;
    tmpreg |= USART_InitStruct->USART_HardwareFlowControl;
    1358:	cff7f793          	andi	a5,a5,-769
    135c:	8fd9                	or	a5,a5,a4
c:\Users\WaspYL\Desktop\c-language-practice\MRS代码\CH32V307_TCP\obj/../Peripheral/src/ch32v30x_usart.c:144
    USARTx->CTLR3 = (uint16_t)tmpreg;
    135e:	a95e                	sh	a5,20(a0)
c:\Users\WaspYL\Desktop\c-language-practice\MRS代码\CH32V307_TCP\obj/../Peripheral/src/ch32v30x_usart.c:146

    RCC_GetClocksFreq(&RCC_ClocksStatus);
    1360:	0868                	addi	a0,sp,28
    1362:	3925                	jal	f9a <RCC_GetClocksFreq>
c:\Users\WaspYL\Desktop\c-language-practice\MRS代码\CH32V307_TCP\obj/../Peripheral/src/ch32v30x_usart.c:148

    if(usartxbase == USART1_BASE)
    1364:	400147b7          	lui	a5,0x40014
    1368:	80078793          	addi	a5,a5,-2048 # 40013800 <_eusrstack+0x2000b800>
    136c:	45b2                	lw	a1,12(sp)
    136e:	04f41163          	bne	s0,a5,13b0 <USART_Init+0x90>
c:\Users\WaspYL\Desktop\c-language-practice\MRS代码\CH32V307_TCP\obj/../Peripheral/src/ch32v30x_usart.c:150
    {
        apbclock = RCC_ClocksStatus.PCLK2_Frequency;
    1372:	57a2                	lw	a5,40(sp)
c:\Users\WaspYL\Desktop\c-language-practice\MRS代码\CH32V307_TCP\obj/../Peripheral/src/ch32v30x_usart.c:157
    else
    {
        apbclock = RCC_ClocksStatus.PCLK1_Frequency;
    }

    integerdivider = ((25 * apbclock) / (4 * (USART_InitStruct->USART_BaudRate)));
    1374:	4765                	li	a4,25
    1376:	02e787b3          	mul	a5,a5,a4
    137a:	4198                	lw	a4,0(a1)
c:\Users\WaspYL\Desktop\c-language-practice\MRS代码\CH32V307_TCP\obj/../Peripheral/src/ch32v30x_usart.c:158
    tmpreg = (integerdivider / 100) << 4;
    137c:	06400613          	li	a2,100
c:\Users\WaspYL\Desktop\c-language-practice\MRS代码\CH32V307_TCP\obj/../Peripheral/src/ch32v30x_usart.c:157
    integerdivider = ((25 * apbclock) / (4 * (USART_InitStruct->USART_BaudRate)));
    1380:	070a                	slli	a4,a4,0x2
    1382:	02e7d7b3          	divu	a5,a5,a4
c:\Users\WaspYL\Desktop\c-language-practice\MRS代码\CH32V307_TCP\obj/../Peripheral/src/ch32v30x_usart.c:158
    tmpreg = (integerdivider / 100) << 4;
    1386:	02c7d6b3          	divu	a3,a5,a2
c:\Users\WaspYL\Desktop\c-language-practice\MRS代码\CH32V307_TCP\obj/../Peripheral/src/ch32v30x_usart.c:160
    fractionaldivider = integerdivider - (100 * (tmpreg >> 4));
    fractionaldivider = (((fractionaldivider * 16) + 50) / 100);
    138a:	02c7f7b3          	remu	a5,a5,a2
c:\Users\WaspYL\Desktop\c-language-practice\MRS代码\CH32V307_TCP\obj/../Peripheral/src/ch32v30x_usart.c:158
    tmpreg = (integerdivider / 100) << 4;
    138e:	0692                	slli	a3,a3,0x4
c:\Users\WaspYL\Desktop\c-language-practice\MRS代码\CH32V307_TCP\obj/../Peripheral/src/ch32v30x_usart.c:160
    fractionaldivider = (((fractionaldivider * 16) + 50) / 100);
    1390:	00479713          	slli	a4,a5,0x4
    1394:	03270793          	addi	a5,a4,50
c:\Users\WaspYL\Desktop\c-language-practice\MRS代码\CH32V307_TCP\obj/../Peripheral/src/ch32v30x_usart.c:161
    if (fractionaldivider > 0xf)
    1398:	63f00713          	li	a4,1599
    139c:	00f77c63          	bgeu	a4,a5,13b4 <USART_Init+0x94>
c:\Users\WaspYL\Desktop\c-language-practice\MRS代码\CH32V307_TCP\obj/../Peripheral/src/ch32v30x_usart.c:163
    {
        tmpreg += 1 << 4;
    13a0:	01068793          	addi	a5,a3,16 # 40021010 <_eusrstack+0x20019010>
c:\Users\WaspYL\Desktop\c-language-practice\MRS代码\CH32V307_TCP\obj/../Peripheral/src/ch32v30x_usart.c:170
    else
    {
        tmpreg |= fractionaldivider & ((uint8_t)0x0f);
    }
    
    USARTx->BRR = (uint16_t)tmpreg; 
    13a4:	07c2                	slli	a5,a5,0x10
    13a6:	83c1                	srli	a5,a5,0x10
    13a8:	a41e                	sh	a5,8(s0)
c:\Users\WaspYL\Desktop\c-language-practice\MRS代码\CH32V307_TCP\obj/../Peripheral/src/ch32v30x_usart.c:171
}
    13aa:	6145                	addi	sp,sp,48
    13ac:	e69fe06f          	j	214 <__riscv_restore_0>
c:\Users\WaspYL\Desktop\c-language-practice\MRS代码\CH32V307_TCP\obj/../Peripheral/src/ch32v30x_usart.c:154
        apbclock = RCC_ClocksStatus.PCLK1_Frequency;
    13b0:	5792                	lw	a5,36(sp)
    13b2:	b7c9                	j	1374 <USART_Init+0x54>
c:\Users\WaspYL\Desktop\c-language-practice\MRS代码\CH32V307_TCP\obj/../Peripheral/src/ch32v30x_usart.c:160
    fractionaldivider = (((fractionaldivider * 16) + 50) / 100);
    13b4:	02c7d7b3          	divu	a5,a5,a2
c:\Users\WaspYL\Desktop\c-language-practice\MRS代码\CH32V307_TCP\obj/../Peripheral/src/ch32v30x_usart.c:167
        tmpreg |= fractionaldivider & ((uint8_t)0x0f);
    13b8:	8fd5                	or	a5,a5,a3
    13ba:	b7ed                	j	13a4 <USART_Init+0x84>

000013bc <USART_Cmd>:
USART_Cmd():
c:\Users\WaspYL\Desktop\c-language-practice\MRS代码\CH32V307_TCP\obj/../Peripheral/src/ch32v30x_usart.c:249
 *
 * @return  none
 */
void USART_Cmd(USART_TypeDef *USARTx, FunctionalState NewState)
{
    if(NewState != DISABLE)
    13bc:	c591                	beqz	a1,13c8 <USART_Cmd+0xc>
c:\Users\WaspYL\Desktop\c-language-practice\MRS代码\CH32V307_TCP\obj/../Peripheral/src/ch32v30x_usart.c:251
    {
        USARTx->CTLR1 |= CTLR1_UE_Set;
    13be:	255e                	lhu	a5,12(a0)
    13c0:	6709                	lui	a4,0x2
    13c2:	8fd9                	or	a5,a5,a4
c:\Users\WaspYL\Desktop\c-language-practice\MRS代码\CH32V307_TCP\obj/../Peripheral/src/ch32v30x_usart.c:255
    }
    else
    {
        USARTx->CTLR1 &= CTLR1_UE_Reset;
    13c4:	a55e                	sh	a5,12(a0)
c:\Users\WaspYL\Desktop\c-language-practice\MRS代码\CH32V307_TCP\obj/../Peripheral/src/ch32v30x_usart.c:257
    }
}
    13c6:	8082                	ret
c:\Users\WaspYL\Desktop\c-language-practice\MRS代码\CH32V307_TCP\obj/../Peripheral/src/ch32v30x_usart.c:255
        USARTx->CTLR1 &= CTLR1_UE_Reset;
    13c8:	255a                	lhu	a4,12(a0)
    13ca:	77f9                	lui	a5,0xffffe
    13cc:	17fd                	addi	a5,a5,-1
    13ce:	8ff9                	and	a5,a5,a4
    13d0:	bfd5                	j	13c4 <USART_Cmd+0x8>

000013d2 <USART_SendData>:
USART_SendData():
c:\Users\WaspYL\Desktop\c-language-practice\MRS代码\CH32V307_TCP\obj/../Peripheral/src/ch32v30x_usart.c:452
 *
 * @return  none
 */
void USART_SendData(USART_TypeDef *USARTx, uint16_t Data)
{
    USARTx->DATAR = (Data & (uint16_t)0x01FF);
    13d2:	1ff5f593          	andi	a1,a1,511
    13d6:	a14e                	sh	a1,4(a0)
c:\Users\WaspYL\Desktop\c-language-practice\MRS代码\CH32V307_TCP\obj/../Peripheral/src/ch32v30x_usart.c:453
}
    13d8:	8082                	ret

000013da <USART_GetFlagStatus>:
USART_GetFlagStatus():
c:\Users\WaspYL\Desktop\c-language-practice\MRS代码\CH32V307_TCP\obj/../Peripheral/src/ch32v30x_usart.c:654
 */
FlagStatus USART_GetFlagStatus(USART_TypeDef *USARTx, uint16_t USART_FLAG)
{
    FlagStatus bitstatus = RESET;

    if((USARTx->STATR & USART_FLAG) != (uint16_t)RESET)
    13da:	210a                	lhu	a0,0(a0)
    13dc:	8d6d                	and	a0,a0,a1
c:\Users\WaspYL\Desktop\c-language-practice\MRS代码\CH32V307_TCP\obj/../Peripheral/src/ch32v30x_usart.c:663
    else
    {
        bitstatus = RESET;
    }
    return bitstatus;
}
    13de:	00a03533          	snez	a0,a0
    13e2:	8082                	ret

000013e4 <ETH_TxPktChainMode>:
ETH_TxPktChainMode():
c:\Users\WaspYL\Desktop\c-language-practice\MRS代码\CH32V307_TCP\obj/../NetLib/eth_driver_10M.c:806
 * @return  Send status.
 */
uint32_t ETH_TxPktChainMode(uint16_t len, uint32_t *pBuff )
{
    /* Check if the descriptor is owned by the ETHERNET DMA (when set) or CPU (when reset) */
    if((DMATxDescToSet->Status & ETH_DMATxDesc_OWN) != (u32)RESET)
    13e4:	8681a783          	lw	a5,-1944(gp) # 20000088 <DMATxDescToSet>
    13e8:	4398                	lw	a4,0(a5)
    13ea:	02074b63          	bltz	a4,1420 <ETH_TxPktChainMode+0x3c>
c:\Users\WaspYL\Desktop\c-language-practice\MRS代码\CH32V307_TCP\obj/../NetLib/eth_driver_10M.c:819

    /* Setting the last segment and first segment bits (in this case a frame is transmitted in one descriptor) */
#if HARDWARE_CHECKSUM_CONFIG
    DMATxDescToSet->Status |= ETH_DMATxDesc_LS | ETH_DMATxDesc_FS | ETH_DMATxDesc_CIC_TCPUDPICMP_Full;
#else
    DMATxDescToSet->Status |= ETH_DMATxDesc_LS | ETH_DMATxDesc_FS;
    13ee:	4398                	lw	a4,0(a5)
    13f0:	30000637          	lui	a2,0x30000
c:\Users\WaspYL\Desktop\c-language-practice\MRS代码\CH32V307_TCP\obj/../NetLib/eth_driver_10M.c:812
    DMATxDescToSet->ControlBufferSize = (len & ETH_DMATxDesc_TBS1);
    13f4:	054e                	slli	a0,a0,0x13
c:\Users\WaspYL\Desktop\c-language-practice\MRS代码\CH32V307_TCP\obj/../NetLib/eth_driver_10M.c:819
    DMATxDescToSet->Status |= ETH_DMATxDesc_LS | ETH_DMATxDesc_FS;
    13f6:	8f51                	or	a4,a4,a2
    13f8:	c398                	sw	a4,0(a5)
c:\Users\WaspYL\Desktop\c-language-practice\MRS代码\CH32V307_TCP\obj/../NetLib/eth_driver_10M.c:823
#endif

    /* Set Own bit of the Tx descriptor Status: gives the buffer back to ETHERNET DMA */
    DMATxDescToSet->Status |= ETH_DMATxDesc_OWN;
    13fa:	4398                	lw	a4,0(a5)
    13fc:	80000637          	lui	a2,0x80000
c:\Users\WaspYL\Desktop\c-language-practice\MRS代码\CH32V307_TCP\obj/../NetLib/eth_driver_10M.c:812
    DMATxDescToSet->ControlBufferSize = (len & ETH_DMATxDesc_TBS1);
    1400:	814d                	srli	a0,a0,0x13
c:\Users\WaspYL\Desktop\c-language-practice\MRS代码\CH32V307_TCP\obj/../NetLib/eth_driver_10M.c:823
    DMATxDescToSet->Status |= ETH_DMATxDesc_OWN;
    1402:	8f51                	or	a4,a4,a2
    1404:	c398                	sw	a4,0(a5)
c:\Users\WaspYL\Desktop\c-language-practice\MRS代码\CH32V307_TCP\obj/../NetLib/eth_driver_10M.c:812
    DMATxDescToSet->ControlBufferSize = (len & ETH_DMATxDesc_TBS1);
    1406:	c3c8                	sw	a0,4(a5)
c:\Users\WaspYL\Desktop\c-language-practice\MRS代码\CH32V307_TCP\obj/../NetLib/eth_driver_10M.c:813
    DMATxDescToSet->Buffer1Addr = (uint32_t)pBuff;
    1408:	c78c                	sw	a1,8(a5)
c:\Users\WaspYL\Desktop\c-language-practice\MRS代码\CH32V307_TCP\obj/../NetLib/eth_driver_10M.c:826

    /* Clear TBUS ETHERNET DMA flag */
    ETH->DMASR = ETH_DMASR_TBUS;
    140a:	40029737          	lui	a4,0x40029
    140e:	4611                	li	a2,4
    1410:	cb50                	sw	a2,20(a4)
c:\Users\WaspYL\Desktop\c-language-practice\MRS代码\CH32V307_TCP\obj/../NetLib/eth_driver_10M.c:828
    /* Resume DMA transmission*/
    ETH->DMATPDR = 0;
    1412:	00072223          	sw	zero,4(a4) # 40029004 <_eusrstack+0x20021004>
c:\Users\WaspYL\Desktop\c-language-practice\MRS代码\CH32V307_TCP\obj/../NetLib/eth_driver_10M.c:833

    /* Update the ETHERNET DMA global Tx descriptor with next Tx descriptor */
    /* Chained Mode */
    /* Selects the next DMA Tx descriptor list for next buffer to send */
    DMATxDescToSet = (ETH_DMADESCTypeDef*) (DMATxDescToSet->Buffer2NextDescAddr);
    1416:	47dc                	lw	a5,12(a5)
c:\Users\WaspYL\Desktop\c-language-practice\MRS代码\CH32V307_TCP\obj/../NetLib/eth_driver_10M.c:835
    /* Return SUCCESS */
    return ETH_SUCCESS;
    1418:	4505                	li	a0,1
c:\Users\WaspYL\Desktop\c-language-practice\MRS代码\CH32V307_TCP\obj/../NetLib/eth_driver_10M.c:833
    DMATxDescToSet = (ETH_DMADESCTypeDef*) (DMATxDescToSet->Buffer2NextDescAddr);
    141a:	86f1a423          	sw	a5,-1944(gp) # 20000088 <DMATxDescToSet>
c:\Users\WaspYL\Desktop\c-language-practice\MRS代码\CH32V307_TCP\obj/../NetLib/eth_driver_10M.c:835
    return ETH_SUCCESS;
    141e:	8082                	ret
c:\Users\WaspYL\Desktop\c-language-practice\MRS代码\CH32V307_TCP\obj/../NetLib/eth_driver_10M.c:809
        return ETH_ERROR;
    1420:	4501                	li	a0,0
c:\Users\WaspYL\Desktop\c-language-practice\MRS代码\CH32V307_TCP\obj/../NetLib/eth_driver_10M.c:836
}
    1422:	8082                	ret

00001424 <ETH_LedDataSet>:
ETH_LedDataSet():
c:\Users\WaspYL\Desktop\c-language-practice\MRS代码\CH32V307_TCP\obj/../NetLib/eth_driver_10M.c:374
{
    1424:	dcdfe2ef          	jal	t0,1f0 <__riscv_save_0>
c:\Users\WaspYL\Desktop\c-language-practice\MRS代码\CH32V307_TCP\obj/../NetLib/eth_driver_10M.c:375
    if( mode == LED_OFF )
    1428:	4785                	li	a5,1
c:\Users\WaspYL\Desktop\c-language-practice\MRS代码\CH32V307_TCP\obj/../NetLib/eth_driver_10M.c:377
        GPIO_SetBits(GPIOC, GPIO_Pin_1);
    142a:	4589                	li	a1,2
c:\Users\WaspYL\Desktop\c-language-practice\MRS代码\CH32V307_TCP\obj/../NetLib/eth_driver_10M.c:375
    if( mode == LED_OFF )
    142c:	00f51863          	bne	a0,a5,143c <ETH_LedDataSet+0x18>
c:\Users\WaspYL\Desktop\c-language-practice\MRS代码\CH32V307_TCP\obj/../NetLib/eth_driver_10M.c:377
        GPIO_SetBits(GPIOC, GPIO_Pin_1);
    1430:	40011537          	lui	a0,0x40011
    1434:	b55ff0ef          	jal	ra,f88 <GPIO_SetBits>
c:\Users\WaspYL\Desktop\c-language-practice\MRS代码\CH32V307_TCP\obj/../NetLib/eth_driver_10M.c:383
}
    1438:	dddfe06f          	j	214 <__riscv_restore_0>
c:\Users\WaspYL\Desktop\c-language-practice\MRS代码\CH32V307_TCP\obj/../NetLib/eth_driver_10M.c:381
        GPIO_ResetBits(GPIOC, GPIO_Pin_1);
    143c:	40011537          	lui	a0,0x40011
    1440:	b4dff0ef          	jal	ra,f8c <GPIO_ResetBits>
c:\Users\WaspYL\Desktop\c-language-practice\MRS代码\CH32V307_TCP\obj/../NetLib/eth_driver_10M.c:383
}
    1444:	bfd5                	j	1438 <ETH_LedDataSet+0x14>

00001446 <ETH_LedLinkSet>:
ETH_LedLinkSet():
c:\Users\WaspYL\Desktop\c-language-practice\MRS代码\CH32V307_TCP\obj/../NetLib/eth_driver_10M.c:355
{
    1446:	dabfe2ef          	jal	t0,1f0 <__riscv_save_0>
c:\Users\WaspYL\Desktop\c-language-practice\MRS代码\CH32V307_TCP\obj/../NetLib/eth_driver_10M.c:356
    if( mode == LED_OFF )
    144a:	4785                	li	a5,1
c:\Users\WaspYL\Desktop\c-language-practice\MRS代码\CH32V307_TCP\obj/../NetLib/eth_driver_10M.c:358
        GPIO_SetBits(GPIOC, GPIO_Pin_0);
    144c:	4585                	li	a1,1
c:\Users\WaspYL\Desktop\c-language-practice\MRS代码\CH32V307_TCP\obj/../NetLib/eth_driver_10M.c:356
    if( mode == LED_OFF )
    144e:	00f51863          	bne	a0,a5,145e <ETH_LedLinkSet+0x18>
c:\Users\WaspYL\Desktop\c-language-practice\MRS代码\CH32V307_TCP\obj/../NetLib/eth_driver_10M.c:358
        GPIO_SetBits(GPIOC, GPIO_Pin_0);
    1452:	40011537          	lui	a0,0x40011
    1456:	b33ff0ef          	jal	ra,f88 <GPIO_SetBits>
c:\Users\WaspYL\Desktop\c-language-practice\MRS代码\CH32V307_TCP\obj/../NetLib/eth_driver_10M.c:364
}
    145a:	dbbfe06f          	j	214 <__riscv_restore_0>
c:\Users\WaspYL\Desktop\c-language-practice\MRS代码\CH32V307_TCP\obj/../NetLib/eth_driver_10M.c:362
        GPIO_ResetBits(GPIOC, GPIO_Pin_0);
    145e:	40011537          	lui	a0,0x40011
    1462:	b2bff0ef          	jal	ra,f8c <GPIO_ResetBits>
c:\Users\WaspYL\Desktop\c-language-practice\MRS代码\CH32V307_TCP\obj/../NetLib/eth_driver_10M.c:364
}
    1466:	bfd5                	j	145a <ETH_LedLinkSet+0x14>

00001468 <WCHNET_GetMacAddr>:
WCHNET_GetMacAddr():
c:\Users\WaspYL\Desktop\c-language-practice\MRS代码\CH32V307_TCP\obj/../NetLib/eth_driver_10M.c:92
        *p = *macaddr;
    1468:	1ffff737          	lui	a4,0x1ffff
c:\Users\WaspYL\Desktop\c-language-practice\MRS代码\CH32V307_TCP\obj/../NetLib/eth_driver_10M.c:86
{
    146c:	4781                	li	a5,0
c:\Users\WaspYL\Desktop\c-language-practice\MRS代码\CH32V307_TCP\obj/../NetLib/eth_driver_10M.c:92
        *p = *macaddr;
    146e:	7ed70713          	addi	a4,a4,2029 # 1ffff7ed <_data_lma+0x1fff61b9>
c:\Users\WaspYL\Desktop\c-language-practice\MRS代码\CH32V307_TCP\obj/../NetLib/eth_driver_10M.c:90
    for(i=0;i<6;i++)
    1472:	4699                	li	a3,6
c:\Users\WaspYL\Desktop\c-language-practice\MRS代码\CH32V307_TCP\obj/../NetLib/eth_driver_10M.c:92 (discriminator 3)
        *p = *macaddr;
    1474:	40f70633          	sub	a2,a4,a5
    1478:	220c                	lbu	a1,0(a2)
    147a:	00f50633          	add	a2,a0,a5
    147e:	0785                	addi	a5,a5,1
    1480:	a20c                	sb	a1,0(a2)
c:\Users\WaspYL\Desktop\c-language-practice\MRS代码\CH32V307_TCP\obj/../NetLib/eth_driver_10M.c:90 (discriminator 3)
    for(i=0;i<6;i++)
    1482:	fed799e3          	bne	a5,a3,1474 <WCHNET_GetMacAddr+0xc>
c:\Users\WaspYL\Desktop\c-language-practice\MRS代码\CH32V307_TCP\obj/../NetLib/eth_driver_10M.c:96
}
    1486:	8082                	ret

00001488 <WCHNET_TimeIsr>:
WCHNET_TimeIsr():
c:\Users\WaspYL\Desktop\c-language-practice\MRS代码\CH32V307_TCP\obj/../NetLib/eth_driver_10M.c:107
    LocalTime += timperiod;
    1488:	87418793          	addi	a5,gp,-1932 # 20000094 <LocalTime>
    148c:	4398                	lw	a4,0(a5)
    148e:	953a                	add	a0,a0,a4
    1490:	c388                	sw	a0,0(a5)
c:\Users\WaspYL\Desktop\c-language-practice\MRS代码\CH32V307_TCP\obj/../NetLib/eth_driver_10M.c:108
}
    1492:	8082                	ret

00001494 <WCHNET_PhyPNProcess>:
WCHNET_PhyPNProcess():
c:\Users\WaspYL\Desktop\c-language-practice\MRS代码\CH32V307_TCP\obj/../NetLib/eth_driver_10M.c:123
    LinkSuccTime = LocalTime;
    1494:	8741a703          	lw	a4,-1932(gp) # 20000094 <LocalTime>
    1498:	86e1a823          	sw	a4,-1936(gp) # 20000090 <LinkSuccTime>
c:\Users\WaspYL\Desktop\c-language-practice\MRS代码\CH32V307_TCP\obj/../NetLib/eth_driver_10M.c:124
    if((ETH->MMCRGUFCR == 0) && (ETH->MMCRFCECR >= 3))
    149c:	400287b7          	lui	a5,0x40028
    14a0:	1c47a703          	lw	a4,452(a5) # 400281c4 <_eusrstack+0x200201c4>
    14a4:	ef25                	bnez	a4,151c <WCHNET_PhyPNProcess+0x88>
c:\Users\WaspYL\Desktop\c-language-practice\MRS代码\CH32V307_TCP\obj/../NetLib/eth_driver_10M.c:124 (discriminator 1)
    14a6:	1947a703          	lw	a4,404(a5)
    14aa:	4789                	li	a5,2
    14ac:	06e7f863          	bgeu	a5,a4,151c <WCHNET_PhyPNProcess+0x88>
c:\Users\WaspYL\Desktop\c-language-practice\MRS代码\CH32V307_TCP\obj/../NetLib/eth_driver_10M.c:120
{
    14b0:	d41fe2ef          	jal	t0,1f0 <__riscv_save_0>
c:\Users\WaspYL\Desktop\c-language-practice\MRS代码\CH32V307_TCP\obj/../NetLib/eth_driver_10M.c:126
        PhyVal = ETH_ReadPHYRegister(gPHYAddress, PHY_MDIX);
    14b4:	8841d503          	lhu	a0,-1916(gp) # 200000a4 <gPHYAddress>
    14b8:	45f9                	li	a1,30
    14ba:	88418413          	addi	s0,gp,-1916 # 200000a4 <gPHYAddress>
    14be:	849ff0ef          	jal	ra,d06 <ETH_ReadPHYRegister>
c:\Users\WaspYL\Desktop\c-language-practice\MRS代码\CH32V307_TCP\obj/../NetLib/eth_driver_10M.c:127
        if((PhyVal >> 2) & 0x01)
    14c2:	00255793          	srli	a5,a0,0x2
    14c6:	8b85                	andi	a5,a5,1
    14c8:	c7a9                	beqz	a5,1512 <WCHNET_PhyPNProcess+0x7e>
c:\Users\WaspYL\Desktop\c-language-practice\MRS代码\CH32V307_TCP\obj/../NetLib/eth_driver_10M.c:128
            PhyVal &= ~(3 << 2);                //change PHY PN Polarity to normal
    14ca:	994d                	andi	a0,a0,-13
c:\Users\WaspYL\Desktop\c-language-practice\MRS代码\CH32V307_TCP\obj/../NetLib/eth_driver_10M.c:131
        ETH_WritePHYRegister(gPHYAddress, PHY_MDIX, PhyVal);
    14cc:	01051613          	slli	a2,a0,0x10
    14d0:	200a                	lhu	a0,0(s0)
    14d2:	8241                	srli	a2,a2,0x10
    14d4:	45f9                	li	a1,30
    14d6:	889ff0ef          	jal	ra,d5e <ETH_WritePHYRegister>
c:\Users\WaspYL\Desktop\c-language-practice\MRS代码\CH32V307_TCP\obj/../NetLib/eth_driver_10M.c:132
        ETH->MMCCR |= ETH_MMCCR_CR;             //Counters Reset
    14da:	40028737          	lui	a4,0x40028
    14de:	10072783          	lw	a5,256(a4) # 40028100 <_eusrstack+0x20020100>
    14e2:	0017e793          	ori	a5,a5,1
    14e6:	10f72023          	sw	a5,256(a4)
c:\Users\WaspYL\Desktop\c-language-practice\MRS代码\CH32V307_TCP\obj/../NetLib/eth_driver_10M.c:133 (discriminator 1)
        while(ETH->MMCCR & ETH_MMCCR_CR);       //Wait for counters reset to complete
    14ea:	10072783          	lw	a5,256(a4)
    14ee:	8b85                	andi	a5,a5,1
    14f0:	ffed                	bnez	a5,14ea <WCHNET_PhyPNProcess+0x56>
c:\Users\WaspYL\Desktop\c-language-practice\MRS代码\CH32V307_TCP\obj/../NetLib/eth_driver_10M.c:135
    if(ETH->MMCRGUFCR != 0)
    14f2:	400287b7          	lui	a5,0x40028
    14f6:	1c47a703          	lw	a4,452(a5) # 400281c4 <_eusrstack+0x200201c4>
    14fa:	cb11                	beqz	a4,150e <WCHNET_PhyPNProcess+0x7a>
c:\Users\WaspYL\Desktop\c-language-practice\MRS代码\CH32V307_TCP\obj/../NetLib/eth_driver_10M.c:137
        PhyPolarityDetect = 0;
    14fc:	86018c23          	sb	zero,-1928(gp) # 20000098 <PhyPolarityDetect>
c:\Users\WaspYL\Desktop\c-language-practice\MRS代码\CH32V307_TCP\obj/../NetLib/eth_driver_10M.c:139
        ETH->MACFFR &= ~(ETH_ReceiveAll_Enable | ETH_PromiscuousMode_Enable);
    1500:	43d8                	lw	a4,4(a5)
    1502:	800006b7          	lui	a3,0x80000
    1506:	ffe6c693          	xori	a3,a3,-2
    150a:	8f75                	and	a4,a4,a3
    150c:	c3d8                	sw	a4,4(a5)
c:\Users\WaspYL\Desktop\c-language-practice\MRS代码\CH32V307_TCP\obj/../NetLib/eth_driver_10M.c:141
}
    150e:	d07fe06f          	j	214 <__riscv_restore_0>
c:\Users\WaspYL\Desktop\c-language-practice\MRS代码\CH32V307_TCP\obj/../NetLib/eth_driver_10M.c:130
            PhyVal |= 1 << 2;                   //change PHY PN Polarity to reverse
    1512:	00456513          	ori	a0,a0,4
    1516:	0542                	slli	a0,a0,0x10
    1518:	8141                	srli	a0,a0,0x10
    151a:	bf4d                	j	14cc <WCHNET_PhyPNProcess+0x38>
c:\Users\WaspYL\Desktop\c-language-practice\MRS代码\CH32V307_TCP\obj/../NetLib/eth_driver_10M.c:135
    if(ETH->MMCRGUFCR != 0)
    151c:	400287b7          	lui	a5,0x40028
    1520:	1c47a703          	lw	a4,452(a5) # 400281c4 <_eusrstack+0x200201c4>
    1524:	cb19                	beqz	a4,153a <WCHNET_PhyPNProcess+0xa6>
c:\Users\WaspYL\Desktop\c-language-practice\MRS代码\CH32V307_TCP\obj/../NetLib/eth_driver_10M.c:137
        PhyPolarityDetect = 0;
    1526:	86018c23          	sb	zero,-1928(gp) # 20000098 <PhyPolarityDetect>
c:\Users\WaspYL\Desktop\c-language-practice\MRS代码\CH32V307_TCP\obj/../NetLib/eth_driver_10M.c:139
        ETH->MACFFR &= ~(ETH_ReceiveAll_Enable | ETH_PromiscuousMode_Enable);
    152a:	43d8                	lw	a4,4(a5)
    152c:	800006b7          	lui	a3,0x80000
    1530:	ffe6c693          	xori	a3,a3,-2
    1534:	8f75                	and	a4,a4,a3
    1536:	c3d8                	sw	a4,4(a5)
    1538:	8082                	ret
    153a:	8082                	ret

0000153c <WCHNET_LinkProcess>:
WCHNET_LinkProcess():
c:\Users\WaspYL\Desktop\c-language-practice\MRS代码\CH32V307_TCP\obj/../NetLib/eth_driver_10M.c:171
{
    153c:	c9bfe2ef          	jal	t0,1d6 <__riscv_save_4>
c:\Users\WaspYL\Desktop\c-language-practice\MRS代码\CH32V307_TCP\obj/../NetLib/eth_driver_10M.c:174
    phy_anlpar = ETH_ReadPHYRegister(gPHYAddress, PHY_ANLPAR);
    1540:	88418493          	addi	s1,gp,-1916 # 200000a4 <gPHYAddress>
    1544:	208a                	lhu	a0,0(s1)
    1546:	4595                	li	a1,5
    1548:	88418413          	addi	s0,gp,-1916 # 200000a4 <gPHYAddress>
    154c:	fbaff0ef          	jal	ra,d06 <ETH_ReadPHYRegister>
    1550:	892a                	mv	s2,a0
c:\Users\WaspYL\Desktop\c-language-practice\MRS代码\CH32V307_TCP\obj/../NetLib/eth_driver_10M.c:175
    phy_bmsr = ETH_ReadPHYRegister( gPHYAddress, PHY_BMSR);
    1552:	208a                	lhu	a0,0(s1)
    1554:	4585                	li	a1,1
    1556:	fb0ff0ef          	jal	ra,d06 <ETH_ReadPHYRegister>
c:\Users\WaspYL\Desktop\c-language-practice\MRS代码\CH32V307_TCP\obj/../NetLib/eth_driver_10M.c:177
    if( (phy_anlpar&PHY_ANLPAR_SELECTOR_FIELD) )
    155a:	01f97793          	andi	a5,s2,31
    155e:	88218913          	addi	s2,gp,-1918 # 200000a2 <TRDetectStep>
    1562:	14078a63          	beqz	a5,16b6 <WCHNET_LinkProcess+0x17a>
c:\Users\WaspYL\Desktop\c-language-practice\MRS代码\CH32V307_TCP\obj/../NetLib/eth_driver_10M.c:179
        if(TRDetectStep == 0)
    1566:	00094783          	lbu	a5,0(s2)
    156a:	e3c1                	bnez	a5,15ea <WCHNET_LinkProcess+0xae>
c:\Users\WaspYL\Desktop\c-language-practice\MRS代码\CH32V307_TCP\obj/../NetLib/eth_driver_10M.c:183
            PHY_TR_SWITCH();
    156c:	200a                	lhu	a0,0(s0)
c:\Users\WaspYL\Desktop\c-language-practice\MRS代码\CH32V307_TCP\obj/../NetLib/eth_driver_10M.c:181
            TRDetectStep = 1;
    156e:	4785                	li	a5,1
c:\Users\WaspYL\Desktop\c-language-practice\MRS代码\CH32V307_TCP\obj/../NetLib/eth_driver_10M.c:183
            PHY_TR_SWITCH();
    1570:	45f9                	li	a1,30
c:\Users\WaspYL\Desktop\c-language-practice\MRS代码\CH32V307_TCP\obj/../NetLib/eth_driver_10M.c:181
            TRDetectStep = 1;
    1572:	00f90023          	sb	a5,0(s2)
c:\Users\WaspYL\Desktop\c-language-practice\MRS代码\CH32V307_TCP\obj/../NetLib/eth_driver_10M.c:182
            TRDetectCnt = 1;
    1576:	88f180a3          	sb	a5,-1919(gp) # 200000a1 <TRDetectCnt>
c:\Users\WaspYL\Desktop\c-language-practice\MRS代码\CH32V307_TCP\obj/../NetLib/eth_driver_10M.c:183
            PHY_TR_SWITCH();
    157a:	f8cff0ef          	jal	ra,d06 <ETH_ReadPHYRegister>
    157e:	ffc57613          	andi	a2,a0,-4
    1582:	0642                	slli	a2,a2,0x10
    1584:	00157793          	andi	a5,a0,1
    1588:	8241                	srli	a2,a2,0x10
    158a:	cfa9                	beqz	a5,15e4 <WCHNET_LinkProcess+0xa8>
c:\Users\WaspYL\Desktop\c-language-practice\MRS代码\CH32V307_TCP\obj/../NetLib/eth_driver_10M.c:183 (discriminator 1)
    158c:	00266613          	ori	a2,a2,2
c:\Users\WaspYL\Desktop\c-language-practice\MRS代码\CH32V307_TCP\obj/../NetLib/eth_driver_10M.c:183 (discriminator 4)
    1590:	200a                	lhu	a0,0(s0)
    1592:	45f9                	li	a1,30
    1594:	fcaff0ef          	jal	ra,d5e <ETH_WritePHYRegister>
    1598:	200a                	lhu	a0,0(s0)
    159a:	4581                	li	a1,0
    159c:	f6aff0ef          	jal	ra,d06 <ETH_ReadPHYRegister>
    15a0:	ffe57613          	andi	a2,a0,-2
    15a4:	0642                	slli	a2,a2,0x10
    15a6:	200a                	lhu	a0,0(s0)
    15a8:	8241                	srli	a2,a2,0x10
    15aa:	20066613          	ori	a2,a2,512
    15ae:	4581                	li	a1,0
    15b0:	faeff0ef          	jal	ra,d5e <ETH_WritePHYRegister>
    15b4:	200a                	lhu	a0,0(s0)
    15b6:	4581                	li	a1,0
    15b8:	f4eff0ef          	jal	ra,d06 <ETH_ReadPHYRegister>
    15bc:	20356613          	ori	a2,a0,515
    15c0:	200a                	lhu	a0,0(s0)
    15c2:	0642                	slli	a2,a2,0x10
    15c4:	8241                	srli	a2,a2,0x10
    15c6:	4581                	li	a1,0
    15c8:	f96ff0ef          	jal	ra,d5e <ETH_WritePHYRegister>
c:\Users\WaspYL\Desktop\c-language-practice\MRS代码\CH32V307_TCP\obj/../NetLib/eth_driver_10M.c:184 (discriminator 4)
            LinkTaskPeriod = RandVal%100 + 50;
    15cc:	87c1a783          	lw	a5,-1924(gp) # 2000009c <RandVal>
    15d0:	06400713          	li	a4,100
    15d4:	02e7f7b3          	remu	a5,a5,a4
    15d8:	03278793          	addi	a5,a5,50
    15dc:	80f18e23          	sb	a5,-2020(gp) # 2000003c <LinkTaskPeriod>
c:\Users\WaspYL\Desktop\c-language-practice\MRS代码\CH32V307_TCP\obj/../NetLib/eth_driver_10M.c:271
}
    15e0:	c2bfe06f          	j	20a <__riscv_restore_4>
c:\Users\WaspYL\Desktop\c-language-practice\MRS代码\CH32V307_TCP\obj/../NetLib/eth_driver_10M.c:183 (discriminator 2)
            PHY_TR_SWITCH();
    15e4:	00166613          	ori	a2,a2,1
    15e8:	b765                	j	1590 <WCHNET_LinkProcess+0x54>
c:\Users\WaspYL\Desktop\c-language-practice\MRS代码\CH32V307_TCP\obj/../NetLib/eth_driver_10M.c:187
        else if(TRDetectStep == 1)
    15ea:	4705                	li	a4,1
    15ec:	00e79763          	bne	a5,a4,15fa <WCHNET_LinkProcess+0xbe>
c:\Users\WaspYL\Desktop\c-language-practice\MRS代码\CH32V307_TCP\obj/../NetLib/eth_driver_10M.c:189
            TRDetectStep = 2;
    15f0:	4789                	li	a5,2
    15f2:	00f90023          	sb	a5,0(s2)
c:\Users\WaspYL\Desktop\c-language-practice\MRS代码\CH32V307_TCP\obj/../NetLib/eth_driver_10M.c:190
            TRDetectCnt = 0;
    15f6:	880180a3          	sb	zero,-1919(gp) # 200000a1 <TRDetectCnt>
c:\Users\WaspYL\Desktop\c-language-practice\MRS代码\CH32V307_TCP\obj/../NetLib/eth_driver_10M.c:192
        if( !(phyLinkStatus&PHY_LINK_WAIT_SUC) )
    15fa:	89218793          	addi	a5,gp,-1902 # 200000b2 <phyLinkStatus>
    15fe:	00078703          	lb	a4,0(a5)
    1602:	06074663          	bltz	a4,166e <WCHNET_LinkProcess+0x132>
c:\Users\WaspYL\Desktop\c-language-practice\MRS代码\CH32V307_TCP\obj/../NetLib/eth_driver_10M.c:194
            if( phyPN == PHY_PN_SWITCH_AUTO )
    1606:	81d18493          	addi	s1,gp,-2019 # 2000003d <phyPN>
    160a:	2094                	lbu	a3,0(s1)
    160c:	4721                	li	a4,8
    160e:	04e69a63          	bne	a3,a4,1662 <WCHNET_LinkProcess+0x126>
c:\Users\WaspYL\Desktop\c-language-practice\MRS代码\CH32V307_TCP\obj/../NetLib/eth_driver_10M.c:196 (discriminator 2)
                PHY_PN_SWITCH(PHY_PN_SWITCH_P);
    1612:	200a                	lhu	a0,0(s0)
    1614:	45f9                	li	a1,30
c:\Users\WaspYL\Desktop\c-language-practice\MRS代码\CH32V307_TCP\obj/../NetLib/eth_driver_10M.c:212 (discriminator 2)
                    PHY_PN_SWITCH(PHY_PN_SWITCH_P);
    1616:	ef0ff0ef          	jal	ra,d06 <ETH_ReadPHYRegister>
    161a:	0f357613          	andi	a2,a0,243
    161e:	200a                	lhu	a0,0(s0)
    1620:	45f9                	li	a1,30
    1622:	a090                	sb	a2,0(s1)
    1624:	f3aff0ef          	jal	ra,d5e <ETH_WritePHYRegister>
    1628:	00048023          	sb	zero,0(s1)
c:\Users\WaspYL\Desktop\c-language-practice\MRS代码\CH32V307_TCP\obj/../NetLib/eth_driver_10M.c:213 (discriminator 2)
                else PHY_PN_SWITCH(PHY_PN_SWITCH_N);
    162c:	200a                	lhu	a0,0(s0)
    162e:	4581                	li	a1,0
    1630:	ed6ff0ef          	jal	ra,d06 <ETH_ReadPHYRegister>
    1634:	ffe57613          	andi	a2,a0,-2
    1638:	0642                	slli	a2,a2,0x10
    163a:	200a                	lhu	a0,0(s0)
    163c:	8241                	srli	a2,a2,0x10
    163e:	20066613          	ori	a2,a2,512
    1642:	4581                	li	a1,0
    1644:	f1aff0ef          	jal	ra,d5e <ETH_WritePHYRegister>
    1648:	200a                	lhu	a0,0(s0)
    164a:	4581                	li	a1,0
    164c:	ebaff0ef          	jal	ra,d06 <ETH_ReadPHYRegister>
    1650:	20356613          	ori	a2,a0,515
    1654:	200a                	lhu	a0,0(s0)
    1656:	0642                	slli	a2,a2,0x10
    1658:	8241                	srli	a2,a2,0x10
    165a:	4581                	li	a1,0
    165c:	f02ff0ef          	jal	ra,d5e <ETH_WritePHYRegister>
    1660:	a021                	j	1668 <WCHNET_LinkProcess+0x12c>
c:\Users\WaspYL\Desktop\c-language-practice\MRS代码\CH32V307_TCP\obj/../NetLib/eth_driver_10M.c:200
                phyLinkStatus = PHY_LINK_WAIT_SUC;
    1662:	f8000713          	li	a4,-128
    1666:	a398                	sb	a4,0(a5)
c:\Users\WaspYL\Desktop\c-language-practice\MRS代码\CH32V307_TCP\obj/../NetLib/eth_driver_10M.c:216
        phyLinkCnt = 0;
    1668:	88018823          	sb	zero,-1904(gp) # 200000b0 <phyLinkCnt>
    166c:	bf95                	j	15e0 <WCHNET_LinkProcess+0xa4>
c:\Users\WaspYL\Desktop\c-language-practice\MRS代码\CH32V307_TCP\obj/../NetLib/eth_driver_10M.c:208
            if((phySucCnt++ == 5) && ((phy_bmsr&(1<<5)) == 0))
    166e:	89e18793          	addi	a5,gp,-1890 # 200000be <phySucCnt>
    1672:	2398                	lbu	a4,0(a5)
    1674:	00170693          	addi	a3,a4,1
    1678:	a394                	sb	a3,0(a5)
    167a:	4695                	li	a3,5
    167c:	fed716e3          	bne	a4,a3,1668 <WCHNET_LinkProcess+0x12c>
c:\Users\WaspYL\Desktop\c-language-practice\MRS代码\CH32V307_TCP\obj/../NetLib/eth_driver_10M.c:208 (discriminator 1)
    1680:	02057513          	andi	a0,a0,32
    1684:	f175                	bnez	a0,1668 <WCHNET_LinkProcess+0x12c>
c:\Users\WaspYL\Desktop\c-language-practice\MRS代码\CH32V307_TCP\obj/../NetLib/eth_driver_10M.c:211
                if(phyPN == PHY_PN_SWITCH_N)
    1686:	81d18493          	addi	s1,gp,-2019 # 2000003d <phyPN>
c:\Users\WaspYL\Desktop\c-language-practice\MRS代码\CH32V307_TCP\obj/../NetLib/eth_driver_10M.c:210
                phySucCnt = 0;
    168a:	00078023          	sb	zero,0(a5)
c:\Users\WaspYL\Desktop\c-language-practice\MRS代码\CH32V307_TCP\obj/../NetLib/eth_driver_10M.c:211
                if(phyPN == PHY_PN_SWITCH_N)
    168e:	209c                	lbu	a5,0(s1)
    1690:	4911                	li	s2,4
    1692:	200a                	lhu	a0,0(s0)
c:\Users\WaspYL\Desktop\c-language-practice\MRS代码\CH32V307_TCP\obj/../NetLib/eth_driver_10M.c:212
                    PHY_PN_SWITCH(PHY_PN_SWITCH_P);
    1694:	45f9                	li	a1,30
c:\Users\WaspYL\Desktop\c-language-practice\MRS代码\CH32V307_TCP\obj/../NetLib/eth_driver_10M.c:211
                if(phyPN == PHY_PN_SWITCH_N)
    1696:	f92780e3          	beq	a5,s2,1616 <WCHNET_LinkProcess+0xda>
c:\Users\WaspYL\Desktop\c-language-practice\MRS代码\CH32V307_TCP\obj/../NetLib/eth_driver_10M.c:213 (discriminator 2)
                else PHY_PN_SWITCH(PHY_PN_SWITCH_N);
    169a:	e6cff0ef          	jal	ra,d06 <ETH_ReadPHYRegister>
    169e:	0f357613          	andi	a2,a0,243
    16a2:	200a                	lhu	a0,0(s0)
    16a4:	00466613          	ori	a2,a2,4
    16a8:	45f9                	li	a1,30
    16aa:	a090                	sb	a2,0(s1)
    16ac:	eb2ff0ef          	jal	ra,d5e <ETH_WritePHYRegister>
    16b0:	01248023          	sb	s2,0(s1)
    16b4:	bfa5                	j	162c <WCHNET_LinkProcess+0xf0>
c:\Users\WaspYL\Desktop\c-language-practice\MRS代码\CH32V307_TCP\obj/../NetLib/eth_driver_10M.c:220
        if(TRDetectStep == 1)
    16b6:	00094703          	lbu	a4,0(s2)
    16ba:	4785                	li	a5,1
    16bc:	08f71263          	bne	a4,a5,1740 <WCHNET_LinkProcess+0x204>
c:\Users\WaspYL\Desktop\c-language-practice\MRS代码\CH32V307_TCP\obj/../NetLib/eth_driver_10M.c:222
            TRDetectCnt++;
    16c0:	88118713          	addi	a4,gp,-1919 # 200000a1 <TRDetectCnt>
    16c4:	231c                	lbu	a5,0(a4)
c:\Users\WaspYL\Desktop\c-language-practice\MRS代码\CH32V307_TCP\obj/../NetLib/eth_driver_10M.c:223
            if(TRDetectCnt == 8)
    16c6:	46a1                	li	a3,8
    16c8:	208a                	lhu	a0,0(s1)
c:\Users\WaspYL\Desktop\c-language-practice\MRS代码\CH32V307_TCP\obj/../NetLib/eth_driver_10M.c:222
            TRDetectCnt++;
    16ca:	0785                	addi	a5,a5,1
    16cc:	0ff7f793          	andi	a5,a5,255
    16d0:	a31c                	sb	a5,0(a4)
c:\Users\WaspYL\Desktop\c-language-practice\MRS代码\CH32V307_TCP\obj/../NetLib/eth_driver_10M.c:223
            if(TRDetectCnt == 8)
    16d2:	00d79b63          	bne	a5,a3,16e8 <WCHNET_LinkProcess+0x1ac>
c:\Users\WaspYL\Desktop\c-language-practice\MRS代码\CH32V307_TCP\obj/../NetLib/eth_driver_10M.c:225
                TRDetectCnt = 0;
    16d6:	00070023          	sb	zero,0(a4)
c:\Users\WaspYL\Desktop\c-language-practice\MRS代码\CH32V307_TCP\obj/../NetLib/eth_driver_10M.c:226
                TRDetectStep = 0;
    16da:	00090023          	sb	zero,0(s2)
c:\Users\WaspYL\Desktop\c-language-practice\MRS代码\CH32V307_TCP\obj/../NetLib/eth_driver_10M.c:227
                ETH_WritePHYRegister(gPHYAddress, PHY_MDIX, PHY_PN_SWITCH_AUTO);
    16de:	4621                	li	a2,8
    16e0:	45f9                	li	a1,30
c:\Users\WaspYL\Desktop\c-language-practice\MRS代码\CH32V307_TCP\obj/../NetLib/eth_driver_10M.c:267
                    PHY_LINK_RESET( );
    16e2:	e7cff0ef          	jal	ra,d5e <ETH_WritePHYRegister>
    16e6:	bded                	j	15e0 <WCHNET_LinkProcess+0xa4>
c:\Users\WaspYL\Desktop\c-language-practice\MRS代码\CH32V307_TCP\obj/../NetLib/eth_driver_10M.c:230
            PHY_TR_SWITCH();
    16e8:	45f9                	li	a1,30
    16ea:	e1cff0ef          	jal	ra,d06 <ETH_ReadPHYRegister>
    16ee:	ffc57613          	andi	a2,a0,-4
    16f2:	0642                	slli	a2,a2,0x10
    16f4:	00157793          	andi	a5,a0,1
    16f8:	8241                	srli	a2,a2,0x10
    16fa:	c3a1                	beqz	a5,173a <WCHNET_LinkProcess+0x1fe>
c:\Users\WaspYL\Desktop\c-language-practice\MRS代码\CH32V307_TCP\obj/../NetLib/eth_driver_10M.c:230 (discriminator 1)
    16fc:	00266613          	ori	a2,a2,2
c:\Users\WaspYL\Desktop\c-language-practice\MRS代码\CH32V307_TCP\obj/../NetLib/eth_driver_10M.c:230 (discriminator 4)
    1700:	200a                	lhu	a0,0(s0)
    1702:	45f9                	li	a1,30
    1704:	e5aff0ef          	jal	ra,d5e <ETH_WritePHYRegister>
    1708:	200a                	lhu	a0,0(s0)
    170a:	4581                	li	a1,0
    170c:	dfaff0ef          	jal	ra,d06 <ETH_ReadPHYRegister>
    1710:	ffe57613          	andi	a2,a0,-2
    1714:	0642                	slli	a2,a2,0x10
    1716:	200a                	lhu	a0,0(s0)
    1718:	8241                	srli	a2,a2,0x10
    171a:	20066613          	ori	a2,a2,512
    171e:	4581                	li	a1,0
    1720:	e3eff0ef          	jal	ra,d5e <ETH_WritePHYRegister>
    1724:	200a                	lhu	a0,0(s0)
    1726:	4581                	li	a1,0
    1728:	ddeff0ef          	jal	ra,d06 <ETH_ReadPHYRegister>
    172c:	20356613          	ori	a2,a0,515
    1730:	0642                	slli	a2,a2,0x10
    1732:	8241                	srli	a2,a2,0x10
    1734:	4581                	li	a1,0
    1736:	200a                	lhu	a0,0(s0)
    1738:	b76d                	j	16e2 <WCHNET_LinkProcess+0x1a6>
c:\Users\WaspYL\Desktop\c-language-practice\MRS代码\CH32V307_TCP\obj/../NetLib/eth_driver_10M.c:230 (discriminator 2)
    173a:	00166613          	ori	a2,a2,1
    173e:	b7c9                	j	1700 <WCHNET_LinkProcess+0x1c4>
c:\Users\WaspYL\Desktop\c-language-practice\MRS代码\CH32V307_TCP\obj/../NetLib/eth_driver_10M.c:233
        if( phyLinkStatus == PHY_LINK_WAIT_SUC )
    1740:	89018413          	addi	s0,gp,-1904 # 200000b0 <phyLinkCnt>
    1744:	00044a83          	lbu	s5,0(s0) # 40028000 <_eusrstack+0x20020000>
    1748:	89218a13          	addi	s4,gp,-1902 # 200000b2 <phyLinkStatus>
    174c:	000a4683          	lbu	a3,0(s4)
    1750:	001a8793          	addi	a5,s5,1
    1754:	08000713          	li	a4,128
    1758:	0ff7f793          	andi	a5,a5,255
    175c:	06e69463          	bne	a3,a4,17c4 <WCHNET_LinkProcess+0x288>
c:\Users\WaspYL\Desktop\c-language-practice\MRS代码\CH32V307_TCP\obj/../NetLib/eth_driver_10M.c:235
            if(phyLinkCnt++ == 15 )
    1760:	473d                	li	a4,15
    1762:	00ea8463          	beq	s5,a4,176a <WCHNET_LinkProcess+0x22e>
c:\Users\WaspYL\Desktop\c-language-practice\MRS代码\CH32V307_TCP\obj/../NetLib/eth_driver_10M.c:256
                if(phyLinkCnt++ == 15 )
    1766:	a01c                	sb	a5,0(s0)
    1768:	bda5                	j	15e0 <WCHNET_LinkProcess+0xa4>
c:\Users\WaspYL\Desktop\c-language-practice\MRS代码\CH32V307_TCP\obj/../NetLib/eth_driver_10M.c:241
                PHY_PN_SWITCH(PHY_PN_SWITCH_AUTO);
    176a:	208a                	lhu	a0,0(s1)
c:\Users\WaspYL\Desktop\c-language-practice\MRS代码\CH32V307_TCP\obj/../NetLib/eth_driver_10M.c:237
                phyLinkCnt = 0;
    176c:	00040023          	sb	zero,0(s0)
c:\Users\WaspYL\Desktop\c-language-practice\MRS代码\CH32V307_TCP\obj/../NetLib/eth_driver_10M.c:239
                TRDetectStep = 0;
    1770:	00090023          	sb	zero,0(s2)
c:\Users\WaspYL\Desktop\c-language-practice\MRS代码\CH32V307_TCP\obj/../NetLib/eth_driver_10M.c:241
                PHY_PN_SWITCH(PHY_PN_SWITCH_AUTO);
    1774:	81d18413          	addi	s0,gp,-2019 # 2000003d <phyPN>
    1778:	4921                	li	s2,8
    177a:	4621                	li	a2,8
    177c:	45f9                	li	a1,30
c:\Users\WaspYL\Desktop\c-language-practice\MRS代码\CH32V307_TCP\obj/../NetLib/eth_driver_10M.c:238
                phySucCnt = 0;
    177e:	88018f23          	sb	zero,-1890(gp) # 200000be <phySucCnt>
c:\Users\WaspYL\Desktop\c-language-practice\MRS代码\CH32V307_TCP\obj/../NetLib/eth_driver_10M.c:240
                phyLinkStatus = PHY_LINK_INIT;
    1782:	000a0023          	sb	zero,0(s4)
c:\Users\WaspYL\Desktop\c-language-practice\MRS代码\CH32V307_TCP\obj/../NetLib/eth_driver_10M.c:241
                PHY_PN_SWITCH(PHY_PN_SWITCH_AUTO);
    1786:	01240023          	sb	s2,0(s0)
    178a:	dd4ff0ef          	jal	ra,d5e <ETH_WritePHYRegister>
    178e:	01240023          	sb	s2,0(s0)
c:\Users\WaspYL\Desktop\c-language-practice\MRS代码\CH32V307_TCP\obj/../NetLib/eth_driver_10M.c:262
                    PHY_PN_SWITCH(PHY_PN_SWITCH_AUTO);
    1792:	208a                	lhu	a0,0(s1)
    1794:	4581                	li	a1,0
    1796:	d70ff0ef          	jal	ra,d06 <ETH_ReadPHYRegister>
    179a:	ffe57613          	andi	a2,a0,-2
    179e:	0642                	slli	a2,a2,0x10
    17a0:	208a                	lhu	a0,0(s1)
    17a2:	8241                	srli	a2,a2,0x10
    17a4:	20066613          	ori	a2,a2,512
    17a8:	4581                	li	a1,0
    17aa:	db4ff0ef          	jal	ra,d5e <ETH_WritePHYRegister>
    17ae:	208a                	lhu	a0,0(s1)
    17b0:	4581                	li	a1,0
    17b2:	d54ff0ef          	jal	ra,d06 <ETH_ReadPHYRegister>
    17b6:	20356613          	ori	a2,a0,515
    17ba:	0642                	slli	a2,a2,0x10
    17bc:	8241                	srli	a2,a2,0x10
    17be:	4581                	li	a1,0
c:\Users\WaspYL\Desktop\c-language-practice\MRS代码\CH32V307_TCP\obj/../NetLib/eth_driver_10M.c:267
                    PHY_LINK_RESET( );
    17c0:	208a                	lhu	a0,0(s1)
    17c2:	b705                	j	16e2 <WCHNET_LinkProcess+0x1a6>
c:\Users\WaspYL\Desktop\c-language-practice\MRS代码\CH32V307_TCP\obj/../NetLib/eth_driver_10M.c:246
            if( phyPN == PHY_PN_SWITCH_P )
    17c4:	81d18993          	addi	s3,gp,-2019 # 2000003d <phyPN>
    17c8:	0009c703          	lbu	a4,0(s3)
    17cc:	e71d                	bnez	a4,17fa <WCHNET_LinkProcess+0x2be>
c:\Users\WaspYL\Desktop\c-language-practice\MRS代码\CH32V307_TCP\obj/../NetLib/eth_driver_10M.c:248
                if(phyLinkCnt++ == 4 )
    17ce:	4711                	li	a4,4
    17d0:	f8ea9be3          	bne	s5,a4,1766 <WCHNET_LinkProcess+0x22a>
c:\Users\WaspYL\Desktop\c-language-practice\MRS代码\CH32V307_TCP\obj/../NetLib/eth_driver_10M.c:251
                    PHY_PN_SWITCH(PHY_PN_SWITCH_N);
    17d4:	208a                	lhu	a0,0(s1)
    17d6:	45f9                	li	a1,30
c:\Users\WaspYL\Desktop\c-language-practice\MRS代码\CH32V307_TCP\obj/../NetLib/eth_driver_10M.c:250
                    phyLinkCnt = 0;
    17d8:	00040023          	sb	zero,0(s0)
c:\Users\WaspYL\Desktop\c-language-practice\MRS代码\CH32V307_TCP\obj/../NetLib/eth_driver_10M.c:251
                    PHY_PN_SWITCH(PHY_PN_SWITCH_N);
    17dc:	d2aff0ef          	jal	ra,d06 <ETH_ReadPHYRegister>
    17e0:	0f357613          	andi	a2,a0,243
    17e4:	208a                	lhu	a0,0(s1)
    17e6:	00466613          	ori	a2,a2,4
    17ea:	45f9                	li	a1,30
    17ec:	00c98023          	sb	a2,0(s3)
    17f0:	d6eff0ef          	jal	ra,d5e <ETH_WritePHYRegister>
    17f4:	01598023          	sb	s5,0(s3)
    17f8:	bf69                	j	1792 <WCHNET_LinkProcess+0x256>
c:\Users\WaspYL\Desktop\c-language-practice\MRS代码\CH32V307_TCP\obj/../NetLib/eth_driver_10M.c:254
            else if( phyPN == PHY_PN_SWITCH_N )
    17fa:	4691                	li	a3,4
    17fc:	02d71863          	bne	a4,a3,182c <WCHNET_LinkProcess+0x2f0>
c:\Users\WaspYL\Desktop\c-language-practice\MRS代码\CH32V307_TCP\obj/../NetLib/eth_driver_10M.c:256
                if(phyLinkCnt++ == 15 )
    1800:	473d                	li	a4,15
    1802:	f6ea92e3          	bne	s5,a4,1766 <WCHNET_LinkProcess+0x22a>
c:\Users\WaspYL\Desktop\c-language-practice\MRS代码\CH32V307_TCP\obj/../NetLib/eth_driver_10M.c:262
                    PHY_PN_SWITCH(PHY_PN_SWITCH_AUTO);
    1806:	208a                	lhu	a0,0(s1)
c:\Users\WaspYL\Desktop\c-language-practice\MRS代码\CH32V307_TCP\obj/../NetLib/eth_driver_10M.c:258
                    phyLinkCnt = 0;
    1808:	00040023          	sb	zero,0(s0)
c:\Users\WaspYL\Desktop\c-language-practice\MRS代码\CH32V307_TCP\obj/../NetLib/eth_driver_10M.c:262
                    PHY_PN_SWITCH(PHY_PN_SWITCH_AUTO);
    180c:	4421                	li	s0,8
    180e:	4621                	li	a2,8
    1810:	45f9                	li	a1,30
c:\Users\WaspYL\Desktop\c-language-practice\MRS代码\CH32V307_TCP\obj/../NetLib/eth_driver_10M.c:259
                    phySucCnt = 0;
    1812:	88018f23          	sb	zero,-1890(gp) # 200000be <phySucCnt>
c:\Users\WaspYL\Desktop\c-language-practice\MRS代码\CH32V307_TCP\obj/../NetLib/eth_driver_10M.c:260
                    TRDetectStep = 0;
    1816:	00090023          	sb	zero,0(s2)
c:\Users\WaspYL\Desktop\c-language-practice\MRS代码\CH32V307_TCP\obj/../NetLib/eth_driver_10M.c:261
                    phyLinkStatus = PHY_LINK_INIT;
    181a:	000a0023          	sb	zero,0(s4)
c:\Users\WaspYL\Desktop\c-language-practice\MRS代码\CH32V307_TCP\obj/../NetLib/eth_driver_10M.c:262
                    PHY_PN_SWITCH(PHY_PN_SWITCH_AUTO);
    181e:	00898023          	sb	s0,0(s3)
    1822:	d3cff0ef          	jal	ra,d5e <ETH_WritePHYRegister>
    1826:	00898023          	sb	s0,0(s3)
    182a:	b7a5                	j	1792 <WCHNET_LinkProcess+0x256>
c:\Users\WaspYL\Desktop\c-language-practice\MRS代码\CH32V307_TCP\obj/../NetLib/eth_driver_10M.c:266
                if(phyLinkCnt++ == (5000 / PHY_LINK_TASK_PERIOD))
    182c:	a01c                	sb	a5,0(s0)
    182e:	06400793          	li	a5,100
    1832:	dafa97e3          	bne	s5,a5,15e0 <WCHNET_LinkProcess+0xa4>
c:\Users\WaspYL\Desktop\c-language-practice\MRS代码\CH32V307_TCP\obj/../NetLib/eth_driver_10M.c:267
                    PHY_LINK_RESET( );
    1836:	208a                	lhu	a0,0(s1)
    1838:	6621                	lui	a2,0x8
    183a:	4581                	li	a1,0
    183c:	d22ff0ef          	jal	ra,d5e <ETH_WritePHYRegister>
    1840:	88018ea3          	sb	zero,-1891(gp) # 200000bd <phyStatus>
    1844:	88018f23          	sb	zero,-1890(gp) # 200000be <phySucCnt>
    1848:	86018c23          	sb	zero,-1928(gp) # 20000098 <PhyPolarityDetect>
    184c:	47a1                	li	a5,8
    184e:	00040023          	sb	zero,0(s0)
    1852:	00090023          	sb	zero,0(s2)
    1856:	000a0023          	sb	zero,0(s4)
    185a:	00f98023          	sb	a5,0(s3)
    185e:	4621                	li	a2,8
    1860:	45f9                	li	a1,30
    1862:	bfb9                	j	17c0 <WCHNET_LinkProcess+0x284>

00001864 <WCHNET_HandlePhyNegotiation>:
WCHNET_HandlePhyNegotiation():
c:\Users\WaspYL\Desktop\c-language-practice\MRS代码\CH32V307_TCP\obj/../NetLib/eth_driver_10M.c:283
{
    1864:	98dfe2ef          	jal	t0,1f0 <__riscv_save_0>
c:\Users\WaspYL\Desktop\c-language-practice\MRS代码\CH32V307_TCP\obj/../NetLib/eth_driver_10M.c:284
    if(phyLinkReset)              /* After the PHY link is disconnected, wait 500ms before turning on the PHY clock*/
    1868:	89118793          	addi	a5,gp,-1903 # 200000b1 <phyLinkReset>
    186c:	2398                	lbu	a4,0(a5)
    186e:	0ff77713          	andi	a4,a4,255
    1872:	c32d                	beqz	a4,18d4 <WCHNET_HandlePhyNegotiation+0x70>
c:\Users\WaspYL\Desktop\c-language-practice\MRS代码\CH32V307_TCP\obj/../NetLib/eth_driver_10M.c:286
        if( LocalTime - phyLinkTime >= 500 )
    1874:	8741a703          	lw	a4,-1932(gp) # 20000094 <LocalTime>
    1878:	8941a683          	lw	a3,-1900(gp) # 200000b4 <phyLinkTime>
    187c:	8f15                	sub	a4,a4,a3
    187e:	1f300693          	li	a3,499
    1882:	04e6f763          	bgeu	a3,a4,18d0 <WCHNET_HandlePhyNegotiation+0x6c>
c:\Users\WaspYL\Desktop\c-language-practice\MRS代码\CH32V307_TCP\obj/../NetLib/eth_driver_10M.c:289
            EXTEN->EXTEN_CTR |= EXTEN_ETH_10M_EN;
    1886:	40024737          	lui	a4,0x40024
c:\Users\WaspYL\Desktop\c-language-practice\MRS代码\CH32V307_TCP\obj/../NetLib/eth_driver_10M.c:288
            phyLinkReset = 0;
    188a:	00078023          	sb	zero,0(a5)
c:\Users\WaspYL\Desktop\c-language-practice\MRS代码\CH32V307_TCP\obj/../NetLib/eth_driver_10M.c:289
            EXTEN->EXTEN_CTR |= EXTEN_ETH_10M_EN;
    188e:	80072783          	lw	a5,-2048(a4) # 40023800 <_eusrstack+0x2001b800>
c:\Users\WaspYL\Desktop\c-language-practice\MRS代码\CH32V307_TCP\obj/../NetLib/eth_driver_10M.c:290
            PHY_LINK_RESET();
    1892:	88418413          	addi	s0,gp,-1916 # 200000a4 <gPHYAddress>
    1896:	200a                	lhu	a0,0(s0)
c:\Users\WaspYL\Desktop\c-language-practice\MRS代码\CH32V307_TCP\obj/../NetLib/eth_driver_10M.c:289
            EXTEN->EXTEN_CTR |= EXTEN_ETH_10M_EN;
    1898:	0047e793          	ori	a5,a5,4
    189c:	80f72023          	sw	a5,-2048(a4)
c:\Users\WaspYL\Desktop\c-language-practice\MRS代码\CH32V307_TCP\obj/../NetLib/eth_driver_10M.c:290
            PHY_LINK_RESET();
    18a0:	6621                	lui	a2,0x8
    18a2:	4581                	li	a1,0
    18a4:	cbaff0ef          	jal	ra,d5e <ETH_WritePHYRegister>
    18a8:	88018ea3          	sb	zero,-1891(gp) # 200000bd <phyStatus>
    18ac:	88018f23          	sb	zero,-1890(gp) # 200000be <phySucCnt>
    18b0:	88018823          	sb	zero,-1904(gp) # 200000b0 <phyLinkCnt>
    18b4:	88018123          	sb	zero,-1918(gp) # 200000a2 <TRDetectStep>
    18b8:	200a                	lhu	a0,0(s0)
    18ba:	86018c23          	sb	zero,-1928(gp) # 20000098 <PhyPolarityDetect>
    18be:	88018923          	sb	zero,-1902(gp) # 200000b2 <phyLinkStatus>
    18c2:	4721                	li	a4,8
    18c4:	4621                	li	a2,8
    18c6:	45f9                	li	a1,30
    18c8:	80e18ea3          	sb	a4,-2019(gp) # 2000003d <phyPN>
    18cc:	c92ff0ef          	jal	ra,d5e <ETH_WritePHYRegister>
c:\Users\WaspYL\Desktop\c-language-practice\MRS代码\CH32V307_TCP\obj/../NetLib/eth_driver_10M.c:328
}
    18d0:	945fe06f          	j	214 <__riscv_restore_0>
c:\Users\WaspYL\Desktop\c-language-practice\MRS代码\CH32V307_TCP\obj/../NetLib/eth_driver_10M.c:294
        if( !phyStatus )          /* Handling PHY Negotiation Exceptions */
    18d4:	89d18913          	addi	s2,gp,-1891 # 200000bd <phyStatus>
    18d8:	00094783          	lbu	a5,0(s2)
    18dc:	88018413          	addi	s0,gp,-1920 # 200000a0 <ReInitMACFlag>
    18e0:	ebc1                	bnez	a5,1970 <WCHNET_HandlePhyNegotiation+0x10c>
c:\Users\WaspYL\Desktop\c-language-practice\MRS代码\CH32V307_TCP\obj/../NetLib/eth_driver_10M.c:296
            ACCELERATE_LINK_PROCESS();
    18e2:	8821c683          	lbu	a3,-1918(gp) # 200000a2 <TRDetectStep>
    18e6:	4705                	li	a4,1
    18e8:	88218913          	addi	s2,gp,-1918 # 200000a2 <TRDetectStep>
    18ec:	81c18493          	addi	s1,gp,-2020 # 2000003c <LinkTaskPeriod>
    18f0:	00d76b63          	bltu	a4,a3,1906 <WCHNET_HandlePhyNegotiation+0xa2>
    18f4:	8841d503          	lhu	a0,-1916(gp) # 200000a4 <gPHYAddress>
    18f8:	4595                	li	a1,5
    18fa:	c0cff0ef          	jal	ra,d06 <ETH_ReadPHYRegister>
    18fe:	897d                	andi	a0,a0,31
    1900:	c119                	beqz	a0,1906 <WCHNET_HandlePhyNegotiation+0xa2>
    1902:	00048023          	sb	zero,0(s1)
c:\Users\WaspYL\Desktop\c-language-practice\MRS代码\CH32V307_TCP\obj/../NetLib/eth_driver_10M.c:297
            if( LocalTime - phyLinkTime >= LinkTaskPeriod )
    1906:	87418793          	addi	a5,gp,-1932 # 20000094 <LocalTime>
    190a:	4390                	lw	a2,0(a5)
    190c:	89418693          	addi	a3,gp,-1900 # 200000b4 <phyLinkTime>
    1910:	4294                	lw	a3,0(a3)
    1912:	208c                	lbu	a1,0(s1)
    1914:	8e15                	sub	a2,a2,a3
    1916:	87418693          	addi	a3,gp,-1932 # 20000094 <LocalTime>
    191a:	89418713          	addi	a4,gp,-1900 # 200000b4 <phyLinkTime>
    191e:	04b66163          	bltu	a2,a1,1960 <WCHNET_HandlePhyNegotiation+0xfc>
c:\Users\WaspYL\Desktop\c-language-practice\MRS代码\CH32V307_TCP\obj/../NetLib/eth_driver_10M.c:299
                UPDATE_LINKTASKPERIOD();
    1922:	00094603          	lbu	a2,0(s2)
    1926:	4785                	li	a5,1
    1928:	04f61163          	bne	a2,a5,196a <WCHNET_HandlePhyNegotiation+0x106>
    192c:	87c18613          	addi	a2,gp,-1924 # 2000009c <RandVal>
    1930:	421c                	lw	a5,0(a2)
    1932:	000345b7          	lui	a1,0x34
    1936:	40158593          	addi	a1,a1,1025 # 34401 <_data_lma+0x2adcd>
    193a:	02b787b3          	mul	a5,a5,a1
    193e:	0026a5b7          	lui	a1,0x26a
    1942:	ec958593          	addi	a1,a1,-311 # 269ec9 <_data_lma+0x260895>
    1946:	97ae                	add	a5,a5,a1
    1948:	c21c                	sw	a5,0(a2)
    194a:	06400613          	li	a2,100
    194e:	02c7f7b3          	remu	a5,a5,a2
    1952:	03278793          	addi	a5,a5,50
    1956:	a09c                	sb	a5,0(s1)
c:\Users\WaspYL\Desktop\c-language-practice\MRS代码\CH32V307_TCP\obj/../NetLib/eth_driver_10M.c:300
                phyLinkTime = LocalTime;
    1958:	429c                	lw	a5,0(a3)
    195a:	c31c                	sw	a5,0(a4)
c:\Users\WaspYL\Desktop\c-language-practice\MRS代码\CH32V307_TCP\obj/../NetLib/eth_driver_10M.c:301
                WCHNET_LinkProcess( );
    195c:	be1ff0ef          	jal	ra,153c <WCHNET_LinkProcess>
c:\Users\WaspYL\Desktop\c-language-practice\MRS代码\CH32V307_TCP\obj/../NetLib/eth_driver_10M.c:303
            if(ReInitMACFlag) ReInitMACFlag = 0;
    1960:	201c                	lbu	a5,0(s0)
    1962:	d7bd                	beqz	a5,18d0 <WCHNET_HandlePhyNegotiation+0x6c>
    1964:	00040023          	sb	zero,0(s0)
    1968:	b7a5                	j	18d0 <WCHNET_HandlePhyNegotiation+0x6c>
c:\Users\WaspYL\Desktop\c-language-practice\MRS代码\CH32V307_TCP\obj/../NetLib/eth_driver_10M.c:299
                UPDATE_LINKTASKPERIOD();
    196a:	03200793          	li	a5,50
    196e:	b7e5                	j	1956 <WCHNET_HandlePhyNegotiation+0xf2>
c:\Users\WaspYL\Desktop\c-language-practice\MRS代码\CH32V307_TCP\obj/../NetLib/eth_driver_10M.c:306
            if(ReInitMACFlag)
    1970:	201c                	lbu	a5,0(s0)
    1972:	87818493          	addi	s1,gp,-1928 # 20000098 <PhyPolarityDetect>
    1976:	c3a5                	beqz	a5,19d6 <WCHNET_HandlePhyNegotiation+0x172>
c:\Users\WaspYL\Desktop\c-language-practice\MRS代码\CH32V307_TCP\obj/../NetLib/eth_driver_10M.c:308
                if( LocalTime - phyLinkTime >= 5 * PHY_LINK_TASK_PERIOD ){
    1978:	8741a783          	lw	a5,-1932(gp) # 20000094 <LocalTime>
    197c:	8941a703          	lw	a4,-1900(gp) # 200000b4 <phyLinkTime>
    1980:	8f99                	sub	a5,a5,a4
    1982:	0f900713          	li	a4,249
    1986:	04f77863          	bgeu	a4,a5,19d6 <WCHNET_HandlePhyNegotiation+0x172>
c:\Users\WaspYL\Desktop\c-language-practice\MRS代码\CH32V307_TCP\obj/../NetLib/eth_driver_10M.c:310
                    ReInitMACFlag = 0;
    198a:	00040023          	sb	zero,0(s0)
c:\Users\WaspYL\Desktop\c-language-practice\MRS代码\CH32V307_TCP\obj/../NetLib/eth_driver_10M.c:311
                    phy_stat = ETH_ReadPHYRegister( gPHYAddress, PHY_BMSR);
    198e:	88418413          	addi	s0,gp,-1916 # 200000a4 <gPHYAddress>
    1992:	200a                	lhu	a0,0(s0)
    1994:	4585                	li	a1,1
    1996:	b70ff0ef          	jal	ra,d06 <ETH_ReadPHYRegister>
c:\Users\WaspYL\Desktop\c-language-practice\MRS代码\CH32V307_TCP\obj/../NetLib/eth_driver_10M.c:312
                    if((phy_stat&PHY_Linked_Status) == 0)
    199a:	00457793          	andi	a5,a0,4
    199e:	ef85                	bnez	a5,19d6 <WCHNET_HandlePhyNegotiation+0x172>
c:\Users\WaspYL\Desktop\c-language-practice\MRS代码\CH32V307_TCP\obj/../NetLib/eth_driver_10M.c:314
                        WCHNET_PhyStatus( phy_stat );
    19a0:	2d5000ef          	jal	ra,2474 <WCHNET_PhyStatus>
c:\Users\WaspYL\Desktop\c-language-practice\MRS代码\CH32V307_TCP\obj/../NetLib/eth_driver_10M.c:315
                        PHY_LINK_RESET();
    19a4:	200a                	lhu	a0,0(s0)
    19a6:	6621                	lui	a2,0x8
    19a8:	4581                	li	a1,0
    19aa:	bb4ff0ef          	jal	ra,d5e <ETH_WritePHYRegister>
    19ae:	88018f23          	sb	zero,-1890(gp) # 200000be <phySucCnt>
    19b2:	88018823          	sb	zero,-1904(gp) # 200000b0 <phyLinkCnt>
    19b6:	200a                	lhu	a0,0(s0)
    19b8:	88018123          	sb	zero,-1918(gp) # 200000a2 <TRDetectStep>
    19bc:	88018923          	sb	zero,-1902(gp) # 200000b2 <phyLinkStatus>
    19c0:	4721                	li	a4,8
    19c2:	4621                	li	a2,8
    19c4:	45f9                	li	a1,30
    19c6:	00090023          	sb	zero,0(s2)
    19ca:	00048023          	sb	zero,0(s1)
    19ce:	80e18ea3          	sb	a4,-2019(gp) # 2000003d <phyPN>
    19d2:	b8cff0ef          	jal	ra,d5e <ETH_WritePHYRegister>
c:\Users\WaspYL\Desktop\c-language-practice\MRS代码\CH32V307_TCP\obj/../NetLib/eth_driver_10M.c:319
            if(PhyPolarityDetect)
    19d6:	209c                	lbu	a5,0(s1)
    19d8:	ee078ce3          	beqz	a5,18d0 <WCHNET_HandlePhyNegotiation+0x6c>
c:\Users\WaspYL\Desktop\c-language-practice\MRS代码\CH32V307_TCP\obj/../NetLib/eth_driver_10M.c:321
                if( LocalTime - LinkSuccTime >= 2 * PHY_LINK_TASK_PERIOD )
    19dc:	8701a703          	lw	a4,-1936(gp) # 20000090 <LinkSuccTime>
    19e0:	8741a783          	lw	a5,-1932(gp) # 20000094 <LocalTime>
    19e4:	8f99                	sub	a5,a5,a4
    19e6:	06300713          	li	a4,99
    19ea:	eef773e3          	bgeu	a4,a5,18d0 <WCHNET_HandlePhyNegotiation+0x6c>
c:\Users\WaspYL\Desktop\c-language-practice\MRS代码\CH32V307_TCP\obj/../NetLib/eth_driver_10M.c:323
                    WCHNET_PhyPNProcess();
    19ee:	aa7ff0ef          	jal	ra,1494 <WCHNET_PhyPNProcess>
c:\Users\WaspYL\Desktop\c-language-practice\MRS代码\CH32V307_TCP\obj/../NetLib/eth_driver_10M.c:328
}
    19f2:	bdf9                	j	18d0 <WCHNET_HandlePhyNegotiation+0x6c>

000019f4 <ETH_LedConfiguration>:
ETH_LedConfiguration():
c:\Users\WaspYL\Desktop\c-language-practice\MRS代码\CH32V307_TCP\obj/../NetLib/eth_driver_10M.c:395
{
    19f4:	ffcfe2ef          	jal	t0,1f0 <__riscv_save_0>
    19f8:	1141                	addi	sp,sp,-16
c:\Users\WaspYL\Desktop\c-language-practice\MRS代码\CH32V307_TCP\obj/../NetLib/eth_driver_10M.c:398
    RCC_APB2PeriphClockCmd(RCC_APB2Periph_GPIOC,ENABLE);
    19fa:	4585                	li	a1,1
    19fc:	4541                	li	a0,16
c:\Users\WaspYL\Desktop\c-language-practice\MRS代码\CH32V307_TCP\obj/../NetLib/eth_driver_10M.c:396
    GPIO_InitTypeDef  GPIO={0};
    19fe:	c202                	sw	zero,4(sp)
    1a00:	c402                	sw	zero,8(sp)
    1a02:	c602                	sw	zero,12(sp)
c:\Users\WaspYL\Desktop\c-language-practice\MRS代码\CH32V307_TCP\obj/../NetLib/eth_driver_10M.c:398
    RCC_APB2PeriphClockCmd(RCC_APB2Periph_GPIOC,ENABLE);
    1a04:	f2aff0ef          	jal	ra,112e <RCC_APB2PeriphClockCmd>
c:\Users\WaspYL\Desktop\c-language-practice\MRS代码\CH32V307_TCP\obj/../NetLib/eth_driver_10M.c:399
    GPIO.GPIO_Pin = GPIO_Pin_0|GPIO_Pin_1;
    1a08:	478d                	li	a5,3
    1a0a:	827c                	sh	a5,4(sp)
c:\Users\WaspYL\Desktop\c-language-practice\MRS代码\CH32V307_TCP\obj/../NetLib/eth_driver_10M.c:400
    GPIO.GPIO_Mode = GPIO_Mode_Out_PP;
    1a0c:	47c1                	li	a5,16
    1a0e:	c63e                	sw	a5,12(sp)
c:\Users\WaspYL\Desktop\c-language-practice\MRS代码\CH32V307_TCP\obj/../NetLib/eth_driver_10M.c:402
    GPIO_Init(GPIOC,&GPIO);
    1a10:	004c                	addi	a1,sp,4
c:\Users\WaspYL\Desktop\c-language-practice\MRS代码\CH32V307_TCP\obj/../NetLib/eth_driver_10M.c:401
    GPIO.GPIO_Speed = GPIO_Speed_50MHz;
    1a12:	478d                	li	a5,3
c:\Users\WaspYL\Desktop\c-language-practice\MRS代码\CH32V307_TCP\obj/../NetLib/eth_driver_10M.c:402
    GPIO_Init(GPIOC,&GPIO);
    1a14:	40011537          	lui	a0,0x40011
c:\Users\WaspYL\Desktop\c-language-practice\MRS代码\CH32V307_TCP\obj/../NetLib/eth_driver_10M.c:401
    GPIO.GPIO_Speed = GPIO_Speed_50MHz;
    1a18:	c43e                	sw	a5,8(sp)
c:\Users\WaspYL\Desktop\c-language-practice\MRS代码\CH32V307_TCP\obj/../NetLib/eth_driver_10M.c:402
    GPIO_Init(GPIOC,&GPIO);
    1a1a:	ca4ff0ef          	jal	ra,ebe <GPIO_Init>
ETH_LedDataSet():
c:\Users\WaspYL\Desktop\c-language-practice\MRS代码\CH32V307_TCP\obj/../NetLib/eth_driver_10M.c:377
        GPIO_SetBits(GPIOC, GPIO_Pin_1);
    1a1e:	4589                	li	a1,2
    1a20:	40011537          	lui	a0,0x40011
    1a24:	d64ff0ef          	jal	ra,f88 <GPIO_SetBits>
ETH_LedLinkSet():
c:\Users\WaspYL\Desktop\c-language-practice\MRS代码\CH32V307_TCP\obj/../NetLib/eth_driver_10M.c:358
        GPIO_SetBits(GPIOC, GPIO_Pin_0);
    1a28:	4585                	li	a1,1
    1a2a:	40011537          	lui	a0,0x40011
    1a2e:	d5aff0ef          	jal	ra,f88 <GPIO_SetBits>
ETH_LedConfiguration():
c:\Users\WaspYL\Desktop\c-language-practice\MRS代码\CH32V307_TCP\obj/../NetLib/eth_driver_10M.c:405
}
    1a32:	0141                	addi	sp,sp,16
    1a34:	fe0fe06f          	j	214 <__riscv_restore_0>

00001a38 <ETH_SetClock>:
ETH_SetClock():
c:\Users\WaspYL\Desktop\c-language-practice\MRS代码\CH32V307_TCP\obj/../NetLib/eth_driver_10M.c:417
{
    1a38:	fb8fe2ef          	jal	t0,1f0 <__riscv_save_0>
c:\Users\WaspYL\Desktop\c-language-practice\MRS代码\CH32V307_TCP\obj/../NetLib/eth_driver_10M.c:418
    RCC_PLL3Cmd(DISABLE);
    1a3c:	4501                	li	a0,0
    1a3e:	f7cff0ef          	jal	ra,11ba <RCC_PLL3Cmd>
c:\Users\WaspYL\Desktop\c-language-practice\MRS代码\CH32V307_TCP\obj/../NetLib/eth_driver_10M.c:419
    RCC_PREDIV2Config(RCC_PREDIV2_Div2);                             /* HSE = 8M */
    1a42:	4541                	li	a0,16
    1a44:	f54ff0ef          	jal	ra,1198 <RCC_PREDIV2Config>
c:\Users\WaspYL\Desktop\c-language-practice\MRS代码\CH32V307_TCP\obj/../NetLib/eth_driver_10M.c:420
    RCC_PLL3Config(RCC_PLL3Mul_15);                                  /* 4M*15 = 60MHz */
    1a48:	6535                	lui	a0,0xd
    1a4a:	f5eff0ef          	jal	ra,11a8 <RCC_PLL3Config>
c:\Users\WaspYL\Desktop\c-language-practice\MRS代码\CH32V307_TCP\obj/../NetLib/eth_driver_10M.c:421
    RCC_PLL3Cmd(ENABLE);
    1a4e:	4505                	li	a0,1
    1a50:	f6aff0ef          	jal	ra,11ba <RCC_PLL3Cmd>
c:\Users\WaspYL\Desktop\c-language-practice\MRS代码\CH32V307_TCP\obj/../NetLib/eth_driver_10M.c:422 (discriminator 1)
    while(RESET == RCC_GetFlagStatus(RCC_FLAG_PLL3RDY));
    1a54:	03d00513          	li	a0,61
    1a58:	f12ff0ef          	jal	ra,116a <RCC_GetFlagStatus>
    1a5c:	dd65                	beqz	a0,1a54 <ETH_SetClock+0x1c>
c:\Users\WaspYL\Desktop\c-language-practice\MRS代码\CH32V307_TCP\obj/../NetLib/eth_driver_10M.c:423
}
    1a5e:	fb6fe06f          	j	214 <__riscv_restore_0>

00001a62 <ETH_LinkUpCfg>:
ETH_LinkUpCfg():
c:\Users\WaspYL\Desktop\c-language-practice\MRS代码\CH32V307_TCP\obj/../NetLib/eth_driver_10M.c:435
{
    1a62:	f8efe2ef          	jal	t0,1f0 <__riscv_save_0>
c:\Users\WaspYL\Desktop\c-language-practice\MRS代码\CH32V307_TCP\obj/../NetLib/eth_driver_10M.c:436
    WCHNET_PhyStatus( regval );
    1a66:	20f000ef          	jal	ra,2474 <WCHNET_PhyStatus>
c:\Users\WaspYL\Desktop\c-language-practice\MRS代码\CH32V307_TCP\obj/../NetLib/eth_driver_10M.c:437
    ETH->MACCR &= ~(ETH_Speed_100M|ETH_Speed_1000M);
    1a6a:	400287b7          	lui	a5,0x40028
    1a6e:	4398                	lw	a4,0(a5)
    1a70:	76d1                	lui	a3,0xffff4
    1a72:	16fd                	addi	a3,a3,-1
    1a74:	8f75                	and	a4,a4,a3
    1a76:	c398                	sw	a4,0(a5)
c:\Users\WaspYL\Desktop\c-language-practice\MRS代码\CH32V307_TCP\obj/../NetLib/eth_driver_10M.c:438
    phyStatus = PHY_Linked_Status;
    1a78:	4691                	li	a3,4
    1a7a:	88d18ea3          	sb	a3,-1891(gp) # 200000bd <phyStatus>
c:\Users\WaspYL\Desktop\c-language-practice\MRS代码\CH32V307_TCP\obj/../NetLib/eth_driver_10M.c:441
    ETH->MACFFR |= (ETH_ReceiveAll_Enable | ETH_PromiscuousMode_Enable);
    1a7e:	43d8                	lw	a4,4(a5)
    1a80:	800006b7          	lui	a3,0x80000
    1a84:	0685                	addi	a3,a3,1
    1a86:	8f55                	or	a4,a4,a3
    1a88:	c3d8                	sw	a4,4(a5)
c:\Users\WaspYL\Desktop\c-language-practice\MRS代码\CH32V307_TCP\obj/../NetLib/eth_driver_10M.c:443
    ETH->MMCCR |= ETH_MMCCR_CR;             //Counters Reset
    1a8a:	1007a703          	lw	a4,256(a5) # 40028100 <_eusrstack+0x20020100>
    1a8e:	00176713          	ori	a4,a4,1
    1a92:	10e7a023          	sw	a4,256(a5)
c:\Users\WaspYL\Desktop\c-language-practice\MRS代码\CH32V307_TCP\obj/../NetLib/eth_driver_10M.c:444
    while(ETH->MMCCR & ETH_MMCCR_CR);       //Wait for counters reset to complete
    1a96:	40028737          	lui	a4,0x40028
c:\Users\WaspYL\Desktop\c-language-practice\MRS代码\CH32V307_TCP\obj/../NetLib/eth_driver_10M.c:444 (discriminator 1)
    1a9a:	10072783          	lw	a5,256(a4) # 40028100 <_eusrstack+0x20020100>
    1a9e:	8b85                	andi	a5,a5,1
    1aa0:	ffed                	bnez	a5,1a9a <ETH_LinkUpCfg+0x38>
c:\Users\WaspYL\Desktop\c-language-practice\MRS代码\CH32V307_TCP\obj/../NetLib/eth_driver_10M.c:445
    PhyPolarityDetect = 1;
    1aa2:	4705                	li	a4,1
    1aa4:	86e18c23          	sb	a4,-1928(gp) # 20000098 <PhyPolarityDetect>
c:\Users\WaspYL\Desktop\c-language-practice\MRS代码\CH32V307_TCP\obj/../NetLib/eth_driver_10M.c:446
    LinkSuccTime = LocalTime;
    1aa8:	8741a703          	lw	a4,-1932(gp) # 20000094 <LocalTime>
    1aac:	86e1a823          	sw	a4,-1936(gp) # 20000090 <LinkSuccTime>
c:\Users\WaspYL\Desktop\c-language-practice\MRS代码\CH32V307_TCP\obj/../NetLib/eth_driver_10M.c:447
    ETH_Start( );
    1ab0:	bb4ff0ef          	jal	ra,e64 <ETH_Start>
c:\Users\WaspYL\Desktop\c-language-practice\MRS代码\CH32V307_TCP\obj/../NetLib/eth_driver_10M.c:448
}
    1ab4:	f60fe06f          	j	214 <__riscv_restore_0>

00001ab8 <ETH_PHYLink>:
ETH_PHYLink():
c:\Users\WaspYL\Desktop\c-language-practice\MRS代码\CH32V307_TCP\obj/../NetLib/eth_driver_10M.c:460
{
    1ab8:	f1efe2ef          	jal	t0,1d6 <__riscv_save_4>
c:\Users\WaspYL\Desktop\c-language-practice\MRS代码\CH32V307_TCP\obj/../NetLib/eth_driver_10M.c:463
    phy_bsr = ETH_ReadPHYRegister( gPHYAddress, PHY_BSR);
    1abc:	88418413          	addi	s0,gp,-1916 # 200000a4 <gPHYAddress>
    1ac0:	200a                	lhu	a0,0(s0)
    1ac2:	4585                	li	a1,1
    1ac4:	a42ff0ef          	jal	ra,d06 <ETH_ReadPHYRegister>
    1ac8:	84aa                	mv	s1,a0
c:\Users\WaspYL\Desktop\c-language-practice\MRS代码\CH32V307_TCP\obj/../NetLib/eth_driver_10M.c:464
    phy_bcr = ETH_ReadPHYRegister( gPHYAddress, PHY_BCR);
    1aca:	200a                	lhu	a0,0(s0)
    1acc:	4581                	li	a1,0
    1ace:	a38ff0ef          	jal	ra,d06 <ETH_ReadPHYRegister>
    1ad2:	89aa                	mv	s3,a0
c:\Users\WaspYL\Desktop\c-language-practice\MRS代码\CH32V307_TCP\obj/../NetLib/eth_driver_10M.c:465
    phy_anlpar = ETH_ReadPHYRegister( gPHYAddress, PHY_ANLPAR);
    1ad4:	200a                	lhu	a0,0(s0)
    1ad6:	4595                	li	a1,5
    1ad8:	a2eff0ef          	jal	ra,d06 <ETH_ReadPHYRegister>
c:\Users\WaspYL\Desktop\c-language-practice\MRS代码\CH32V307_TCP\obj/../NetLib/eth_driver_10M.c:467
    if(phy_bsr & PHY_Linked_Status)   //LinkUp
    1adc:	0044f793          	andi	a5,s1,4
    1ae0:	10078263          	beqz	a5,1be4 <ETH_PHYLink+0x12c>
c:\Users\WaspYL\Desktop\c-language-practice\MRS代码\CH32V307_TCP\obj/../NetLib/eth_driver_10M.c:469
        if(phy_bcr & PHY_AutoNegotiation)   //determine whether auto-negotiation is enable
    1ae4:	01399793          	slli	a5,s3,0x13
    1ae8:	0e07d663          	bgez	a5,1bd4 <ETH_PHYLink+0x11c>
    1aec:	892a                	mv	s2,a0
c:\Users\WaspYL\Desktop\c-language-practice\MRS代码\CH32V307_TCP\obj/../NetLib/eth_driver_10M.c:471
            if(phy_anlpar == 0)
    1aee:	0204f793          	andi	a5,s1,32
    1af2:	e559                	bnez	a0,1b80 <ETH_PHYLink+0xc8>
c:\Users\WaspYL\Desktop\c-language-practice\MRS代码\CH32V307_TCP\obj/../NetLib/eth_driver_10M.c:473
                if(phy_bsr & PHY_AutoNego_Complete)
    1af4:	cfa1                	beqz	a5,1b4c <ETH_PHYLink+0x94>
c:\Users\WaspYL\Desktop\c-language-practice\MRS代码\CH32V307_TCP\obj/../NetLib/eth_driver_10M.c:475
                    ETH->MACCR &= ~ETH_Mode_FullDuplex;
    1af6:	400286b7          	lui	a3,0x40028
    1afa:	429c                	lw	a5,0(a3)
    1afc:	777d                	lui	a4,0xfffff
    1afe:	7ff70713          	addi	a4,a4,2047 # fffff7ff <_eusrstack+0xdfff77ff>
    1b02:	8ff9                	and	a5,a5,a4
    1b04:	c29c                	sw	a5,0(a3)
c:\Users\WaspYL\Desktop\c-language-practice\MRS代码\CH32V307_TCP\obj/../NetLib/eth_driver_10M.c:476
                    ETH_LinkUpCfg(phy_bsr);
    1b06:	8526                	mv	a0,s1
    1b08:	3fa9                	jal	1a62 <ETH_LinkUpCfg>
c:\Users\WaspYL\Desktop\c-language-practice\MRS代码\CH32V307_TCP\obj/../NetLib/eth_driver_10M.c:477
                    if((ChipId & 0xf0) == 0x20)
    1b0a:	86c1a783          	lw	a5,-1940(gp) # 2000008c <ChipId>
    1b0e:	02000713          	li	a4,32
    1b12:	0f07f793          	andi	a5,a5,240
    1b16:	02e79063          	bne	a5,a4,1b36 <ETH_PHYLink+0x7e>
c:\Users\WaspYL\Desktop\c-language-practice\MRS代码\CH32V307_TCP\obj/../NetLib/eth_driver_10M.c:479
                        if(phyNegoStat & TURN_PN_POLARITY)
    1b1a:	200a                	lhu	a0,0(s0)
    1b1c:	89c18413          	addi	s0,gp,-1892 # 200000bc <phyNegoStat>
    1b20:	201c                	lbu	a5,0(s0)
    1b22:	8b89                	andi	a5,a5,2
    1b24:	cb99                	beqz	a5,1b3a <ETH_PHYLink+0x82>
c:\Users\WaspYL\Desktop\c-language-practice\MRS代码\CH32V307_TCP\obj/../NetLib/eth_driver_10M.c:482
                            ETH_WritePHYRegister(gPHYAddress, PHY_MDIX, PHY_PN_SWITCH_N);
    1b26:	4611                	li	a2,4
    1b28:	45f9                	li	a1,30
    1b2a:	a34ff0ef          	jal	ra,d5e <ETH_WritePHYRegister>
c:\Users\WaspYL\Desktop\c-language-practice\MRS代码\CH32V307_TCP\obj/../NetLib/eth_driver_10M.c:489
                        phyNegoLinkTime = LocalTime;
    1b2e:	8741a703          	lw	a4,-1932(gp) # 20000094 <LocalTime>
    1b32:	88e1ac23          	sw	a4,-1896(gp) # 200000b8 <phyNegoLinkTime>
c:\Users\WaspYL\Desktop\c-language-practice\MRS代码\CH32V307_TCP\obj/../NetLib/eth_driver_10M.c:549
}
    1b36:	ed4fe06f          	j	20a <__riscv_restore_4>
c:\Users\WaspYL\Desktop\c-language-practice\MRS代码\CH32V307_TCP\obj/../NetLib/eth_driver_10M.c:486
                            ETH_WritePHYRegister(gPHYAddress, PHY_MDIX, PHY_PN_SWITCH_P);
    1b3a:	4601                	li	a2,0
    1b3c:	45f9                	li	a1,30
    1b3e:	a20ff0ef          	jal	ra,d5e <ETH_WritePHYRegister>
c:\Users\WaspYL\Desktop\c-language-practice\MRS代码\CH32V307_TCP\obj/../NetLib/eth_driver_10M.c:487
                            phyNegoStat |= LAST_NEGO_STAT;
    1b42:	201c                	lbu	a5,0(s0)
    1b44:	0017e793          	ori	a5,a5,1
    1b48:	a01c                	sb	a5,0(s0)
    1b4a:	b7d5                	j	1b2e <ETH_PHYLink+0x76>
c:\Users\WaspYL\Desktop\c-language-practice\MRS代码\CH32V307_TCP\obj/../NetLib/eth_driver_10M.c:493
                    PHY_LINK_RESET();
    1b4c:	200a                	lhu	a0,0(s0)
    1b4e:	6621                	lui	a2,0x8
    1b50:	4581                	li	a1,0
    1b52:	a0cff0ef          	jal	ra,d5e <ETH_WritePHYRegister>
    1b56:	88018ea3          	sb	zero,-1891(gp) # 200000bd <phyStatus>
    1b5a:	88018f23          	sb	zero,-1890(gp) # 200000be <phySucCnt>
    1b5e:	88018823          	sb	zero,-1904(gp) # 200000b0 <phyLinkCnt>
    1b62:	88018123          	sb	zero,-1918(gp) # 200000a2 <TRDetectStep>
    1b66:	200a                	lhu	a0,0(s0)
    1b68:	86018c23          	sb	zero,-1928(gp) # 20000098 <PhyPolarityDetect>
    1b6c:	4721                	li	a4,8
    1b6e:	88018923          	sb	zero,-1902(gp) # 200000b2 <phyLinkStatus>
    1b72:	4621                	li	a2,8
    1b74:	45f9                	li	a1,30
    1b76:	80e18ea3          	sb	a4,-2019(gp) # 2000003d <phyPN>
    1b7a:	9e4ff0ef          	jal	ra,d5e <ETH_WritePHYRegister>
    1b7e:	bf65                	j	1b36 <ETH_PHYLink+0x7e>
c:\Users\WaspYL\Desktop\c-language-practice\MRS代码\CH32V307_TCP\obj/../NetLib/eth_driver_10M.c:497
                phyNegoStat = 0;
    1b80:	88018e23          	sb	zero,-1892(gp) # 200000bc <phyNegoStat>
c:\Users\WaspYL\Desktop\c-language-practice\MRS代码\CH32V307_TCP\obj/../NetLib/eth_driver_10M.c:498
                if(phy_bsr & PHY_AutoNego_Complete)
    1b84:	cb8d                	beqz	a5,1bb6 <ETH_PHYLink+0xfe>
c:\Users\WaspYL\Desktop\c-language-practice\MRS代码\CH32V307_TCP\obj/../NetLib/eth_driver_10M.c:500
                    phy_stat = ETH_ReadPHYRegister( gPHYAddress, PHY_STATUS );
    1b86:	200a                	lhu	a0,0(s0)
    1b88:	45c1                	li	a1,16
    1b8a:	97cff0ef          	jal	ra,d06 <ETH_ReadPHYRegister>
c:\Users\WaspYL\Desktop\c-language-practice\MRS代码\CH32V307_TCP\obj/../NetLib/eth_driver_10M.c:501
                    if( phy_stat & (1<<2) )
    1b8e:	8911                	andi	a0,a0,4
c:\Users\WaspYL\Desktop\c-language-practice\MRS代码\CH32V307_TCP\obj/../NetLib/eth_driver_10M.c:503
                        ETH->MACCR |= ETH_Mode_FullDuplex;
    1b90:	400286b7          	lui	a3,0x40028
c:\Users\WaspYL\Desktop\c-language-practice\MRS代码\CH32V307_TCP\obj/../NetLib/eth_driver_10M.c:501
                    if( phy_stat & (1<<2) )
    1b94:	e901                	bnez	a0,1ba4 <ETH_PHYLink+0xec>
c:\Users\WaspYL\Desktop\c-language-practice\MRS代码\CH32V307_TCP\obj/../NetLib/eth_driver_10M.c:507
                        if( (phy_anlpar&PHY_ANLPAR_SELECTOR_FIELD) != PHY_ANLPAR_SELECTOR_VALUE )
    1b96:	01f97913          	andi	s2,s2,31
    1b9a:	4785                	li	a5,1
c:\Users\WaspYL\Desktop\c-language-practice\MRS代码\CH32V307_TCP\obj/../NetLib/eth_driver_10M.c:509
                            ETH->MACCR |= ETH_Mode_FullDuplex;
    1b9c:	400286b7          	lui	a3,0x40028
c:\Users\WaspYL\Desktop\c-language-practice\MRS代码\CH32V307_TCP\obj/../NetLib/eth_driver_10M.c:507
                        if( (phy_anlpar&PHY_ANLPAR_SELECTOR_FIELD) != PHY_ANLPAR_SELECTOR_VALUE )
    1ba0:	02f90c63          	beq	s2,a5,1bd8 <ETH_PHYLink+0x120>
c:\Users\WaspYL\Desktop\c-language-practice\MRS代码\CH32V307_TCP\obj/../NetLib/eth_driver_10M.c:509
                            ETH->MACCR |= ETH_Mode_FullDuplex;
    1ba4:	429c                	lw	a5,0(a3)
    1ba6:	6705                	lui	a4,0x1
    1ba8:	80070713          	addi	a4,a4,-2048 # 800 <__stack_size>
    1bac:	8fd9                	or	a5,a5,a4
c:\Users\WaspYL\Desktop\c-language-practice\MRS代码\CH32V307_TCP\obj/../NetLib/eth_driver_10M.c:513
                            ETH->MACCR &= ~ETH_Mode_FullDuplex;
    1bae:	c29c                	sw	a5,0(a3)
c:\Users\WaspYL\Desktop\c-language-practice\MRS代码\CH32V307_TCP\obj/../NetLib/eth_driver_10M.c:516
                    ETH_LinkUpCfg(phy_bsr);
    1bb0:	8526                	mv	a0,s1
    1bb2:	3d45                	jal	1a62 <ETH_LinkUpCfg>
    1bb4:	b749                	j	1b36 <ETH_PHYLink+0x7e>
c:\Users\WaspYL\Desktop\c-language-practice\MRS代码\CH32V307_TCP\obj/../NetLib/eth_driver_10M.c:519
                    EXTEN->EXTEN_CTR &= ~EXTEN_ETH_10M_EN;
    1bb6:	40024737          	lui	a4,0x40024
    1bba:	80072783          	lw	a5,-2048(a4) # 40023800 <_eusrstack+0x2001b800>
    1bbe:	9bed                	andi	a5,a5,-5
    1bc0:	80f72023          	sw	a5,-2048(a4)
c:\Users\WaspYL\Desktop\c-language-practice\MRS代码\CH32V307_TCP\obj/../NetLib/eth_driver_10M.c:520
                    phyLinkReset = 1;
    1bc4:	4705                	li	a4,1
    1bc6:	88e188a3          	sb	a4,-1903(gp) # 200000b1 <phyLinkReset>
c:\Users\WaspYL\Desktop\c-language-practice\MRS代码\CH32V307_TCP\obj/../NetLib/eth_driver_10M.c:521
                    phyLinkTime = LocalTime;
    1bca:	8741a703          	lw	a4,-1932(gp) # 20000094 <LocalTime>
    1bce:	88e1aa23          	sw	a4,-1900(gp) # 200000b4 <phyLinkTime>
    1bd2:	b795                	j	1b36 <ETH_PHYLink+0x7e>
c:\Users\WaspYL\Desktop\c-language-practice\MRS代码\CH32V307_TCP\obj/../NetLib/eth_driver_10M.c:526
            ETH->MACCR &= ~ETH_Mode_FullDuplex;
    1bd4:	400286b7          	lui	a3,0x40028
c:\Users\WaspYL\Desktop\c-language-practice\MRS代码\CH32V307_TCP\obj/../NetLib/eth_driver_10M.c:513
                            ETH->MACCR &= ~ETH_Mode_FullDuplex;
    1bd8:	429c                	lw	a5,0(a3)
    1bda:	777d                	lui	a4,0xfffff
    1bdc:	7ff70713          	addi	a4,a4,2047 # fffff7ff <_eusrstack+0xdfff77ff>
    1be0:	8ff9                	and	a5,a5,a4
    1be2:	b7f1                	j	1bae <ETH_PHYLink+0xf6>
c:\Users\WaspYL\Desktop\c-language-practice\MRS代码\CH32V307_TCP\obj/../NetLib/eth_driver_10M.c:531
        WCHNET_PhyStatus( phy_bsr );
    1be4:	8526                	mv	a0,s1
    1be6:	08f000ef          	jal	ra,2474 <WCHNET_PhyStatus>
c:\Users\WaspYL\Desktop\c-language-practice\MRS代码\CH32V307_TCP\obj/../NetLib/eth_driver_10M.c:532
        EXTEN->EXTEN_CTR &= ~EXTEN_ETH_10M_EN;
    1bea:	40024737          	lui	a4,0x40024
    1bee:	80072783          	lw	a5,-2048(a4) # 40023800 <_eusrstack+0x2001b800>
c:\Users\WaspYL\Desktop\c-language-practice\MRS代码\CH32V307_TCP\obj/../NetLib/eth_driver_10M.c:534
        phyLinkTime = LocalTime;
    1bf2:	87418693          	addi	a3,gp,-1932 # 20000094 <LocalTime>
c:\Users\WaspYL\Desktop\c-language-practice\MRS代码\CH32V307_TCP\obj/../NetLib/eth_driver_10M.c:532
        EXTEN->EXTEN_CTR &= ~EXTEN_ETH_10M_EN;
    1bf6:	9bed                	andi	a5,a5,-5
    1bf8:	80f72023          	sw	a5,-2048(a4)
c:\Users\WaspYL\Desktop\c-language-practice\MRS代码\CH32V307_TCP\obj/../NetLib/eth_driver_10M.c:533
        phyLinkReset = 1;
    1bfc:	4705                	li	a4,1
    1bfe:	88e188a3          	sb	a4,-1903(gp) # 200000b1 <phyLinkReset>
c:\Users\WaspYL\Desktop\c-language-practice\MRS代码\CH32V307_TCP\obj/../NetLib/eth_driver_10M.c:534
        phyLinkTime = LocalTime;
    1c02:	4298                	lw	a4,0(a3)
    1c04:	88e1aa23          	sw	a4,-1900(gp) # 200000b4 <phyLinkTime>
c:\Users\WaspYL\Desktop\c-language-practice\MRS代码\CH32V307_TCP\obj/../NetLib/eth_driver_10M.c:535
        if((ChipId & 0xf0) == 0x20)
    1c08:	86c1a783          	lw	a5,-1940(gp) # 2000008c <ChipId>
    1c0c:	02000713          	li	a4,32
    1c10:	0f07f793          	andi	a5,a5,240
    1c14:	f2e791e3          	bne	a5,a4,1b36 <ETH_PHYLink+0x7e>
c:\Users\WaspYL\Desktop\c-language-practice\MRS代码\CH32V307_TCP\obj/../NetLib/eth_driver_10M.c:537
            if(phyNegoStat & LAST_NEGO_STAT)
    1c18:	89c18793          	addi	a5,gp,-1892 # 200000bc <phyNegoStat>
    1c1c:	2398                	lbu	a4,0(a5)
    1c1e:	00177613          	andi	a2,a4,1
    1c22:	f0060ae3          	beqz	a2,1b36 <ETH_PHYLink+0x7e>
c:\Users\WaspYL\Desktop\c-language-practice\MRS代码\CH32V307_TCP\obj/../NetLib/eth_driver_10M.c:539
                if(LocalTime - phyNegoLinkTime < 100)
    1c26:	4290                	lw	a2,0(a3)
    1c28:	89818693          	addi	a3,gp,-1896 # 200000b8 <phyNegoLinkTime>
    1c2c:	428c                	lw	a1,0(a3)
    1c2e:	8e0d                	sub	a2,a2,a1
    1c30:	06300593          	li	a1,99
    1c34:	f0c5e1e3          	bltu	a1,a2,1b36 <ETH_PHYLink+0x7e>
c:\Users\WaspYL\Desktop\c-language-practice\MRS代码\CH32V307_TCP\obj/../NetLib/eth_driver_10M.c:541
                    phyNegoLinkTime = 0;
    1c38:	0006a023          	sw	zero,0(a3) # 40028000 <_eusrstack+0x20020000>
c:\Users\WaspYL\Desktop\c-language-practice\MRS代码\CH32V307_TCP\obj/../NetLib/eth_driver_10M.c:544
                    phyNegoStat ^= TURN_PN_POLARITY;
    1c3c:	00274713          	xori	a4,a4,2
c:\Users\WaspYL\Desktop\c-language-practice\MRS代码\CH32V307_TCP\obj/../NetLib/eth_driver_10M.c:543
                    ETH->DMAMFBOCR;
    1c40:	400296b7          	lui	a3,0x40029
    1c44:	5294                	lw	a3,32(a3)
c:\Users\WaspYL\Desktop\c-language-practice\MRS代码\CH32V307_TCP\obj/../NetLib/eth_driver_10M.c:544
                    phyNegoStat ^= TURN_PN_POLARITY;
    1c46:	a398                	sb	a4,0(a5)
c:\Users\WaspYL\Desktop\c-language-practice\MRS代码\CH32V307_TCP\obj/../NetLib/eth_driver_10M.c:549
}
    1c48:	b5fd                	j	1b36 <ETH_PHYLink+0x7e>

00001c4a <ReInitMACReg>:
ReInitMACReg():
c:\Users\WaspYL\Desktop\c-language-practice\MRS代码\CH32V307_TCP\obj/../NetLib/eth_driver_10M.c:561
{
    1c4a:	d76fe2ef          	jal	t0,1c0 <__riscv_save_12>
c:\Users\WaspYL\Desktop\c-language-practice\MRS代码\CH32V307_TCP\obj/../NetLib/eth_driver_10M.c:568
    while((ETH->DMASR & (7 << 20)) != ETH_DMA_TransmitProcess_Suspended);
    1c4e:	40029637          	lui	a2,0x40029
    1c52:	007006b7          	lui	a3,0x700
    1c56:	00600737          	lui	a4,0x600
c:\Users\WaspYL\Desktop\c-language-practice\MRS代码\CH32V307_TCP\obj/../NetLib/eth_driver_10M.c:568 (discriminator 1)
    1c5a:	4a5c                	lw	a5,20(a2)
    1c5c:	8ff5                	and	a5,a5,a3
    1c5e:	fee79ee3          	bne	a5,a4,1c5a <ReInitMACReg+0x10>
c:\Users\WaspYL\Desktop\c-language-practice\MRS代码\CH32V307_TCP\obj/../NetLib/eth_driver_10M.c:570
    PHY_TR_REVERSE();
    1c62:	89d1c783          	lbu	a5,-1891(gp) # 200000bd <phyStatus>
    1c66:	89d18493          	addi	s1,gp,-1891 # 200000bd <phyStatus>
    1c6a:	c795                	beqz	a5,1c96 <ReInitMACReg+0x4c>
c:\Users\WaspYL\Desktop\c-language-practice\MRS代码\CH32V307_TCP\obj/../NetLib/eth_driver_10M.c:570 (discriminator 1)
    1c6c:	8841d503          	lhu	a0,-1916(gp) # 200000a4 <gPHYAddress>
    1c70:	45f9                	li	a1,30
    1c72:	88418413          	addi	s0,gp,-1916 # 200000a4 <gPHYAddress>
    1c76:	890ff0ef          	jal	ra,d06 <ETH_ReadPHYRegister>
    1c7a:	ffc57613          	andi	a2,a0,-4
    1c7e:	0642                	slli	a2,a2,0x10
    1c80:	00157793          	andi	a5,a0,1
    1c84:	8241                	srli	a2,a2,0x10
    1c86:	14078a63          	beqz	a5,1dda <ReInitMACReg+0x190>
c:\Users\WaspYL\Desktop\c-language-practice\MRS代码\CH32V307_TCP\obj/../NetLib/eth_driver_10M.c:570 (discriminator 2)
    1c8a:	00266613          	ori	a2,a2,2
c:\Users\WaspYL\Desktop\c-language-practice\MRS代码\CH32V307_TCP\obj/../NetLib/eth_driver_10M.c:570 (discriminator 5)
    1c8e:	200a                	lhu	a0,0(s0)
    1c90:	45f9                	li	a1,30
    1c92:	8ccff0ef          	jal	ra,d5e <ETH_WritePHYRegister>
c:\Users\WaspYL\Desktop\c-language-practice\MRS代码\CH32V307_TCP\obj/../NetLib/eth_driver_10M.c:573
    macmiiar = ETH->MACMIIAR;
    1c96:	400287b7          	lui	a5,0x40028
    1c9a:	0107ac83          	lw	s9,16(a5) # 40028010 <_eusrstack+0x20020010>
c:\Users\WaspYL\Desktop\c-language-practice\MRS代码\CH32V307_TCP\obj/../NetLib/eth_driver_10M.c:583
    ETH_SoftwareReset();
    1c9e:	6409                	lui	s0,0x2
c:\Users\WaspYL\Desktop\c-language-practice\MRS代码\CH32V307_TCP\obj/../NetLib/eth_driver_10M.c:574
    maccr = ETH->MACCR;
    1ca0:	0007ac03          	lw	s8,0(a5)
c:\Users\WaspYL\Desktop\c-language-practice\MRS代码\CH32V307_TCP\obj/../NetLib/eth_driver_10M.c:575
    macffr = ETH->MACFFR;
    1ca4:	0047ab83          	lw	s7,4(a5)
c:\Users\WaspYL\Desktop\c-language-practice\MRS代码\CH32V307_TCP\obj/../NetLib/eth_driver_10M.c:576
    machthr = ETH->MACHTHR;
    1ca8:	0087ab03          	lw	s6,8(a5)
c:\Users\WaspYL\Desktop\c-language-practice\MRS代码\CH32V307_TCP\obj/../NetLib/eth_driver_10M.c:577
    machtlr = ETH->MACHTLR;
    1cac:	00c7aa83          	lw	s5,12(a5)
c:\Users\WaspYL\Desktop\c-language-practice\MRS代码\CH32V307_TCP\obj/../NetLib/eth_driver_10M.c:578
    macfcr = ETH->MACFCR;
    1cb0:	0187aa03          	lw	s4,24(a5)
c:\Users\WaspYL\Desktop\c-language-practice\MRS代码\CH32V307_TCP\obj/../NetLib/eth_driver_10M.c:579
    macvlantr = ETH->MACVLANTR;
    1cb4:	01c7a983          	lw	s3,28(a5)
c:\Users\WaspYL\Desktop\c-language-practice\MRS代码\CH32V307_TCP\obj/../NetLib/eth_driver_10M.c:580
    dmaomr = ETH->DMAOMR;
    1cb8:	400297b7          	lui	a5,0x40029
    1cbc:	0187a903          	lw	s2,24(a5) # 40029018 <_eusrstack+0x20021018>
c:\Users\WaspYL\Desktop\c-language-practice\MRS代码\CH32V307_TCP\obj/../NetLib/eth_driver_10M.c:583
    ETH_SoftwareReset();
    1cc0:	71040413          	addi	s0,s0,1808 # 2710 <LwipTCPSendCallBack+0x32>
    1cc4:	97aff0ef          	jal	ra,e3e <ETH_SoftwareReset>
c:\Users\WaspYL\Desktop\c-language-practice\MRS代码\CH32V307_TCP\obj/../NetLib/eth_driver_10M.c:588
    }while(ETH->DMABMR & ETH_DMABMR_SR);
    1cc8:	40029d37          	lui	s10,0x40029
c:\Users\WaspYL\Desktop\c-language-practice\MRS代码\CH32V307_TCP\obj/../NetLib/eth_driver_10M.c:586
        Delay_Us(10);
    1ccc:	147d                	addi	s0,s0,-1
    1cce:	0442                	slli	s0,s0,0x10
    1cd0:	4529                	li	a0,10
    1cd2:	8041                	srli	s0,s0,0x10
    1cd4:	2965                	jal	218c <Delay_Us>
c:\Users\WaspYL\Desktop\c-language-practice\MRS代码\CH32V307_TCP\obj/../NetLib/eth_driver_10M.c:587
        if( !--timeout )  break;
    1cd6:	c409                	beqz	s0,1ce0 <ReInitMACReg+0x96>
c:\Users\WaspYL\Desktop\c-language-practice\MRS代码\CH32V307_TCP\obj/../NetLib/eth_driver_10M.c:588
    }while(ETH->DMABMR & ETH_DMABMR_SR);
    1cd8:	000d2783          	lw	a5,0(s10) # 40029000 <_eusrstack+0x20021000>
    1cdc:	8b85                	andi	a5,a5,1
    1cde:	f7fd                	bnez	a5,1ccc <ReInitMACReg+0x82>
c:\Users\WaspYL\Desktop\c-language-practice\MRS代码\CH32V307_TCP\obj/../NetLib/eth_driver_10M.c:591
    ETH->MACA0HR = (uint32_t)((MACAddr[5]<<8) | MACAddr[4]);
    1ce0:	85818713          	addi	a4,gp,-1960 # 20000078 <_edata>
    1ce4:	335c                	lbu	a5,5(a4)
    1ce6:	2350                	lbu	a2,4(a4)
    1ce8:	40028437          	lui	s0,0x40028
    1cec:	07a2                	slli	a5,a5,0x8
    1cee:	8fd1                	or	a5,a5,a2
    1cf0:	c03c                	sw	a5,64(s0)
c:\Users\WaspYL\Desktop\c-language-practice\MRS代码\CH32V307_TCP\obj/../NetLib/eth_driver_10M.c:592
    ETH->MACA0LR = (uint32_t)(MACAddr[0] | (MACAddr[1]<<8) | (MACAddr[2]<<16) | (MACAddr[3]<<24));
    1cf2:	8591c703          	lbu	a4,-1959(gp) # 20000079 <_edata+0x1>
    1cf6:	8581c783          	lbu	a5,-1960(gp) # 20000078 <_edata>
c:\Users\WaspYL\Desktop\c-language-practice\MRS代码\CH32V307_TCP\obj/../NetLib/eth_driver_10M.c:600
    ETH_DMAITConfig(ETH_DMA_IT_NIS |\
    1cfa:	80018537          	lui	a0,0x80018
    1cfe:	0722                	slli	a4,a4,0x8
    1d00:	8f5d                	or	a4,a4,a5
    1d02:	85a1c783          	lbu	a5,-1958(gp) # 2000007a <_edata+0x2>
    1d06:	4585                	li	a1,1
    1d08:	0c150513          	addi	a0,a0,193 # 800180c1 <_eusrstack+0x600100c1>
    1d0c:	07c2                	slli	a5,a5,0x10
    1d0e:	8f5d                	or	a4,a4,a5
    1d10:	85b1c783          	lbu	a5,-1957(gp) # 2000007b <_edata+0x3>
    1d14:	07e2                	slli	a5,a5,0x18
    1d16:	8fd9                	or	a5,a5,a4
c:\Users\WaspYL\Desktop\c-language-practice\MRS代码\CH32V307_TCP\obj/../NetLib/eth_driver_10M.c:592
    ETH->MACA0LR = (uint32_t)(MACAddr[0] | (MACAddr[1]<<8) | (MACAddr[2]<<16) | (MACAddr[3]<<24));
    1d18:	c07c                	sw	a5,68(s0)
c:\Users\WaspYL\Desktop\c-language-practice\MRS代码\CH32V307_TCP\obj/../NetLib/eth_driver_10M.c:595
    ETH->MMCTIMR = ETH_MMCTIMR_TGFM;
    1d1a:	002007b7          	lui	a5,0x200
    1d1e:	10f42823          	sw	a5,272(s0) # 40028110 <_eusrstack+0x20020110>
c:\Users\WaspYL\Desktop\c-language-practice\MRS代码\CH32V307_TCP\obj/../NetLib/eth_driver_10M.c:598
    ETH->MMCRIMR = ETH_MMCRIMR_RGUFM | ETH_MMCRIMR_RFCEM;
    1d22:	000207b7          	lui	a5,0x20
    1d26:	02078793          	addi	a5,a5,32 # 20020 <_data_lma+0x169ec>
    1d2a:	10f42623          	sw	a5,268(s0)
c:\Users\WaspYL\Desktop\c-language-practice\MRS代码\CH32V307_TCP\obj/../NetLib/eth_driver_10M.c:600
    ETH_DMAITConfig(ETH_DMA_IT_NIS |\
    1d2e:	968ff0ef          	jal	ra,e96 <ETH_DMAITConfig>
c:\Users\WaspYL\Desktop\c-language-practice\MRS代码\CH32V307_TCP\obj/../NetLib/eth_driver_10M.c:608
    ETH_DMATxDescChainInit(DMATxDscrTab, MACTxBuf, ETH_TXBUFNB);
    1d32:	200035b7          	lui	a1,0x20003
    1d36:	52818d13          	addi	s10,gp,1320 # 20000d48 <DMATxDscrTab>
    1d3a:	4609                	li	a2,2
    1d3c:	71458593          	addi	a1,a1,1812 # 20003714 <MACTxBuf>
    1d40:	52818513          	addi	a0,gp,1320 # 20000d48 <DMATxDscrTab>
    1d44:	86cff0ef          	jal	ra,db0 <ETH_DMATxDescChainInit>
c:\Users\WaspYL\Desktop\c-language-practice\MRS代码\CH32V307_TCP\obj/../NetLib/eth_driver_10M.c:609
    ETH_DMARxDescChainInit(DMARxDscrTab, MACRxBuf, ETH_RXBUFNB);
    1d48:	200015b7          	lui	a1,0x20001
    1d4c:	4b818d93          	addi	s11,gp,1208 # 20000cd8 <DMARxDscrTab>
    1d50:	461d                	li	a2,7
    1d52:	d6858593          	addi	a1,a1,-664 # 20000d68 <MACRxBuf>
    1d56:	4b818513          	addi	a0,gp,1208 # 20000cd8 <DMARxDscrTab>
    1d5a:	898ff0ef          	jal	ra,df2 <ETH_DMARxDescChainInit>
c:\Users\WaspYL\Desktop\c-language-practice\MRS代码\CH32V307_TCP\obj/../NetLib/eth_driver_10M.c:610
    pDMARxSet = DMARxDscrTab;
    1d5e:	89b1a423          	sw	s11,-1912(gp) # 200000a8 <pDMARxSet>
c:\Users\WaspYL\Desktop\c-language-practice\MRS代码\CH32V307_TCP\obj/../NetLib/eth_driver_10M.c:611
    pDMATxSet = DMATxDscrTab;
    1d62:	89a1a623          	sw	s10,-1908(gp) # 200000ac <pDMATxSet>
c:\Users\WaspYL\Desktop\c-language-practice\MRS代码\CH32V307_TCP\obj/../NetLib/eth_driver_10M.c:613
    ETH->MACMIIAR = macmiiar;
    1d66:	01942823          	sw	s9,16(s0)
c:\Users\WaspYL\Desktop\c-language-practice\MRS代码\CH32V307_TCP\obj/../NetLib/eth_driver_10M.c:614
    ETH->MACCR = maccr;
    1d6a:	01842023          	sw	s8,0(s0)
c:\Users\WaspYL\Desktop\c-language-practice\MRS代码\CH32V307_TCP\obj/../NetLib/eth_driver_10M.c:615
    ETH->MACFFR = macffr;
    1d6e:	01742223          	sw	s7,4(s0)
c:\Users\WaspYL\Desktop\c-language-practice\MRS代码\CH32V307_TCP\obj/../NetLib/eth_driver_10M.c:616
    ETH->MACHTHR = machthr;
    1d72:	01642423          	sw	s6,8(s0)
c:\Users\WaspYL\Desktop\c-language-practice\MRS代码\CH32V307_TCP\obj/../NetLib/eth_driver_10M.c:617
    ETH->MACHTLR = machtlr;
    1d76:	01542623          	sw	s5,12(s0)
c:\Users\WaspYL\Desktop\c-language-practice\MRS代码\CH32V307_TCP\obj/../NetLib/eth_driver_10M.c:618
    ETH->MACFCR = macfcr;
    1d7a:	01442c23          	sw	s4,24(s0)
c:\Users\WaspYL\Desktop\c-language-practice\MRS代码\CH32V307_TCP\obj/../NetLib/eth_driver_10M.c:619
    ETH->MACVLANTR = macvlantr;
    1d7e:	01342e23          	sw	s3,28(s0)
c:\Users\WaspYL\Desktop\c-language-practice\MRS代码\CH32V307_TCP\obj/../NetLib/eth_driver_10M.c:620
    ETH->DMAOMR = dmaomr;
    1d82:	400297b7          	lui	a5,0x40029
    1d86:	0127ac23          	sw	s2,24(a5) # 40029018 <_eusrstack+0x20021018>
c:\Users\WaspYL\Desktop\c-language-practice\MRS代码\CH32V307_TCP\obj/../NetLib/eth_driver_10M.c:622
    ETH_Start( );
    1d8a:	8daff0ef          	jal	ra,e64 <ETH_Start>
c:\Users\WaspYL\Desktop\c-language-practice\MRS代码\CH32V307_TCP\obj/../NetLib/eth_driver_10M.c:624
    PHY_TR_REVERSE();
    1d8e:	209c                	lbu	a5,0(s1)
    1d90:	88418413          	addi	s0,gp,-1916 # 200000a4 <gPHYAddress>
    1d94:	e7b1                	bnez	a5,1de0 <ReInitMACReg+0x196>
c:\Users\WaspYL\Desktop\c-language-practice\MRS代码\CH32V307_TCP\obj/../NetLib/eth_driver_10M.c:628
        PHY_LINK_RESET();
    1d96:	200a                	lhu	a0,0(s0)
    1d98:	6621                	lui	a2,0x8
    1d9a:	4581                	li	a1,0
    1d9c:	fc3fe0ef          	jal	ra,d5e <ETH_WritePHYRegister>
    1da0:	88018f23          	sb	zero,-1890(gp) # 200000be <phySucCnt>
    1da4:	88018823          	sb	zero,-1904(gp) # 200000b0 <phyLinkCnt>
    1da8:	88018123          	sb	zero,-1918(gp) # 200000a2 <TRDetectStep>
    1dac:	200a                	lhu	a0,0(s0)
    1dae:	86018c23          	sb	zero,-1928(gp) # 20000098 <PhyPolarityDetect>
    1db2:	88018923          	sb	zero,-1902(gp) # 200000b2 <phyLinkStatus>
    1db6:	4721                	li	a4,8
    1db8:	4621                	li	a2,8
    1dba:	45f9                	li	a1,30
    1dbc:	00048023          	sb	zero,0(s1)
    1dc0:	80e18ea3          	sb	a4,-2019(gp) # 2000003d <phyPN>
    1dc4:	f9bfe0ef          	jal	ra,d5e <ETH_WritePHYRegister>
c:\Users\WaspYL\Desktop\c-language-practice\MRS代码\CH32V307_TCP\obj/../NetLib/eth_driver_10M.c:631
    ReInitMACFlag = 1;
    1dc8:	4705                	li	a4,1
    1dca:	88e18023          	sb	a4,-1920(gp) # 200000a0 <ReInitMACFlag>
c:\Users\WaspYL\Desktop\c-language-practice\MRS代码\CH32V307_TCP\obj/../NetLib/eth_driver_10M.c:632
    phyLinkTime = LocalTime;
    1dce:	8741a703          	lw	a4,-1932(gp) # 20000094 <LocalTime>
    1dd2:	88e1aa23          	sw	a4,-1900(gp) # 200000b4 <phyLinkTime>
c:\Users\WaspYL\Desktop\c-language-practice\MRS代码\CH32V307_TCP\obj/../NetLib/eth_driver_10M.c:633
}
    1dd6:	c26fe06f          	j	1fc <__riscv_restore_12>
c:\Users\WaspYL\Desktop\c-language-practice\MRS代码\CH32V307_TCP\obj/../NetLib/eth_driver_10M.c:570 (discriminator 3)
    PHY_TR_REVERSE();
    1dda:	00166613          	ori	a2,a2,1
    1dde:	bd45                	j	1c8e <ReInitMACReg+0x44>
c:\Users\WaspYL\Desktop\c-language-practice\MRS代码\CH32V307_TCP\obj/../NetLib/eth_driver_10M.c:624 (discriminator 1)
    PHY_TR_REVERSE();
    1de0:	200a                	lhu	a0,0(s0)
    1de2:	45f9                	li	a1,30
    1de4:	f23fe0ef          	jal	ra,d06 <ETH_ReadPHYRegister>
    1de8:	ffc57613          	andi	a2,a0,-4
    1dec:	0642                	slli	a2,a2,0x10
    1dee:	00157793          	andi	a5,a0,1
    1df2:	8241                	srli	a2,a2,0x10
    1df4:	cb91                	beqz	a5,1e08 <ReInitMACReg+0x1be>
c:\Users\WaspYL\Desktop\c-language-practice\MRS代码\CH32V307_TCP\obj/../NetLib/eth_driver_10M.c:624 (discriminator 2)
    1df6:	00266613          	ori	a2,a2,2
c:\Users\WaspYL\Desktop\c-language-practice\MRS代码\CH32V307_TCP\obj/../NetLib/eth_driver_10M.c:624 (discriminator 5)
    1dfa:	200a                	lhu	a0,0(s0)
    1dfc:	45f9                	li	a1,30
    1dfe:	f61fe0ef          	jal	ra,d5e <ETH_WritePHYRegister>
c:\Users\WaspYL\Desktop\c-language-practice\MRS代码\CH32V307_TCP\obj/../NetLib/eth_driver_10M.c:626 (discriminator 5)
    if(!phyStatus)
    1e02:	209c                	lbu	a5,0(s1)
    1e04:	f3f1                	bnez	a5,1dc8 <ReInitMACReg+0x17e>
    1e06:	bf41                	j	1d96 <ReInitMACReg+0x14c>
c:\Users\WaspYL\Desktop\c-language-practice\MRS代码\CH32V307_TCP\obj/../NetLib/eth_driver_10M.c:624 (discriminator 3)
    PHY_TR_REVERSE();
    1e08:	00166613          	ori	a2,a2,1
    1e0c:	b7fd                	j	1dfa <ReInitMACReg+0x1b0>

00001e0e <WCHNET_RecProcess>:
WCHNET_RecProcess():
c:\Users\WaspYL\Desktop\c-language-practice\MRS代码\CH32V307_TCP\obj/../NetLib/eth_driver_10M.c:154
    if(((ChipId & 0xf0) == 0x20) && \
    1e0e:	86c1a783          	lw	a5,-1940(gp) # 2000008c <ChipId>
    1e12:	02000713          	li	a4,32
    1e16:	0f07f793          	andi	a5,a5,240
    1e1a:	00e79f63          	bne	a5,a4,1e38 <WCHNET_RecProcess+0x2a>
c:\Users\WaspYL\Desktop\c-language-practice\MRS代码\CH32V307_TCP\obj/../NetLib/eth_driver_10M.c:155
            ((ETH->DMAMFBOCR & 0x1FFE0000) != 0))
    1e1e:	400297b7          	lui	a5,0x40029
    1e22:	539c                	lw	a5,32(a5)
    1e24:	1ffe0737          	lui	a4,0x1ffe0
    1e28:	8ff9                	and	a5,a5,a4
c:\Users\WaspYL\Desktop\c-language-practice\MRS代码\CH32V307_TCP\obj/../NetLib/eth_driver_10M.c:154
    if(((ChipId & 0xf0) == 0x20) && \
    1e2a:	c799                	beqz	a5,1e38 <WCHNET_RecProcess+0x2a>
c:\Users\WaspYL\Desktop\c-language-practice\MRS代码\CH32V307_TCP\obj/../NetLib/eth_driver_10M.c:153
{
    1e2c:	bc4fe2ef          	jal	t0,1f0 <__riscv_save_0>
c:\Users\WaspYL\Desktop\c-language-practice\MRS代码\CH32V307_TCP\obj/../NetLib/eth_driver_10M.c:157
        ReInitMACReg();
    1e30:	e1bff0ef          	jal	ra,1c4a <ReInitMACReg>
c:\Users\WaspYL\Desktop\c-language-practice\MRS代码\CH32V307_TCP\obj/../NetLib/eth_driver_10M.c:159
}
    1e34:	be0fe06f          	j	214 <__riscv_restore_0>
    1e38:	8082                	ret

00001e3a <WCHNET_MainTask>:
WCHNET_MainTask():
c:\Users\WaspYL\Desktop\c-language-practice\MRS代码\CH32V307_TCP\obj/../NetLib/eth_driver_10M.c:340
{
    1e3a:	bb6fe2ef          	jal	t0,1f0 <__riscv_save_0>
c:\Users\WaspYL\Desktop\c-language-practice\MRS代码\CH32V307_TCP\obj/../NetLib/eth_driver_10M.c:341
    WCHNET_NetInput( );                     /* Ethernet data input */
    1e3e:	250d                	jal	2460 <WCHNET_NetInput>
c:\Users\WaspYL\Desktop\c-language-practice\MRS代码\CH32V307_TCP\obj/../NetLib/eth_driver_10M.c:342
    WCHNET_PeriodicHandle( );               /* Protocol stack time-related task processing */
    1e40:	218d                	jal	22a2 <WCHNET_PeriodicHandle>
c:\Users\WaspYL\Desktop\c-language-practice\MRS代码\CH32V307_TCP\obj/../NetLib/eth_driver_10M.c:343
    WCHNET_HandlePhyNegotiation();
    1e42:	a23ff0ef          	jal	ra,1864 <WCHNET_HandlePhyNegotiation>
c:\Users\WaspYL\Desktop\c-language-practice\MRS代码\CH32V307_TCP\obj/../NetLib/eth_driver_10M.c:344
    WCHNET_RecProcess();
    1e46:	37e1                	jal	1e0e <WCHNET_RecProcess>
c:\Users\WaspYL\Desktop\c-language-practice\MRS代码\CH32V307_TCP\obj/../NetLib/eth_driver_10M.c:345
}
    1e48:	bccfe06f          	j	214 <__riscv_restore_0>

00001e4c <ETH_RegInit>:
ETH_RegInit():
c:\Users\WaspYL\Desktop\c-language-practice\MRS代码\CH32V307_TCP\obj/../NetLib/eth_driver_10M.c:646
{
    1e4c:	ba4fe2ef          	jal	t0,1f0 <__riscv_save_0>
c:\Users\WaspYL\Desktop\c-language-practice\MRS代码\CH32V307_TCP\obj/../NetLib/eth_driver_10M.c:648
    ETH->MACMIIAR = (uint32_t)ETH_MACMIIAR_CR_Div42;
    1e50:	40028737          	lui	a4,0x40028
    1e54:	00072823          	sw	zero,16(a4) # 40028010 <_eusrstack+0x20020010>
c:\Users\WaspYL\Desktop\c-language-practice\MRS代码\CH32V307_TCP\obj/../NetLib/eth_driver_10M.c:655
                  ETH_InitStruct->ETH_AutomaticPadCRCStrip |
    1e58:	4d54                	lw	a3,28(a0)
    1e5a:	415c                	lw	a5,4(a0)
c:\Users\WaspYL\Desktop\c-language-practice\MRS代码\CH32V307_TCP\obj/../NetLib/eth_driver_10M.c:646
{
    1e5c:	842e                	mv	s0,a1
c:\Users\WaspYL\Desktop\c-language-practice\MRS代码\CH32V307_TCP\obj/../NetLib/eth_driver_10M.c:686
    ETH_WritePHYRegister(PHYAddress, PHY_BCR, PHY_Reset);
    1e5e:	6621                	lui	a2,0x8
c:\Users\WaspYL\Desktop\c-language-practice\MRS代码\CH32V307_TCP\obj/../NetLib/eth_driver_10M.c:655
                  ETH_InitStruct->ETH_AutomaticPadCRCStrip |
    1e60:	8fd5                	or	a5,a5,a3
    1e62:	4514                	lw	a3,8(a0)
c:\Users\WaspYL\Desktop\c-language-practice\MRS代码\CH32V307_TCP\obj/../NetLib/eth_driver_10M.c:686
    ETH_WritePHYRegister(PHYAddress, PHY_BCR, PHY_Reset);
    1e64:	4581                	li	a1,0
c:\Users\WaspYL\Desktop\c-language-practice\MRS代码\CH32V307_TCP\obj/../NetLib/eth_driver_10M.c:655
                  ETH_InitStruct->ETH_AutomaticPadCRCStrip |
    1e66:	8fd5                	or	a5,a5,a3
    1e68:	4554                	lw	a3,12(a0)
    1e6a:	8fd5                	or	a5,a5,a3
    1e6c:	5154                	lw	a3,36(a0)
    1e6e:	8fd5                	or	a5,a5,a3
    1e70:	5554                	lw	a3,44(a0)
    1e72:	8fd5                	or	a5,a5,a3
c:\Users\WaspYL\Desktop\c-language-practice\MRS代码\CH32V307_TCP\obj/../NetLib/eth_driver_10M.c:651
    ETH->MACCR = (uint32_t)(ETH_InitStruct->ETH_Watchdog |
    1e74:	001006b7          	lui	a3,0x100
    1e78:	20068693          	addi	a3,a3,512 # 100200 <_data_lma+0xf6bcc>
    1e7c:	8fd5                	or	a5,a5,a3
    1e7e:	c31c                	sw	a5,0(a4)
c:\Users\WaspYL\Desktop\c-language-practice\MRS代码\CH32V307_TCP\obj/../NetLib/eth_driver_10M.c:660
    ETH->MACFFR = (uint32_t)(ETH_InitStruct->ETH_ReceiveAll |
    1e80:	5d54                	lw	a3,60(a0)
    1e82:	5d1c                	lw	a5,56(a0)
    1e84:	8fd5                	or	a5,a5,a3
c:\Users\WaspYL\Desktop\c-language-practice\MRS代码\CH32V307_TCP\obj/../NetLib/eth_driver_10M.c:661
                          ETH_InitStruct->ETH_SourceAddrFilter |
    1e86:	4134                	lw	a3,64(a0)
    1e88:	8fd5                	or	a5,a5,a3
c:\Users\WaspYL\Desktop\c-language-practice\MRS代码\CH32V307_TCP\obj/../NetLib/eth_driver_10M.c:662
                          ETH_InitStruct->ETH_PassControlFrames |
    1e8a:	4174                	lw	a3,68(a0)
    1e8c:	8fd5                	or	a5,a5,a3
c:\Users\WaspYL\Desktop\c-language-practice\MRS代码\CH32V307_TCP\obj/../NetLib/eth_driver_10M.c:663
                          ETH_InitStruct->ETH_BroadcastFramesReception |
    1e8e:	4534                	lw	a3,72(a0)
    1e90:	8fd5                	or	a5,a5,a3
c:\Users\WaspYL\Desktop\c-language-practice\MRS代码\CH32V307_TCP\obj/../NetLib/eth_driver_10M.c:664
                          ETH_InitStruct->ETH_DestinationAddrFilter |
    1e92:	4574                	lw	a3,76(a0)
    1e94:	8fd5                	or	a5,a5,a3
c:\Users\WaspYL\Desktop\c-language-practice\MRS代码\CH32V307_TCP\obj/../NetLib/eth_driver_10M.c:665
                          ETH_InitStruct->ETH_PromiscuousMode |
    1e96:	4934                	lw	a3,80(a0)
    1e98:	8fd5                	or	a5,a5,a3
c:\Users\WaspYL\Desktop\c-language-practice\MRS代码\CH32V307_TCP\obj/../NetLib/eth_driver_10M.c:666
                          ETH_InitStruct->ETH_MulticastFramesFilter |
    1e9a:	4974                	lw	a3,84(a0)
    1e9c:	8fd5                	or	a5,a5,a3
c:\Users\WaspYL\Desktop\c-language-practice\MRS代码\CH32V307_TCP\obj/../NetLib/eth_driver_10M.c:660
    ETH->MACFFR = (uint32_t)(ETH_InitStruct->ETH_ReceiveAll |
    1e9e:	c35c                	sw	a5,4(a4)
c:\Users\WaspYL\Desktop\c-language-practice\MRS代码\CH32V307_TCP\obj/../NetLib/eth_driver_10M.c:669
    ETH->MACHTHR = (uint32_t)ETH_InitStruct->ETH_HashTableHigh;
    1ea0:	4d3c                	lw	a5,88(a0)
    1ea2:	c71c                	sw	a5,8(a4)
c:\Users\WaspYL\Desktop\c-language-practice\MRS代码\CH32V307_TCP\obj/../NetLib/eth_driver_10M.c:670
    ETH->MACHTLR = (uint32_t)ETH_InitStruct->ETH_HashTableLow;
    1ea4:	4d7c                	lw	a5,92(a0)
    1ea6:	c75c                	sw	a5,12(a4)
c:\Users\WaspYL\Desktop\c-language-practice\MRS代码\CH32V307_TCP\obj/../NetLib/eth_driver_10M.c:674
                     ETH_InitStruct->ETH_ReceiveFlowControl |
    1ea8:	5934                	lw	a3,112(a0)
    1eaa:	557c                	lw	a5,108(a0)
    1eac:	8fd5                	or	a5,a5,a3
    1eae:	5974                	lw	a3,116(a0)
    1eb0:	8fd5                	or	a5,a5,a3
c:\Users\WaspYL\Desktop\c-language-practice\MRS代码\CH32V307_TCP\obj/../NetLib/eth_driver_10M.c:672
    ETH->MACFCR = (uint32_t)((ETH_InitStruct->ETH_PauseTime << 16) |
    1eb2:	5134                	lw	a3,96(a0)
    1eb4:	06c2                	slli	a3,a3,0x10
c:\Users\WaspYL\Desktop\c-language-practice\MRS代码\CH32V307_TCP\obj/../NetLib/eth_driver_10M.c:674
                     ETH_InitStruct->ETH_ReceiveFlowControl |
    1eb6:	8fd5                	or	a5,a5,a3
c:\Users\WaspYL\Desktop\c-language-practice\MRS代码\CH32V307_TCP\obj/../NetLib/eth_driver_10M.c:672
    ETH->MACFCR = (uint32_t)((ETH_InitStruct->ETH_PauseTime << 16) |
    1eb8:	cf1c                	sw	a5,24(a4)
c:\Users\WaspYL\Desktop\c-language-practice\MRS代码\CH32V307_TCP\obj/../NetLib/eth_driver_10M.c:677
    ETH->MACVLANTR = (uint32_t)(ETH_InitStruct->ETH_VLANTagComparison |
    1eba:	5d74                	lw	a3,124(a0)
    1ebc:	5d3c                	lw	a5,120(a0)
    1ebe:	8fd5                	or	a5,a5,a3
    1ec0:	cf5c                	sw	a5,28(a4)
c:\Users\WaspYL\Desktop\c-language-practice\MRS代码\CH32V307_TCP\obj/../NetLib/eth_driver_10M.c:680
    ETH->DMAOMR = (uint32_t)(ETH_InitStruct->ETH_DropTCPIPChecksumErrorFrame |
    1ec2:	08c52703          	lw	a4,140(a0)
    1ec6:	08052783          	lw	a5,128(a0)
    1eca:	8fd9                	or	a5,a5,a4
c:\Users\WaspYL\Desktop\c-language-practice\MRS代码\CH32V307_TCP\obj/../NetLib/eth_driver_10M.c:681
                    ETH_InitStruct->ETH_TransmitStoreForward |
    1ecc:	09452703          	lw	a4,148(a0)
    1ed0:	8fd9                	or	a5,a5,a4
c:\Users\WaspYL\Desktop\c-language-practice\MRS代码\CH32V307_TCP\obj/../NetLib/eth_driver_10M.c:682
                    ETH_InitStruct->ETH_ForwardErrorFrames |
    1ed2:	09852703          	lw	a4,152(a0)
c:\Users\WaspYL\Desktop\c-language-practice\MRS代码\CH32V307_TCP\obj/../NetLib/eth_driver_10M.c:686
    ETH_WritePHYRegister(PHYAddress, PHY_BCR, PHY_Reset);
    1ed6:	8522                	mv	a0,s0
c:\Users\WaspYL\Desktop\c-language-practice\MRS代码\CH32V307_TCP\obj/../NetLib/eth_driver_10M.c:682
                    ETH_InitStruct->ETH_ForwardErrorFrames |
    1ed8:	8fd9                	or	a5,a5,a4
c:\Users\WaspYL\Desktop\c-language-practice\MRS代码\CH32V307_TCP\obj/../NetLib/eth_driver_10M.c:680
    ETH->DMAOMR = (uint32_t)(ETH_InitStruct->ETH_DropTCPIPChecksumErrorFrame |
    1eda:	40029737          	lui	a4,0x40029
    1ede:	cf1c                	sw	a5,24(a4)
c:\Users\WaspYL\Desktop\c-language-practice\MRS代码\CH32V307_TCP\obj/../NetLib/eth_driver_10M.c:686
    ETH_WritePHYRegister(PHYAddress, PHY_BCR, PHY_Reset);
    1ee0:	e7ffe0ef          	jal	ra,d5e <ETH_WritePHYRegister>
c:\Users\WaspYL\Desktop\c-language-practice\MRS代码\CH32V307_TCP\obj/../NetLib/eth_driver_10M.c:687
    ETH_WritePHYRegister(PHYAddress, PHY_MDIX, PHY_PN_SWITCH_AUTO);
    1ee4:	4621                	li	a2,8
    1ee6:	45f9                	li	a1,30
    1ee8:	8522                	mv	a0,s0
    1eea:	e75fe0ef          	jal	ra,d5e <ETH_WritePHYRegister>
c:\Users\WaspYL\Desktop\c-language-practice\MRS代码\CH32V307_TCP\obj/../NetLib/eth_driver_10M.c:689
}
    1eee:	4505                	li	a0,1
    1ef0:	b24fe06f          	j	214 <__riscv_restore_0>

00001ef4 <ETH_Configuration>:
ETH_Configuration():
c:\Users\WaspYL\Desktop\c-language-practice\MRS代码\CH32V307_TCP\obj/../NetLib/eth_driver_10M.c:699
{
    1ef4:	ae2fe2ef          	jal	t0,1d6 <__riscv_save_4>
    1ef8:	7131                	addi	sp,sp,-192
c:\Users\WaspYL\Desktop\c-language-practice\MRS代码\CH32V307_TCP\obj/../NetLib/eth_driver_10M.c:704
    RCC_AHBPeriphClockCmd(RCC_AHBPeriph_ETH_MAC | \
    1efa:	4585                	li	a1,1
c:\Users\WaspYL\Desktop\c-language-practice\MRS代码\CH32V307_TCP\obj/../NetLib/eth_driver_10M.c:699
{
    1efc:	84aa                	mv	s1,a0
c:\Users\WaspYL\Desktop\c-language-practice\MRS代码\CH32V307_TCP\obj/../NetLib/eth_driver_10M.c:704
    RCC_AHBPeriphClockCmd(RCC_AHBPeriph_ETH_MAC | \
    1efe:	6571                	lui	a0,0x1c
    1f00:	a10ff0ef          	jal	ra,1110 <RCC_AHBPeriphClockCmd>
c:\Users\WaspYL\Desktop\c-language-practice\MRS代码\CH32V307_TCP\obj/../NetLib/eth_driver_10M.c:708
    gPHYAddress = PHY_ADDRESS;
    1f04:	4785                	li	a5,1
    1f06:	88f19223          	sh	a5,-1916(gp) # 200000a4 <gPHYAddress>
c:\Users\WaspYL\Desktop\c-language-practice\MRS代码\CH32V307_TCP\obj/../NetLib/eth_driver_10M.c:709
    ETH_SetClock( );
    1f0a:	b2fff0ef          	jal	ra,1a38 <ETH_SetClock>
c:\Users\WaspYL\Desktop\c-language-practice\MRS代码\CH32V307_TCP\obj/../NetLib/eth_driver_10M.c:712
    EXTEN->EXTEN_CTR |= EXTEN_ETH_10M_EN;    /* Enable 10M Ethernet physical layer   */
    1f0e:	40024737          	lui	a4,0x40024
    1f12:	80072783          	lw	a5,-2048(a4) # 40023800 <_eusrstack+0x2001b800>
c:\Users\WaspYL\Desktop\c-language-practice\MRS代码\CH32V307_TCP\obj/../NetLib/eth_driver_10M.c:718
    ETH_SoftwareReset();
    1f16:	6409                	lui	s0,0x2
    1f18:	71040413          	addi	s0,s0,1808 # 2710 <LwipTCPSendCallBack+0x32>
c:\Users\WaspYL\Desktop\c-language-practice\MRS代码\CH32V307_TCP\obj/../NetLib/eth_driver_10M.c:712
    EXTEN->EXTEN_CTR |= EXTEN_ETH_10M_EN;    /* Enable 10M Ethernet physical layer   */
    1f1c:	0047e793          	ori	a5,a5,4
    1f20:	80f72023          	sw	a5,-2048(a4)
c:\Users\WaspYL\Desktop\c-language-practice\MRS代码\CH32V307_TCP\obj/../NetLib/eth_driver_10M.c:715
    ETH_DeInit();
    1f24:	dcffe0ef          	jal	ra,cf2 <ETH_DeInit>
c:\Users\WaspYL\Desktop\c-language-practice\MRS代码\CH32V307_TCP\obj/../NetLib/eth_driver_10M.c:718
    ETH_SoftwareReset();
    1f28:	88418913          	addi	s2,gp,-1916 # 200000a4 <gPHYAddress>
    1f2c:	f13fe0ef          	jal	ra,e3e <ETH_SoftwareReset>
c:\Users\WaspYL\Desktop\c-language-practice\MRS代码\CH32V307_TCP\obj/../NetLib/eth_driver_10M.c:724
    }while(ETH->DMABMR & ETH_DMABMR_SR);
    1f30:	400299b7          	lui	s3,0x40029
c:\Users\WaspYL\Desktop\c-language-practice\MRS代码\CH32V307_TCP\obj/../NetLib/eth_driver_10M.c:722
        Delay_Us(10);
    1f34:	147d                	addi	s0,s0,-1
    1f36:	0442                	slli	s0,s0,0x10
    1f38:	4529                	li	a0,10
    1f3a:	8041                	srli	s0,s0,0x10
    1f3c:	2c81                	jal	218c <Delay_Us>
c:\Users\WaspYL\Desktop\c-language-practice\MRS代码\CH32V307_TCP\obj/../NetLib/eth_driver_10M.c:723
        if( !--timeout )  break;
    1f3e:	c409                	beqz	s0,1f48 <ETH_Configuration+0x54>
c:\Users\WaspYL\Desktop\c-language-practice\MRS代码\CH32V307_TCP\obj/../NetLib/eth_driver_10M.c:724
    }while(ETH->DMABMR & ETH_DMABMR_SR);
    1f40:	0009a783          	lw	a5,0(s3) # 40029000 <_eusrstack+0x20021000>
    1f44:	8b85                	andi	a5,a5,1
    1f46:	f7fd                	bnez	a5,1f34 <ETH_Configuration+0x40>
c:\Users\WaspYL\Desktop\c-language-practice\MRS代码\CH32V307_TCP\obj/../NetLib/eth_driver_10M.c:772
    ETH_RegInit( &ETH_InitStructure, gPHYAddress );
    1f48:	00095583          	lhu	a1,0(s2)
c:\Users\WaspYL\Desktop\c-language-practice\MRS代码\CH32V307_TCP\obj/../NetLib/eth_driver_10M.c:745
    ETH_InitStructure.ETH_PassControlFrames = ETH_PassControlFrames_BlockAll;
    1f4c:	04000793          	li	a5,64
c:\Users\WaspYL\Desktop\c-language-practice\MRS代码\CH32V307_TCP\obj/../NetLib/eth_driver_10M.c:767
    ETH_InitStructure.ETH_TransmitStoreForward = ETH_TransmitStoreForward_Enable;
    1f50:	00200437          	lui	s0,0x200
c:\Users\WaspYL\Desktop\c-language-practice\MRS代码\CH32V307_TCP\obj/../NetLib/eth_driver_10M.c:768
    ETH_InitStructure.ETH_ForwardErrorFrames = ETH_ForwardErrorFrames_Enable;
    1f54:	08000713          	li	a4,128
c:\Users\WaspYL\Desktop\c-language-practice\MRS代码\CH32V307_TCP\obj/../NetLib/eth_driver_10M.c:772
    ETH_RegInit( &ETH_InitStructure, gPHYAddress );
    1f58:	0048                	addi	a0,sp,4
c:\Users\WaspYL\Desktop\c-language-practice\MRS代码\CH32V307_TCP\obj/../NetLib/eth_driver_10M.c:745
    ETH_InitStructure.ETH_PassControlFrames = ETH_PassControlFrames_BlockAll;
    1f5a:	c2be                	sw	a5,68(sp)
c:\Users\WaspYL\Desktop\c-language-practice\MRS代码\CH32V307_TCP\obj/../NetLib/eth_driver_10M.c:767
    ETH_InitStructure.ETH_TransmitStoreForward = ETH_TransmitStoreForward_Enable;
    1f5c:	c922                	sw	s0,144(sp)
c:\Users\WaspYL\Desktop\c-language-practice\MRS代码\CH32V307_TCP\obj/../NetLib/eth_driver_10M.c:768
    ETH_InitStructure.ETH_ForwardErrorFrames = ETH_ForwardErrorFrames_Enable;
    1f5e:	cd3a                	sw	a4,152(sp)
c:\Users\WaspYL\Desktop\c-language-practice\MRS代码\CH32V307_TCP\obj/../NetLib/eth_driver_10M.c:769
    ETH_InitStructure.ETH_ForwardUndersizedGoodFrames = ETH_ForwardUndersizedGoodFrames_Enable;
    1f60:	cf3e                	sw	a5,156(sp)
c:\Users\WaspYL\Desktop\c-language-practice\MRS代码\CH32V307_TCP\obj/../NetLib/eth_driver_10M.c:728
    ETH_InitStructure.ETH_Watchdog = ETH_Watchdog_Enable;
    1f62:	c402                	sw	zero,8(sp)
c:\Users\WaspYL\Desktop\c-language-practice\MRS代码\CH32V307_TCP\obj/../NetLib/eth_driver_10M.c:729
    ETH_InitStructure.ETH_Jabber = ETH_Jabber_Enable;
    1f64:	c602                	sw	zero,12(sp)
c:\Users\WaspYL\Desktop\c-language-practice\MRS代码\CH32V307_TCP\obj/../NetLib/eth_driver_10M.c:730
    ETH_InitStructure.ETH_InterFrameGap = ETH_InterFrameGap_96Bit;
    1f66:	c802                	sw	zero,16(sp)
c:\Users\WaspYL\Desktop\c-language-practice\MRS代码\CH32V307_TCP\obj/../NetLib/eth_driver_10M.c:734
    ETH_InitStructure.ETH_ChecksumOffload = ETH_ChecksumOffload_Disable;
    1f68:	d402                	sw	zero,40(sp)
c:\Users\WaspYL\Desktop\c-language-practice\MRS代码\CH32V307_TCP\obj/../NetLib/eth_driver_10M.c:736
    ETH_InitStructure.ETH_AutomaticPadCRCStrip = ETH_AutomaticPadCRCStrip_Disable;
    1f6a:	d802                	sw	zero,48(sp)
c:\Users\WaspYL\Desktop\c-language-practice\MRS代码\CH32V307_TCP\obj/../NetLib/eth_driver_10M.c:737
    ETH_InitStructure.ETH_LoopbackMode = ETH_LoopbackMode_Disable;
    1f6c:	d002                	sw	zero,32(sp)
c:\Users\WaspYL\Desktop\c-language-practice\MRS代码\CH32V307_TCP\obj/../NetLib/eth_driver_10M.c:740
    ETH_InitStructure.ETH_ReceiveAll = ETH_ReceiveAll_Disable;
    1f6e:	de02                	sw	zero,60(sp)
c:\Users\WaspYL\Desktop\c-language-practice\MRS代码\CH32V307_TCP\obj/../NetLib/eth_driver_10M.c:741
    ETH_InitStructure.ETH_PromiscuousMode = ETH_PromiscuousMode_Disable;
    1f70:	c882                	sw	zero,80(sp)
c:\Users\WaspYL\Desktop\c-language-practice\MRS代码\CH32V307_TCP\obj/../NetLib/eth_driver_10M.c:742
    ETH_InitStructure.ETH_BroadcastFramesReception = ETH_BroadcastFramesReception_Enable;
    1f72:	c482                	sw	zero,72(sp)
c:\Users\WaspYL\Desktop\c-language-practice\MRS代码\CH32V307_TCP\obj/../NetLib/eth_driver_10M.c:743
    ETH_InitStructure.ETH_MulticastFramesFilter = ETH_MulticastFramesFilter_Perfect;
    1f74:	ca82                	sw	zero,84(sp)
c:\Users\WaspYL\Desktop\c-language-practice\MRS代码\CH32V307_TCP\obj/../NetLib/eth_driver_10M.c:744
    ETH_InitStructure.ETH_UnicastFramesFilter = ETH_UnicastFramesFilter_Perfect;
    1f76:	cc82                	sw	zero,88(sp)
c:\Users\WaspYL\Desktop\c-language-practice\MRS代码\CH32V307_TCP\obj/../NetLib/eth_driver_10M.c:746
    ETH_InitStructure.ETH_DestinationAddrFilter = ETH_DestinationAddrFilter_Normal;
    1f78:	c682                	sw	zero,76(sp)
c:\Users\WaspYL\Desktop\c-language-practice\MRS代码\CH32V307_TCP\obj/../NetLib/eth_driver_10M.c:747
    ETH_InitStructure.ETH_SourceAddrFilter = ETH_SourceAddrFilter_Disable;
    1f7a:	c082                	sw	zero,64(sp)
c:\Users\WaspYL\Desktop\c-language-practice\MRS代码\CH32V307_TCP\obj/../NetLib/eth_driver_10M.c:749
    ETH_InitStructure.ETH_HashTableHigh = 0x0;
    1f7c:	ce82                	sw	zero,92(sp)
c:\Users\WaspYL\Desktop\c-language-practice\MRS代码\CH32V307_TCP\obj/../NetLib/eth_driver_10M.c:750
    ETH_InitStructure.ETH_HashTableLow = 0x0;
    1f7e:	d082                	sw	zero,96(sp)
c:\Users\WaspYL\Desktop\c-language-practice\MRS代码\CH32V307_TCP\obj/../NetLib/eth_driver_10M.c:753
    ETH_InitStructure.ETH_VLANTagComparison = ETH_VLANTagComparison_16Bit;
    1f80:	de82                	sw	zero,124(sp)
c:\Users\WaspYL\Desktop\c-language-practice\MRS代码\CH32V307_TCP\obj/../NetLib/eth_driver_10M.c:754
    ETH_InitStructure.ETH_VLANTagIdentifier = 0x0;
    1f82:	c102                	sw	zero,128(sp)
c:\Users\WaspYL\Desktop\c-language-practice\MRS代码\CH32V307_TCP\obj/../NetLib/eth_driver_10M.c:757
    ETH_InitStructure.ETH_PauseTime = 0x0;
    1f84:	d282                	sw	zero,100(sp)
c:\Users\WaspYL\Desktop\c-language-practice\MRS代码\CH32V307_TCP\obj/../NetLib/eth_driver_10M.c:758
    ETH_InitStructure.ETH_UnicastPauseFrameDetect = ETH_UnicastPauseFrameDetect_Disable;
    1f86:	d882                	sw	zero,112(sp)
c:\Users\WaspYL\Desktop\c-language-practice\MRS代码\CH32V307_TCP\obj/../NetLib/eth_driver_10M.c:759
    ETH_InitStructure.ETH_ReceiveFlowControl = ETH_ReceiveFlowControl_Disable;
    1f88:	da82                	sw	zero,116(sp)
c:\Users\WaspYL\Desktop\c-language-practice\MRS代码\CH32V307_TCP\obj/../NetLib/eth_driver_10M.c:760
    ETH_InitStructure.ETH_TransmitFlowControl = ETH_TransmitFlowControl_Disable;
    1f8a:	dc82                	sw	zero,120(sp)
c:\Users\WaspYL\Desktop\c-language-practice\MRS代码\CH32V307_TCP\obj/../NetLib/eth_driver_10M.c:766
    ETH_InitStructure.ETH_DropTCPIPChecksumErrorFrame = ETH_DropTCPIPChecksumErrorFrame_Enable;
    1f8c:	c302                	sw	zero,132(sp)
c:\Users\WaspYL\Desktop\c-language-practice\MRS代码\CH32V307_TCP\obj/../NetLib/eth_driver_10M.c:772
    ETH_RegInit( &ETH_InitStructure, gPHYAddress );
    1f8e:	ebfff0ef          	jal	ra,1e4c <ETH_RegInit>
c:\Users\WaspYL\Desktop\c-language-practice\MRS代码\CH32V307_TCP\obj/../NetLib/eth_driver_10M.c:775
    ETH->MACA0HR = (uint32_t)((macAddr[5]<<8) | macAddr[4]);
    1f92:	30dc                	lbu	a5,5(s1)
    1f94:	20d8                	lbu	a4,4(s1)
    1f96:	400286b7          	lui	a3,0x40028
    1f9a:	07a2                	slli	a5,a5,0x8
    1f9c:	8fd9                	or	a5,a5,a4
    1f9e:	c2bc                	sw	a5,64(a3)
c:\Users\WaspYL\Desktop\c-language-practice\MRS代码\CH32V307_TCP\obj/../NetLib/eth_driver_10M.c:776
    ETH->MACA0LR = (uint32_t)(macAddr[0] | (macAddr[1]<<8) | (macAddr[2]<<16) | (macAddr[3]<<24));
    1fa0:	3098                	lbu	a4,1(s1)
    1fa2:	209c                	lbu	a5,0(s1)
c:\Users\WaspYL\Desktop\c-language-practice\MRS代码\CH32V307_TCP\obj/../NetLib/eth_driver_10M.c:784
    ETH_DMAITConfig(ETH_DMA_IT_NIS |\
    1fa4:	80018537          	lui	a0,0x80018
    1fa8:	0722                	slli	a4,a4,0x8
    1faa:	8f5d                	or	a4,a4,a5
    1fac:	20bc                	lbu	a5,2(s1)
    1fae:	4585                	li	a1,1
    1fb0:	0c150513          	addi	a0,a0,193 # 800180c1 <_eusrstack+0x600100c1>
    1fb4:	07c2                	slli	a5,a5,0x10
    1fb6:	8f5d                	or	a4,a4,a5
    1fb8:	30bc                	lbu	a5,3(s1)
    1fba:	07e2                	slli	a5,a5,0x18
    1fbc:	8fd9                	or	a5,a5,a4
c:\Users\WaspYL\Desktop\c-language-practice\MRS代码\CH32V307_TCP\obj/../NetLib/eth_driver_10M.c:776
    ETH->MACA0LR = (uint32_t)(macAddr[0] | (macAddr[1]<<8) | (macAddr[2]<<16) | (macAddr[3]<<24));
    1fbe:	c2fc                	sw	a5,68(a3)
c:\Users\WaspYL\Desktop\c-language-practice\MRS代码\CH32V307_TCP\obj/../NetLib/eth_driver_10M.c:782
    ETH->MMCRIMR = ETH_MMCRIMR_RGUFM | ETH_MMCRIMR_RFCEM;
    1fc0:	000207b7          	lui	a5,0x20
c:\Users\WaspYL\Desktop\c-language-practice\MRS代码\CH32V307_TCP\obj/../NetLib/eth_driver_10M.c:779
    ETH->MMCTIMR = ETH_MMCTIMR_TGFM;
    1fc4:	1086a823          	sw	s0,272(a3) # 40028110 <_eusrstack+0x20020110>
c:\Users\WaspYL\Desktop\c-language-practice\MRS代码\CH32V307_TCP\obj/../NetLib/eth_driver_10M.c:782
    ETH->MMCRIMR = ETH_MMCRIMR_RGUFM | ETH_MMCRIMR_RFCEM;
    1fc8:	02078793          	addi	a5,a5,32 # 20020 <_data_lma+0x169ec>
    1fcc:	10f6a623          	sw	a5,268(a3)
c:\Users\WaspYL\Desktop\c-language-practice\MRS代码\CH32V307_TCP\obj/../NetLib/eth_driver_10M.c:784
    ETH_DMAITConfig(ETH_DMA_IT_NIS |\
    1fd0:	ec7fe0ef          	jal	ra,e96 <ETH_DMAITConfig>
c:\Users\WaspYL\Desktop\c-language-practice\MRS代码\CH32V307_TCP\obj/../NetLib/eth_driver_10M.c:791
}
    1fd4:	6129                	addi	sp,sp,192
    1fd6:	a34fe06f          	j	20a <__riscv_restore_4>

00001fda <WCHNET_ETHIsr>:
WCHNET_ETHIsr():
c:\Users\WaspYL\Desktop\c-language-practice\MRS代码\CH32V307_TCP\obj/../NetLib/eth_driver_10M.c:846
 * @brief   Ethernet Interrupt Service Routine
 *
 * @return  none
 */
void WCHNET_ETHIsr(void)
{
    1fda:	a16fe2ef          	jal	t0,1f0 <__riscv_save_0>
c:\Users\WaspYL\Desktop\c-language-practice\MRS代码\CH32V307_TCP\obj/../NetLib/eth_driver_10M.c:849
    uint32_t int_sta;

    int_sta = ETH->DMASR;
    1fde:	400297b7          	lui	a5,0x40029
    1fe2:	4bc0                	lw	s0,20(a5)
c:\Users\WaspYL\Desktop\c-language-practice\MRS代码\CH32V307_TCP\obj/../NetLib/eth_driver_10M.c:850
    if (int_sta & ETH_DMA_IT_AIS)
    1fe4:	01041713          	slli	a4,s0,0x10
    1fe8:	02075a63          	bgez	a4,201c <WCHNET_ETHIsr+0x42>
c:\Users\WaspYL\Desktop\c-language-practice\MRS代码\CH32V307_TCP\obj/../NetLib/eth_driver_10M.c:852
    {
        if (int_sta & ETH_DMA_IT_RBU)
    1fec:	08047713          	andi	a4,s0,128
    1ff0:	c31d                	beqz	a4,2016 <WCHNET_ETHIsr+0x3c>
c:\Users\WaspYL\Desktop\c-language-practice\MRS代码\CH32V307_TCP\obj/../NetLib/eth_driver_10M.c:854
        {
            if((ChipId & 0xf0) == 0x10)
    1ff2:	86c1a703          	lw	a4,-1940(gp) # 2000008c <ChipId>
    1ff6:	46c1                	li	a3,16
    1ff8:	0f077713          	andi	a4,a4,240
    1ffc:	00d71963          	bne	a4,a3,200e <WCHNET_ETHIsr+0x34>
c:\Users\WaspYL\Desktop\c-language-practice\MRS代码\CH32V307_TCP\obj/../NetLib/eth_driver_10M.c:856
            {
                ((ETH_DMADESCTypeDef *)(((ETH_DMADESCTypeDef *)(ETH->DMACHRDR))->Buffer2NextDescAddr))->Status = ETH_DMARxDesc_OWN;
    2000:	47f8                	lw	a4,76(a5)
    2002:	800006b7          	lui	a3,0x80000
    2006:	4758                	lw	a4,12(a4)
    2008:	c314                	sw	a3,0(a4)
c:\Users\WaspYL\Desktop\c-language-practice\MRS代码\CH32V307_TCP\obj/../NetLib/eth_driver_10M.c:859

                /* Resume DMA reception */
                ETH->DMARPDR = 0;
    200a:	0007a423          	sw	zero,8(a5) # 40029008 <_eusrstack+0x20021008>
c:\Users\WaspYL\Desktop\c-language-practice\MRS代码\CH32V307_TCP\obj/../NetLib/eth_driver_10M.c:861
            }
            ETH_DMAClearITPendingBit(ETH_DMA_IT_RBU);
    200e:	08000513          	li	a0,128
    2012:	e3bfe0ef          	jal	ra,e4c <ETH_DMAClearITPendingBit>
c:\Users\WaspYL\Desktop\c-language-practice\MRS代码\CH32V307_TCP\obj/../NetLib/eth_driver_10M.c:863
        }
        ETH_DMAClearITPendingBit(ETH_DMA_IT_AIS);
    2016:	6521                	lui	a0,0x8
    2018:	e35fe0ef          	jal	ra,e4c <ETH_DMAClearITPendingBit>
c:\Users\WaspYL\Desktop\c-language-practice\MRS代码\CH32V307_TCP\obj/../NetLib/eth_driver_10M.c:866
    }

    if( int_sta & ETH_DMA_IT_NIS )
    201c:	00f41793          	slli	a5,s0,0xf
    2020:	0207da63          	bgez	a5,2054 <WCHNET_ETHIsr+0x7a>
c:\Users\WaspYL\Desktop\c-language-practice\MRS代码\CH32V307_TCP\obj/../NetLib/eth_driver_10M.c:868
    {
        if( int_sta & ETH_DMA_IT_R )
    2024:	04047793          	andi	a5,s0,64
    2028:	c789                	beqz	a5,2032 <WCHNET_ETHIsr+0x58>
c:\Users\WaspYL\Desktop\c-language-practice\MRS代码\CH32V307_TCP\obj/../NetLib/eth_driver_10M.c:872
        {
            /*If you don't use the Ethernet library,
             * you can do some data processing operations here*/
            ETH_DMAClearITPendingBit(ETH_DMA_IT_R);
    202a:	04000513          	li	a0,64
    202e:	e1ffe0ef          	jal	ra,e4c <ETH_DMAClearITPendingBit>
c:\Users\WaspYL\Desktop\c-language-practice\MRS代码\CH32V307_TCP\obj/../NetLib/eth_driver_10M.c:874
        }
        if( int_sta & ETH_DMA_IT_T )
    2032:	00147793          	andi	a5,s0,1
    2036:	c781                	beqz	a5,203e <WCHNET_ETHIsr+0x64>
c:\Users\WaspYL\Desktop\c-language-practice\MRS代码\CH32V307_TCP\obj/../NetLib/eth_driver_10M.c:876
        {
            ETH_DMAClearITPendingBit(ETH_DMA_IT_T);
    2038:	4505                	li	a0,1
    203a:	e13fe0ef          	jal	ra,e4c <ETH_DMAClearITPendingBit>
c:\Users\WaspYL\Desktop\c-language-practice\MRS代码\CH32V307_TCP\obj/../NetLib/eth_driver_10M.c:878
        }
        if( int_sta & ETH_DMA_IT_PHYLINK)
    203e:	00045863          	bgez	s0,204e <WCHNET_ETHIsr+0x74>
c:\Users\WaspYL\Desktop\c-language-practice\MRS代码\CH32V307_TCP\obj/../NetLib/eth_driver_10M.c:880
        {
            ETH_PHYLink( );
    2042:	a77ff0ef          	jal	ra,1ab8 <ETH_PHYLink>
c:\Users\WaspYL\Desktop\c-language-practice\MRS代码\CH32V307_TCP\obj/../NetLib/eth_driver_10M.c:881
            ETH_DMAClearITPendingBit(ETH_DMA_IT_PHYLINK);
    2046:	80000537          	lui	a0,0x80000
    204a:	e03fe0ef          	jal	ra,e4c <ETH_DMAClearITPendingBit>
c:\Users\WaspYL\Desktop\c-language-practice\MRS代码\CH32V307_TCP\obj/../NetLib/eth_driver_10M.c:883
        }
        ETH_DMAClearITPendingBit(ETH_DMA_IT_NIS);
    204e:	6541                	lui	a0,0x10
    2050:	dfdfe0ef          	jal	ra,e4c <ETH_DMAClearITPendingBit>
c:\Users\WaspYL\Desktop\c-language-practice\MRS代码\CH32V307_TCP\obj/../NetLib/eth_driver_10M.c:885
    }
}
    2054:	9c0fe06f          	j	214 <__riscv_restore_0>

00002058 <ETH_Init>:
ETH_Init():
c:\Users\WaspYL\Desktop\c-language-practice\MRS代码\CH32V307_TCP\obj/../NetLib/eth_driver_10M.c:895
 * @brief   Ethernet initialization.
 *
 * @return  none
 */
void ETH_Init( uint8_t *macAddr )
{
    2058:	998fe2ef          	jal	t0,1f0 <__riscv_save_0>
    205c:	842a                	mv	s0,a0
c:\Users\WaspYL\Desktop\c-language-practice\MRS代码\CH32V307_TCP\obj/../NetLib/eth_driver_10M.c:896
    Delay_Ms(100);
    205e:	06400513          	li	a0,100
    2062:	2285                	jal	21c2 <Delay_Ms>
c:\Users\WaspYL\Desktop\c-language-practice\MRS代码\CH32V307_TCP\obj/../NetLib/eth_driver_10M.c:897
    ChipId = DBGMCU_GetCHIPID();
    2064:	c85fe0ef          	jal	ra,ce8 <DBGMCU_GetCHIPID>
    2068:	86a1a623          	sw	a0,-1940(gp) # 2000008c <ChipId>
c:\Users\WaspYL\Desktop\c-language-practice\MRS代码\CH32V307_TCP\obj/../NetLib/eth_driver_10M.c:898
    ETH_LedConfiguration( );
    206c:	989ff0ef          	jal	ra,19f4 <ETH_LedConfiguration>
c:\Users\WaspYL\Desktop\c-language-practice\MRS代码\CH32V307_TCP\obj/../NetLib/eth_driver_10M.c:899
    RandVal = (macAddr[3]^macAddr[4]^macAddr[5]) * 214017 + 2531017;
    2070:	303c                	lbu	a5,3(s0)
    2072:	2058                	lbu	a4,4(s0)
c:\Users\WaspYL\Desktop\c-language-practice\MRS代码\CH32V307_TCP\obj/../NetLib/eth_driver_10M.c:900
    ETH_Configuration( macAddr );
    2074:	8522                	mv	a0,s0
c:\Users\WaspYL\Desktop\c-language-practice\MRS代码\CH32V307_TCP\obj/../NetLib/eth_driver_10M.c:899
    RandVal = (macAddr[3]^macAddr[4]^macAddr[5]) * 214017 + 2531017;
    2076:	8fb9                	xor	a5,a5,a4
    2078:	3058                	lbu	a4,5(s0)
    207a:	8fb9                	xor	a5,a5,a4
    207c:	00034737          	lui	a4,0x34
    2080:	40170713          	addi	a4,a4,1025 # 34401 <_data_lma+0x2adcd>
    2084:	02e787b3          	mul	a5,a5,a4
    2088:	0026a737          	lui	a4,0x26a
    208c:	ec970713          	addi	a4,a4,-311 # 269ec9 <_data_lma+0x260895>
    2090:	97ba                	add	a5,a5,a4
    2092:	86f1ae23          	sw	a5,-1924(gp) # 2000009c <RandVal>
c:\Users\WaspYL\Desktop\c-language-practice\MRS代码\CH32V307_TCP\obj/../NetLib/eth_driver_10M.c:900
    ETH_Configuration( macAddr );
    2096:	e5fff0ef          	jal	ra,1ef4 <ETH_Configuration>
c:\Users\WaspYL\Desktop\c-language-practice\MRS代码\CH32V307_TCP\obj/../NetLib/eth_driver_10M.c:901
    ETH_DMATxDescChainInit(DMATxDscrTab, MACTxBuf, ETH_TXBUFNB);
    209a:	200035b7          	lui	a1,0x20003
    209e:	52818413          	addi	s0,gp,1320 # 20000d48 <DMATxDscrTab>
    20a2:	4609                	li	a2,2
    20a4:	71458593          	addi	a1,a1,1812 # 20003714 <MACTxBuf>
    20a8:	52818513          	addi	a0,gp,1320 # 20000d48 <DMATxDscrTab>
    20ac:	d05fe0ef          	jal	ra,db0 <ETH_DMATxDescChainInit>
c:\Users\WaspYL\Desktop\c-language-practice\MRS代码\CH32V307_TCP\obj/../NetLib/eth_driver_10M.c:902
    ETH_DMARxDescChainInit(DMARxDscrTab, MACRxBuf, ETH_RXBUFNB);
    20b0:	200015b7          	lui	a1,0x20001
    20b4:	4b818493          	addi	s1,gp,1208 # 20000cd8 <DMARxDscrTab>
    20b8:	461d                	li	a2,7
    20ba:	d6858593          	addi	a1,a1,-664 # 20000d68 <MACRxBuf>
    20be:	4b818513          	addi	a0,gp,1208 # 20000cd8 <DMARxDscrTab>
    20c2:	d31fe0ef          	jal	ra,df2 <ETH_DMARxDescChainInit>
c:\Users\WaspYL\Desktop\c-language-practice\MRS代码\CH32V307_TCP\obj/../NetLib/eth_driver_10M.c:903
    pDMARxSet = DMARxDscrTab;
    20c6:	8891a423          	sw	s1,-1912(gp) # 200000a8 <pDMARxSet>
c:\Users\WaspYL\Desktop\c-language-practice\MRS代码\CH32V307_TCP\obj/../NetLib/eth_driver_10M.c:904
    pDMATxSet = DMATxDscrTab;
    20ca:	8881a623          	sw	s0,-1908(gp) # 200000ac <pDMATxSet>
NVIC_EnableIRQ():
c:/Users/WaspYL/Desktop/c-language-practice/MRS代码/CH32V307_TCP/Core/core_riscv.h:170
    20ce:	6709                	lui	a4,0x2
    20d0:	e000e7b7          	lui	a5,0xe000e
    20d4:	10e7a423          	sw	a4,264(a5) # e000e108 <_eusrstack+0xc0006108>
NVIC_SetPriority():
c:/Users/WaspYL/Desktop/c-language-practice/MRS代码/CH32V307_TCP/Core/core_riscv.h:286
  NVIC->IPRIOR[(uint32_t)(IRQn)] = priority;
    20d8:	440786a3          	sb	zero,1101(a5)
ETH_Init():
c:\Users\WaspYL\Desktop\c-language-practice\MRS代码\CH32V307_TCP\obj/../NetLib/eth_driver_10M.c:907
    NVIC_EnableIRQ(ETH_IRQn);
    NVIC_SetPriority(ETH_IRQn, 0);
}
    20dc:	938fe06f          	j	214 <__riscv_restore_0>

000020e0 <ETH_LibInit>:
ETH_LibInit():
c:\Users\WaspYL\Desktop\c-language-practice\MRS代码\CH32V307_TCP\obj/../NetLib/eth_driver_10M.c:917
 * @brief   Ethernet library initialization program
 *
 * @return  command status
 */
uint8_t ETH_LibInit( uint8_t *ip, uint8_t *gwip, uint8_t *mask, uint8_t *macaddr )
{
    20e0:	910fe2ef          	jal	t0,1f0 <__riscv_save_0>
    20e4:	7139                	addi	sp,sp,-64
c:\Users\WaspYL\Desktop\c-language-practice\MRS代码\CH32V307_TCP\obj/../NetLib/eth_driver_10M.c:922
    uint8_t s;
    struct _WCH_CFG  cfg;

    memset(&cfg,0,sizeof(cfg));
    cfg.TxBufSize = ETH_TX_BUF_SZE;
    20e6:	5f400793          	li	a5,1524
    20ea:	ca3e                	sw	a5,20(sp)
c:\Users\WaspYL\Desktop\c-language-practice\MRS代码\CH32V307_TCP\obj/../NetLib/eth_driver_10M.c:923
    cfg.TCPMss   = WCHNET_TCP_MSS;
    20ec:	5b400793          	li	a5,1460
    20f0:	cc3e                	sw	a5,24(sp)
c:\Users\WaspYL\Desktop\c-language-practice\MRS代码\CH32V307_TCP\obj/../NetLib/eth_driver_10M.c:924
    cfg.HeapSize = WCHNET_MEM_HEAP_SIZE;
    20f2:	6785                	lui	a5,0x1
    20f4:	26878793          	addi	a5,a5,616 # 1268 <TIM_TimeBaseInit+0x6c>
    20f8:	ce3e                	sw	a5,28(sp)
c:\Users\WaspYL\Desktop\c-language-practice\MRS代码\CH32V307_TCP\obj/../NetLib/eth_driver_10M.c:925
    cfg.ARPTableNum = WCHNET_NUM_ARP_TABLE;
    20fa:	03200793          	li	a5,50
    20fe:	d03e                	sw	a5,32(sp)
c:\Users\WaspYL\Desktop\c-language-practice\MRS代码\CH32V307_TCP\obj/../NetLib/eth_driver_10M.c:926
    cfg.MiscConfig0 = WCHNET_MISC_CONFIG0;
    2100:	10300793          	li	a5,259
    2104:	d23e                	sw	a5,36(sp)
c:\Users\WaspYL\Desktop\c-language-practice\MRS代码\CH32V307_TCP\obj/../NetLib/eth_driver_10M.c:927
    cfg.MiscConfig1 = WCHNET_MISC_CONFIG1;
    2106:	405527b7          	lui	a5,0x40552
    210a:	0785                	addi	a5,a5,1
    210c:	d43e                	sw	a5,40(sp)
c:\Users\WaspYL\Desktop\c-language-practice\MRS代码\CH32V307_TCP\obj/../NetLib/eth_driver_10M.c:928
    cfg.led_link = ETH_LedLinkSet;
    210e:	000017b7          	lui	a5,0x1
    2112:	44678793          	addi	a5,a5,1094 # 1446 <ETH_LedLinkSet>
    2116:	d63e                	sw	a5,44(sp)
c:\Users\WaspYL\Desktop\c-language-practice\MRS代码\CH32V307_TCP\obj/../NetLib/eth_driver_10M.c:929
    cfg.led_data = ETH_LedDataSet;
    2118:	000017b7          	lui	a5,0x1
    211c:	42478793          	addi	a5,a5,1060 # 1424 <ETH_LedDataSet>
    2120:	d83e                	sw	a5,48(sp)
c:\Users\WaspYL\Desktop\c-language-practice\MRS代码\CH32V307_TCP\obj/../NetLib/eth_driver_10M.c:930
    cfg.net_send = ETH_TxPktChainMode;
    2122:	000017b7          	lui	a5,0x1
    2126:	3e478793          	addi	a5,a5,996 # 13e4 <ETH_TxPktChainMode>
    212a:	da3e                	sw	a5,52(sp)
c:\Users\WaspYL\Desktop\c-language-practice\MRS代码\CH32V307_TCP\obj/../NetLib/eth_driver_10M.c:931
    cfg.CheckValid = WCHNET_CFG_VALID;
    212c:	123457b7          	lui	a5,0x12345
    2130:	67878793          	addi	a5,a5,1656 # 12345678 <_data_lma+0x1233c044>
c:\Users\WaspYL\Desktop\c-language-practice\MRS代码\CH32V307_TCP\obj/../NetLib/eth_driver_10M.c:917
{
    2134:	892a                	mv	s2,a0
c:\Users\WaspYL\Desktop\c-language-practice\MRS代码\CH32V307_TCP\obj/../NetLib/eth_driver_10M.c:932
    s = WCHNET_ConfigLIB(&cfg);
    2136:	0848                	addi	a0,sp,20
c:\Users\WaspYL\Desktop\c-language-practice\MRS代码\CH32V307_TCP\obj/../NetLib/eth_driver_10M.c:917
{
    2138:	c62e                	sw	a1,12(sp)
    213a:	c432                	sw	a2,8(sp)
    213c:	84b6                	mv	s1,a3
c:\Users\WaspYL\Desktop\c-language-practice\MRS代码\CH32V307_TCP\obj/../NetLib/eth_driver_10M.c:921
    memset(&cfg,0,sizeof(cfg));
    213e:	dc02                	sw	zero,56(sp)
c:\Users\WaspYL\Desktop\c-language-practice\MRS代码\CH32V307_TCP\obj/../NetLib/eth_driver_10M.c:931
    cfg.CheckValid = WCHNET_CFG_VALID;
    2140:	de3e                	sw	a5,60(sp)
c:\Users\WaspYL\Desktop\c-language-practice\MRS代码\CH32V307_TCP\obj/../NetLib/eth_driver_10M.c:932
    s = WCHNET_ConfigLIB(&cfg);
    2142:	1b9000ef          	jal	ra,2afa <WCHNET_ConfigLIB>
c:\Users\WaspYL\Desktop\c-language-practice\MRS代码\CH32V307_TCP\obj/../NetLib/eth_driver_10M.c:933
    if( s ){
    2146:	842a                	mv	s0,a0
    2148:	e919                	bnez	a0,215e <ETH_LibInit+0x7e>
c:\Users\WaspYL\Desktop\c-language-practice\MRS代码\CH32V307_TCP\obj/../NetLib/eth_driver_10M.c:936
       return (s);
    }
    s = WCHNET_Init(ip,gwip,mask,macaddr);
    214a:	4622                	lw	a2,8(sp)
    214c:	45b2                	lw	a1,12(sp)
    214e:	86a6                	mv	a3,s1
    2150:	854a                	mv	a0,s2
    2152:	0e7000ef          	jal	ra,2a38 <WCHNET_Init>
    2156:	842a                	mv	s0,a0
c:\Users\WaspYL\Desktop\c-language-practice\MRS代码\CH32V307_TCP\obj/../NetLib/eth_driver_10M.c:937
    ETH_Init( macaddr );
    2158:	8526                	mv	a0,s1
    215a:	effff0ef          	jal	ra,2058 <ETH_Init>
c:\Users\WaspYL\Desktop\c-language-practice\MRS代码\CH32V307_TCP\obj/../NetLib/eth_driver_10M.c:939
    return (s);
}
    215e:	8522                	mv	a0,s0
    2160:	6121                	addi	sp,sp,64
    2162:	8b2fe06f          	j	214 <__riscv_restore_0>

00002166 <Delay_Init>:
Delay_Init():
c:\Users\WaspYL\Desktop\c-language-practice\MRS代码\CH32V307_TCP\obj/../Debug/debug.c:30
 *
 * @return  none
 */
void Delay_Init(void)
{
    p_us = SystemCoreClock / 8000000;
    2166:	8141a783          	lw	a5,-2028(gp) # 20000034 <SystemCoreClock>
    216a:	007a1737          	lui	a4,0x7a1
    216e:	20070713          	addi	a4,a4,512 # 7a1200 <_data_lma+0x797bcc>
    2172:	02e7d7b3          	divu	a5,a5,a4
    2176:	0ff7f793          	andi	a5,a5,255
    217a:	8af18123          	sb	a5,-1886(gp) # 200000c2 <p_us>
c:\Users\WaspYL\Desktop\c-language-practice\MRS代码\CH32V307_TCP\obj/../Debug/debug.c:31
    p_ms = (uint16_t)p_us * 1000;
    217e:	3e800713          	li	a4,1000
    2182:	02e787b3          	mul	a5,a5,a4
    2186:	8af19023          	sh	a5,-1888(gp) # 200000c0 <p_ms>
c:\Users\WaspYL\Desktop\c-language-practice\MRS代码\CH32V307_TCP\obj/../Debug/debug.c:32
}
    218a:	8082                	ret

0000218c <Delay_Us>:
Delay_Us():
c:\Users\WaspYL\Desktop\c-language-practice\MRS代码\CH32V307_TCP\obj/../Debug/debug.c:47
 */
void Delay_Us(uint32_t n)
{
    uint32_t i;

    SysTick->SR &= ~(1 << 0);
    218c:	e000f7b7          	lui	a5,0xe000f
    2190:	43d8                	lw	a4,4(a5)
c:\Users\WaspYL\Desktop\c-language-practice\MRS代码\CH32V307_TCP\obj/../Debug/debug.c:50
    i = (uint32_t)n * p_us;

    SysTick->CMP = i;
    2192:	4681                	li	a3,0
c:\Users\WaspYL\Desktop\c-language-practice\MRS代码\CH32V307_TCP\obj/../Debug/debug.c:47
    SysTick->SR &= ~(1 << 0);
    2194:	9b79                	andi	a4,a4,-2
    2196:	c3d8                	sw	a4,4(a5)
c:\Users\WaspYL\Desktop\c-language-practice\MRS代码\CH32V307_TCP\obj/../Debug/debug.c:48
    i = (uint32_t)n * p_us;
    2198:	8a21c703          	lbu	a4,-1886(gp) # 200000c2 <p_us>
c:\Users\WaspYL\Desktop\c-language-practice\MRS代码\CH32V307_TCP\obj/../Debug/debug.c:50
    SysTick->CMP = i;
    219c:	02a70633          	mul	a2,a4,a0
    21a0:	cb90                	sw	a2,16(a5)
    21a2:	cbd4                	sw	a3,20(a5)
c:\Users\WaspYL\Desktop\c-language-practice\MRS代码\CH32V307_TCP\obj/../Debug/debug.c:51
    SysTick->CTLR |= (1 << 4);
    21a4:	4398                	lw	a4,0(a5)
    21a6:	01076713          	ori	a4,a4,16
    21aa:	c398                	sw	a4,0(a5)
c:\Users\WaspYL\Desktop\c-language-practice\MRS代码\CH32V307_TCP\obj/../Debug/debug.c:52
    SysTick->CTLR |= (1 << 5) | (1 << 0);
    21ac:	4398                	lw	a4,0(a5)
    21ae:	02176713          	ori	a4,a4,33
    21b2:	c398                	sw	a4,0(a5)
c:\Users\WaspYL\Desktop\c-language-practice\MRS代码\CH32V307_TCP\obj/../Debug/debug.c:54 (discriminator 1)

    while((SysTick->SR & (1 << 0)) != (1 << 0))
    21b4:	43d8                	lw	a4,4(a5)
    21b6:	8b05                	andi	a4,a4,1
    21b8:	df75                	beqz	a4,21b4 <Delay_Us+0x28>
c:\Users\WaspYL\Desktop\c-language-practice\MRS代码\CH32V307_TCP\obj/../Debug/debug.c:56
        ;
    SysTick->CTLR &= ~(1 << 0);
    21ba:	4398                	lw	a4,0(a5)
    21bc:	9b79                	andi	a4,a4,-2
    21be:	c398                	sw	a4,0(a5)
c:\Users\WaspYL\Desktop\c-language-practice\MRS代码\CH32V307_TCP\obj/../Debug/debug.c:57
}
    21c0:	8082                	ret

000021c2 <Delay_Ms>:
Delay_Ms():
c:\Users\WaspYL\Desktop\c-language-practice\MRS代码\CH32V307_TCP\obj/../Debug/debug.c:72
 */
void Delay_Ms(uint32_t n)
{
    uint32_t i;

    SysTick->SR &= ~(1 << 0);
    21c2:	e000f7b7          	lui	a5,0xe000f
    21c6:	43d8                	lw	a4,4(a5)
c:\Users\WaspYL\Desktop\c-language-practice\MRS代码\CH32V307_TCP\obj/../Debug/debug.c:75
    i = (uint32_t)n * p_ms;

    SysTick->CMP = i;
    21c8:	4681                	li	a3,0
c:\Users\WaspYL\Desktop\c-language-practice\MRS代码\CH32V307_TCP\obj/../Debug/debug.c:72
    SysTick->SR &= ~(1 << 0);
    21ca:	9b79                	andi	a4,a4,-2
    21cc:	c3d8                	sw	a4,4(a5)
c:\Users\WaspYL\Desktop\c-language-practice\MRS代码\CH32V307_TCP\obj/../Debug/debug.c:73
    i = (uint32_t)n * p_ms;
    21ce:	8a01d703          	lhu	a4,-1888(gp) # 200000c0 <p_ms>
c:\Users\WaspYL\Desktop\c-language-practice\MRS代码\CH32V307_TCP\obj/../Debug/debug.c:75
    SysTick->CMP = i;
    21d2:	02a70633          	mul	a2,a4,a0
    21d6:	cb90                	sw	a2,16(a5)
    21d8:	cbd4                	sw	a3,20(a5)
c:\Users\WaspYL\Desktop\c-language-practice\MRS代码\CH32V307_TCP\obj/../Debug/debug.c:76
    SysTick->CTLR |= (1 << 4);
    21da:	4398                	lw	a4,0(a5)
    21dc:	01076713          	ori	a4,a4,16
    21e0:	c398                	sw	a4,0(a5)
c:\Users\WaspYL\Desktop\c-language-practice\MRS代码\CH32V307_TCP\obj/../Debug/debug.c:77
    SysTick->CTLR |= (1 << 5) | (1 << 0);
    21e2:	4398                	lw	a4,0(a5)
    21e4:	02176713          	ori	a4,a4,33
    21e8:	c398                	sw	a4,0(a5)
c:\Users\WaspYL\Desktop\c-language-practice\MRS代码\CH32V307_TCP\obj/../Debug/debug.c:79 (discriminator 1)

    while((SysTick->SR & (1 << 0)) != (1 << 0))
    21ea:	43d8                	lw	a4,4(a5)
    21ec:	8b05                	andi	a4,a4,1
    21ee:	df75                	beqz	a4,21ea <Delay_Ms+0x28>
c:\Users\WaspYL\Desktop\c-language-practice\MRS代码\CH32V307_TCP\obj/../Debug/debug.c:81
        ;
    SysTick->CTLR &= ~(1 << 0);
    21f0:	4398                	lw	a4,0(a5)
    21f2:	9b79                	andi	a4,a4,-2
    21f4:	c398                	sw	a4,0(a5)
c:\Users\WaspYL\Desktop\c-language-practice\MRS代码\CH32V307_TCP\obj/../Debug/debug.c:82
}
    21f6:	8082                	ret

000021f8 <USART_Printf_Init>:
USART_Printf_Init():
c:\Users\WaspYL\Desktop\c-language-practice\MRS代码\CH32V307_TCP\obj/../Debug/debug.c:94
 * @param   baudrate - USART communication baud rate.
 *
 * @return  None
 */
void USART_Printf_Init(uint32_t baudrate)
{
    21f8:	ff9fd2ef          	jal	t0,1f0 <__riscv_save_0>
    21fc:	842a                	mv	s0,a0
c:\Users\WaspYL\Desktop\c-language-practice\MRS代码\CH32V307_TCP\obj/../Debug/debug.c:99
    GPIO_InitTypeDef  GPIO_InitStructure;
    USART_InitTypeDef USART_InitStructure;

#if(DEBUG == DEBUG_UART1)
    RCC_APB2PeriphClockCmd(RCC_APB2Periph_USART1 | RCC_APB2Periph_GPIOA, ENABLE);
    21fe:	6511                	lui	a0,0x4
c:\Users\WaspYL\Desktop\c-language-practice\MRS代码\CH32V307_TCP\obj/../Debug/debug.c:94
{
    2200:	1101                	addi	sp,sp,-32
c:\Users\WaspYL\Desktop\c-language-practice\MRS代码\CH32V307_TCP\obj/../Debug/debug.c:99
    RCC_APB2PeriphClockCmd(RCC_APB2Periph_USART1 | RCC_APB2Periph_GPIOA, ENABLE);
    2202:	4585                	li	a1,1
    2204:	0511                	addi	a0,a0,4
    2206:	f29fe0ef          	jal	ra,112e <RCC_APB2PeriphClockCmd>
c:\Users\WaspYL\Desktop\c-language-practice\MRS代码\CH32V307_TCP\obj/../Debug/debug.c:101

    GPIO_InitStructure.GPIO_Pin = GPIO_Pin_9;
    220a:	20000793          	li	a5,512
    220e:	827c                	sh	a5,4(sp)
c:\Users\WaspYL\Desktop\c-language-practice\MRS代码\CH32V307_TCP\obj/../Debug/debug.c:104
    GPIO_InitStructure.GPIO_Speed = GPIO_Speed_50MHz;
    GPIO_InitStructure.GPIO_Mode = GPIO_Mode_AF_PP;
    GPIO_Init(GPIOA, &GPIO_InitStructure);
    2210:	40011537          	lui	a0,0x40011
c:\Users\WaspYL\Desktop\c-language-practice\MRS代码\CH32V307_TCP\obj/../Debug/debug.c:102
    GPIO_InitStructure.GPIO_Speed = GPIO_Speed_50MHz;
    2214:	478d                	li	a5,3
    2216:	c43e                	sw	a5,8(sp)
c:\Users\WaspYL\Desktop\c-language-practice\MRS代码\CH32V307_TCP\obj/../Debug/debug.c:104
    GPIO_Init(GPIOA, &GPIO_InitStructure);
    2218:	004c                	addi	a1,sp,4
c:\Users\WaspYL\Desktop\c-language-practice\MRS代码\CH32V307_TCP\obj/../Debug/debug.c:103
    GPIO_InitStructure.GPIO_Mode = GPIO_Mode_AF_PP;
    221a:	47e1                	li	a5,24
c:\Users\WaspYL\Desktop\c-language-practice\MRS代码\CH32V307_TCP\obj/../Debug/debug.c:104
    GPIO_Init(GPIOA, &GPIO_InitStructure);
    221c:	80050513          	addi	a0,a0,-2048 # 40010800 <_eusrstack+0x20008800>
c:\Users\WaspYL\Desktop\c-language-practice\MRS代码\CH32V307_TCP\obj/../Debug/debug.c:103
    GPIO_InitStructure.GPIO_Mode = GPIO_Mode_AF_PP;
    2220:	c63e                	sw	a5,12(sp)
c:\Users\WaspYL\Desktop\c-language-practice\MRS代码\CH32V307_TCP\obj/../Debug/debug.c:104
    GPIO_Init(GPIOA, &GPIO_InitStructure);
    2222:	c9dfe0ef          	jal	ra,ebe <GPIO_Init>
c:\Users\WaspYL\Desktop\c-language-practice\MRS代码\CH32V307_TCP\obj/../Debug/debug.c:126
    GPIO_InitStructure.GPIO_Mode = GPIO_Mode_AF_PP;
    GPIO_Init(GPIOB, &GPIO_InitStructure);

#endif

    USART_InitStructure.USART_BaudRate = baudrate;
    2226:	c822                	sw	s0,16(sp)
c:\Users\WaspYL\Desktop\c-language-practice\MRS代码\CH32V307_TCP\obj/../Debug/debug.c:134
    USART_InitStructure.USART_Parity = USART_Parity_No;
    USART_InitStructure.USART_HardwareFlowControl = USART_HardwareFlowControl_None;
    USART_InitStructure.USART_Mode = USART_Mode_Tx;

#if(DEBUG == DEBUG_UART1)
    USART_Init(USART1, &USART_InitStructure);
    2228:	40014437          	lui	s0,0x40014
c:\Users\WaspYL\Desktop\c-language-practice\MRS代码\CH32V307_TCP\obj/../Debug/debug.c:129
    USART_InitStructure.USART_Parity = USART_Parity_No;
    222c:	000807b7          	lui	a5,0x80
c:\Users\WaspYL\Desktop\c-language-practice\MRS代码\CH32V307_TCP\obj/../Debug/debug.c:134
    USART_Init(USART1, &USART_InitStructure);
    2230:	080c                	addi	a1,sp,16
    2232:	80040513          	addi	a0,s0,-2048 # 40013800 <_eusrstack+0x2000b800>
c:\Users\WaspYL\Desktop\c-language-practice\MRS代码\CH32V307_TCP\obj/../Debug/debug.c:129
    USART_InitStructure.USART_Parity = USART_Parity_No;
    2236:	cc3e                	sw	a5,24(sp)
c:\Users\WaspYL\Desktop\c-language-practice\MRS代码\CH32V307_TCP\obj/../Debug/debug.c:127
    USART_InitStructure.USART_WordLength = USART_WordLength_8b;
    2238:	ca02                	sw	zero,20(sp)
c:\Users\WaspYL\Desktop\c-language-practice\MRS代码\CH32V307_TCP\obj/../Debug/debug.c:130
    USART_InitStructure.USART_HardwareFlowControl = USART_HardwareFlowControl_None;
    223a:	00011e23          	sh	zero,28(sp)
c:\Users\WaspYL\Desktop\c-language-practice\MRS代码\CH32V307_TCP\obj/../Debug/debug.c:134
    USART_Init(USART1, &USART_InitStructure);
    223e:	8e2ff0ef          	jal	ra,1320 <USART_Init>
c:\Users\WaspYL\Desktop\c-language-practice\MRS代码\CH32V307_TCP\obj/../Debug/debug.c:135
    USART_Cmd(USART1, ENABLE);
    2242:	4585                	li	a1,1
    2244:	80040513          	addi	a0,s0,-2048
    2248:	974ff0ef          	jal	ra,13bc <USART_Cmd>
c:\Users\WaspYL\Desktop\c-language-practice\MRS代码\CH32V307_TCP\obj/../Debug/debug.c:146
#elif(DEBUG == DEBUG_UART3)
    USART_Init(USART3, &USART_InitStructure);
    USART_Cmd(USART3, ENABLE);

#endif
}
    224c:	6105                	addi	sp,sp,32
    224e:	fc7fd06f          	j	214 <__riscv_restore_0>

00002252 <_write>:
_write():
c:\Users\WaspYL\Desktop\c-language-practice\MRS代码\CH32V307_TCP\obj/../Debug/debug.c:175
 *          size - Data length
 *
 * @return  size: Data length
 */
__attribute__((used)) int _write(int fd, char *buf, int size)
{
    2252:	f85fd2ef          	jal	t0,1d6 <__riscv_save_4>
c:\Users\WaspYL\Desktop\c-language-practice\MRS代码\CH32V307_TCP\obj/../Debug/debug.c:230
    
#else
    for(i = 0; i < size; i++)
    {
#if(DEBUG == DEBUG_UART1)
        while(USART_GetFlagStatus(USART1, USART_FLAG_TC) == RESET);
    2256:	400144b7          	lui	s1,0x40014
c:\Users\WaspYL\Desktop\c-language-practice\MRS代码\CH32V307_TCP\obj/../Debug/debug.c:175
{
    225a:	89ae                	mv	s3,a1
    225c:	8932                	mv	s2,a2
c:\Users\WaspYL\Desktop\c-language-practice\MRS代码\CH32V307_TCP\obj/../Debug/debug.c:227
    for(i = 0; i < size; i++)
    225e:	4401                	li	s0,0
c:\Users\WaspYL\Desktop\c-language-practice\MRS代码\CH32V307_TCP\obj/../Debug/debug.c:230
        while(USART_GetFlagStatus(USART1, USART_FLAG_TC) == RESET);
    2260:	80048493          	addi	s1,s1,-2048 # 40013800 <_eusrstack+0x2000b800>
c:\Users\WaspYL\Desktop\c-language-practice\MRS代码\CH32V307_TCP\obj/../Debug/debug.c:227 (discriminator 1)
    for(i = 0; i < size; i++)
    2264:	01244563          	blt	s0,s2,226e <_write+0x1c>
c:\Users\WaspYL\Desktop\c-language-practice\MRS代码\CH32V307_TCP\obj/../Debug/debug.c:242
        USART_SendData(USART3, *buf++);
#endif
    }
#endif
    return size;
}
    2268:	854a                	mv	a0,s2
    226a:	fa1fd06f          	j	20a <__riscv_restore_4>
c:\Users\WaspYL\Desktop\c-language-practice\MRS代码\CH32V307_TCP\obj/../Debug/debug.c:230 (discriminator 1)
        while(USART_GetFlagStatus(USART1, USART_FLAG_TC) == RESET);
    226e:	04000593          	li	a1,64
    2272:	8526                	mv	a0,s1
    2274:	966ff0ef          	jal	ra,13da <USART_GetFlagStatus>
    2278:	d97d                	beqz	a0,226e <_write+0x1c>
c:\Users\WaspYL\Desktop\c-language-practice\MRS代码\CH32V307_TCP\obj/../Debug/debug.c:231 (discriminator 2)
        USART_SendData(USART1, *buf++);
    227a:	008987b3          	add	a5,s3,s0
    227e:	00078583          	lb	a1,0(a5) # 80000 <_data_lma+0x769cc>
    2282:	8526                	mv	a0,s1
c:\Users\WaspYL\Desktop\c-language-practice\MRS代码\CH32V307_TCP\obj/../Debug/debug.c:227 (discriminator 2)
    for(i = 0; i < size; i++)
    2284:	0405                	addi	s0,s0,1
c:\Users\WaspYL\Desktop\c-language-practice\MRS代码\CH32V307_TCP\obj/../Debug/debug.c:231 (discriminator 2)
        USART_SendData(USART1, *buf++);
    2286:	05c2                	slli	a1,a1,0x10
    2288:	81c1                	srli	a1,a1,0x10
    228a:	948ff0ef          	jal	ra,13d2 <USART_SendData>
    228e:	bfd9                	j	2264 <_write+0x12>

00002290 <__get_MEPC>:
__get_MEPC():
c:\Users\WaspYL\Desktop\c-language-practice\MRS代码\CH32V307_TCP\obj/../Core/core_riscv.c:248
 */
uint32_t __get_MEPC(void)
{
  uint32_t result;

  __ASM volatile ( "csrr %0," "mepc" : "=r" (result) );
    2290:	34102573          	csrr	a0,mepc
c:\Users\WaspYL\Desktop\c-language-practice\MRS代码\CH32V307_TCP\obj/../Core/core_riscv.c:250
  return (result);
}
    2294:	8082                	ret

00002296 <__get_MCAUSE>:
__get_MCAUSE():
c:\Users\WaspYL\Desktop\c-language-practice\MRS代码\CH32V307_TCP\obj/../Core/core_riscv.c:275
 */
uint32_t __get_MCAUSE(void)
{
  uint32_t result;

  __ASM volatile ( "csrr %0," "mcause" : "=r" (result) );
    2296:	34202573          	csrr	a0,mcause
c:\Users\WaspYL\Desktop\c-language-practice\MRS代码\CH32V307_TCP\obj/../Core/core_riscv.c:277
  return (result);
}
    229a:	8082                	ret

0000229c <__get_MTVAL>:
__get_MTVAL():
c:\Users\WaspYL\Desktop\c-language-practice\MRS代码\CH32V307_TCP\obj/../Core/core_riscv.c:302
 */
uint32_t __get_MTVAL(void)
{
  uint32_t result;

  __ASM volatile ( "csrr %0," "mtval" : "=r" (result) );
    229c:	34302573          	csrr	a0,mtval
c:\Users\WaspYL\Desktop\c-language-practice\MRS代码\CH32V307_TCP\obj/../Core/core_riscv.c:304
  return (result);
}
    22a0:	8082                	ret

000022a2 <WCHNET_PeriodicHandle>:
WCHNET_PeriodicHandle():
    22a2:	f4ffd2ef          	jal	t0,1f0 <__riscv_save_0>
    22a6:	8741a783          	lw	a5,-1932(gp) # 20000094 <LocalTime>
    22aa:	1141                	addi	sp,sp,-16
    22ac:	c63e                	sw	a5,12(sp)
    22ae:	180010ef          	jal	ra,342e <WCHNET_GetPHYStatus>
    22b2:	8911                	andi	a0,a0,4
    22b4:	14050363          	beqz	a0,23fa <WCHNET_PeriodicHandle+0x158>
    22b8:	8bc18793          	addi	a5,gp,-1860 # 200000dc <TCPTimer>
    22bc:	4398                	lw	a4,0(a5)
    22be:	46b2                	lw	a3,12(sp)
    22c0:	8e99                	sub	a3,a3,a4
    22c2:	20007737          	lui	a4,0x20007
    22c6:	41872703          	lw	a4,1048(a4) # 20007418 <NetInf+0x1c>
    22ca:	8305                	srli	a4,a4,0x1
    22cc:	00d77663          	bgeu	a4,a3,22d8 <WCHNET_PeriodicHandle+0x36>
    22d0:	4732                	lw	a4,12(sp)
    22d2:	c398                	sw	a4,0(a5)
    22d4:	38d030ef          	jal	ra,5e60 <tcp_tmr>
    22d8:	72b030ef          	jal	ra,6202 <RemoveTimeWaiTCP>
    22dc:	8d81a783          	lw	a5,-1832(gp) # 200000f8 <tcpSendAckFlag>
    22e0:	c791                	beqz	a5,22ec <WCHNET_PeriodicHandle+0x4a>
    22e2:	3a1030ef          	jal	ra,5e82 <tcp_fastsendack>
    22e6:	e119                	bnez	a0,22ec <WCHNET_PeriodicHandle+0x4a>
    22e8:	8c01ac23          	sw	zero,-1832(gp) # 200000f8 <tcpSendAckFlag>
    22ec:	8b818493          	addi	s1,gp,-1864 # 200000d8 <IPFragTimer>
    22f0:	4098                	lw	a4,0(s1)
    22f2:	47b2                	lw	a5,12(sp)
    22f4:	8f99                	sub	a5,a5,a4
    22f6:	3e700713          	li	a4,999
    22fa:	00f77663          	bgeu	a4,a5,2306 <WCHNET_PeriodicHandle+0x64>
    22fe:	0f8020ef          	jal	ra,43f6 <ip_reass_tmr>
    2302:	47b2                	lw	a5,12(sp)
    2304:	c09c                	sw	a5,0(s1)
    2306:	8a418793          	addi	a5,gp,-1884 # 200000c4 <ARPTimer>
    230a:	4398                	lw	a4,0(a5)
    230c:	46b2                	lw	a3,12(sp)
    230e:	06400613          	li	a2,100
    2312:	8e99                	sub	a3,a3,a4
    2314:	8c91c703          	lbu	a4,-1847(gp) # 200000e9 <ARP_Retry_Period>
    2318:	02c70733          	mul	a4,a4,a2
    231c:	00e6e663          	bltu	a3,a4,2328 <WCHNET_PeriodicHandle+0x86>
    2320:	4732                	lw	a4,12(sp)
    2322:	c398                	sw	a4,0(a5)
    2324:	6dc010ef          	jal	ra,3a00 <etharp_tmr>
    2328:	200077b7          	lui	a5,0x20007
    232c:	3dc78793          	addi	a5,a5,988 # 200073dc <DNSInf>
    2330:	47d8                	lw	a4,12(a5)
    2332:	cf11                	beqz	a4,234e <WCHNET_PeriodicHandle+0xac>
    2334:	8b418713          	addi	a4,gp,-1868 # 200000d4 <DNSTimer>
    2338:	4310                	lw	a2,0(a4)
    233a:	46b2                	lw	a3,12(sp)
    233c:	8e91                	sub	a3,a3,a2
    233e:	3e700613          	li	a2,999
    2342:	00d67663          	bgeu	a2,a3,234e <WCHNET_PeriodicHandle+0xac>
    2346:	46b2                	lw	a3,12(sp)
    2348:	43dc                	lw	a5,4(a5)
    234a:	c314                	sw	a3,0(a4)
    234c:	9782                	jalr	a5
    234e:	200074b7          	lui	s1,0x20007
    2352:	3844a783          	lw	a5,900(s1) # 20007384 <DHCPCtrl>
    2356:	cba9                	beqz	a5,23a8 <WCHNET_PeriodicHandle+0x106>
    2358:	8b018713          	addi	a4,gp,-1872 # 200000d0 <DHCPfineTimer>
    235c:	431c                	lw	a5,0(a4)
    235e:	46b2                	lw	a3,12(sp)
    2360:	0fa00613          	li	a2,250
    2364:	8e9d                	sub	a3,a3,a5
    2366:	200077b7          	lui	a5,0x20007
    236a:	4547a783          	lw	a5,1108(a5) # 20007454 <WCHCfg+0x14>
    236e:	83ed                	srli	a5,a5,0x1b
    2370:	02c787b3          	mul	a5,a5,a2
    2374:	00f6e963          	bltu	a3,a5,2386 <WCHNET_PeriodicHandle+0xe4>
    2378:	47b2                	lw	a5,12(sp)
    237a:	c31c                	sw	a5,0(a4)
    237c:	38448793          	addi	a5,s1,900
    2380:	4b9c                	lw	a5,16(a5)
    2382:	c391                	beqz	a5,2386 <WCHNET_PeriodicHandle+0xe4>
    2384:	9782                	jalr	a5
    2386:	8ac18793          	addi	a5,gp,-1876 # 200000cc <DHCPcoarseTimer>
    238a:	4398                	lw	a4,0(a5)
    238c:	46b2                	lw	a3,12(sp)
    238e:	8e99                	sub	a3,a3,a4
    2390:	673d                	lui	a4,0xf
    2392:	a5f70713          	addi	a4,a4,-1441 # ea5f <_data_lma+0x542b>
    2396:	00d77963          	bgeu	a4,a3,23a8 <WCHNET_PeriodicHandle+0x106>
    239a:	4732                	lw	a4,12(sp)
    239c:	38448493          	addi	s1,s1,900
    23a0:	c398                	sw	a4,0(a5)
    23a2:	48dc                	lw	a5,20(s1)
    23a4:	c391                	beqz	a5,23a8 <WCHNET_PeriodicHandle+0x106>
    23a6:	9782                	jalr	a5
    23a8:	4532                	lw	a0,12(sp)
    23aa:	8a818493          	addi	s1,gp,-1880 # 200000c8 <ArpCheckTime>
    23ae:	2c7d                	jal	266c <IPCheckTmr>
    23b0:	409c                	lw	a5,0(s1)
    23b2:	4732                	lw	a4,12(sp)
    23b4:	8f1d                	sub	a4,a4,a5
    23b6:	67bd                	lui	a5,0xf
    23b8:	a5f78793          	addi	a5,a5,-1441 # ea5f <_data_lma+0x542b>
    23bc:	00e7f563          	bgeu	a5,a4,23c6 <WCHNET_PeriodicHandle+0x124>
    23c0:	2c95                	jal	2634 <SelIPARPSend>
    23c2:	47b2                	lw	a5,12(sp)
    23c4:	c09c                	sw	a5,0(s1)
    23c6:	8d41c703          	lbu	a4,-1836(gp) # 200000f4 <phydata>
    23ca:	84be                	mv	s1,a5
    23cc:	0ff77713          	andi	a4,a4,255
    23d0:	c70d                	beqz	a4,23fa <WCHNET_PeriodicHandle+0x158>
    23d2:	8d41c703          	lbu	a4,-1836(gp) # 200000f4 <phydata>
    23d6:	0c077713          	andi	a4,a4,192
    23da:	e31d                	bnez	a4,2400 <WCHNET_PeriodicHandle+0x15e>
    23dc:	200077b7          	lui	a5,0x20007
    23e0:	45c7a783          	lw	a5,1116(a5) # 2000745c <WCHCfg+0x1c>
    23e4:	c399                	beqz	a5,23ea <WCHNET_PeriodicHandle+0x148>
    23e6:	4505                	li	a0,1
    23e8:	9782                	jalr	a5
    23ea:	8741a703          	lw	a4,-1932(gp) # 20000094 <LocalTime>
    23ee:	8ce1a223          	sw	a4,-1852(gp) # 200000e4 <phydatatime>
    23f2:	04000793          	li	a5,64
    23f6:	8cf18a23          	sb	a5,-1836(gp) # 200000f4 <phydata>
    23fa:	0141                	addi	sp,sp,16
    23fc:	e19fd06f          	j	214 <__riscv_restore_0>
    2400:	8d41c703          	lbu	a4,-1836(gp) # 200000f4 <phydata>
    2404:	04077713          	andi	a4,a4,64
    2408:	cb15                	beqz	a4,243c <WCHNET_PeriodicHandle+0x19a>
    240a:	8c41a683          	lw	a3,-1852(gp) # 200000e4 <phydatatime>
    240e:	8741a703          	lw	a4,-1932(gp) # 20000094 <LocalTime>
    2412:	8c418913          	addi	s2,gp,-1852 # 200000e4 <phydatatime>
    2416:	8f15                	sub	a4,a4,a3
    2418:	06400693          	li	a3,100
    241c:	fce6ffe3          	bgeu	a3,a4,23fa <WCHNET_PeriodicHandle+0x158>
    2420:	200077b7          	lui	a5,0x20007
    2424:	45c7a783          	lw	a5,1116(a5) # 2000745c <WCHCfg+0x1c>
    2428:	c399                	beqz	a5,242e <WCHNET_PeriodicHandle+0x18c>
    242a:	4501                	li	a0,0
    242c:	9782                	jalr	a5
    242e:	8741a783          	lw	a5,-1932(gp) # 20000094 <LocalTime>
    2432:	00f92023          	sw	a5,0(s2)
    2436:	f8000793          	li	a5,-128
    243a:	bf75                	j	23f6 <WCHNET_PeriodicHandle+0x154>
    243c:	8d41c703          	lbu	a4,-1836(gp) # 200000f4 <phydata>
    2440:	0762                	slli	a4,a4,0x18
    2442:	8761                	srai	a4,a4,0x18
    2444:	fa075be3          	bgez	a4,23fa <WCHNET_PeriodicHandle+0x158>
    2448:	8c41a683          	lw	a3,-1852(gp) # 200000e4 <phydatatime>
    244c:	8741a703          	lw	a4,-1932(gp) # 20000094 <LocalTime>
    2450:	8f15                	sub	a4,a4,a3
    2452:	06400693          	li	a3,100
    2456:	fae6f2e3          	bgeu	a3,a4,23fa <WCHNET_PeriodicHandle+0x158>
    245a:	8c018a23          	sb	zero,-1836(gp) # 200000f4 <phydata>
    245e:	bf71                	j	23fa <WCHNET_PeriodicHandle+0x158>

00002460 <WCHNET_NetInput>:
WCHNET_NetInput():
    2460:	d91fd2ef          	jal	t0,1f0 <__riscv_save_0>
    2464:	20007537          	lui	a0,0x20007
    2468:	46c50513          	addi	a0,a0,1132 # 2000746c <WCHNetIf>
    246c:	199010ef          	jal	ra,3e04 <ethernetif_input>
    2470:	da5fd06f          	j	214 <__riscv_restore_0>

00002474 <WCHNET_PhyStatus>:
WCHNET_PhyStatus():
    2474:	d7dfd2ef          	jal	t0,1f0 <__riscv_save_0>
    2478:	200077b7          	lui	a5,0x20007
    247c:	3fc78793          	addi	a5,a5,1020 # 200073fc <NetInf>
    2480:	57d8                	lw	a4,44(a5)
    2482:	20007437          	lui	s0,0x20007
    2486:	d388                	sw	a0,32(a5)
    2488:	00476713          	ori	a4,a4,4
    248c:	d7d8                	sw	a4,44(a5)
    248e:	8911                	andi	a0,a0,4
    2490:	44040793          	addi	a5,s0,1088 # 20007440 <WCHCfg>
    2494:	4f9c                	lw	a5,24(a5)
    2496:	44040413          	addi	s0,s0,1088
    249a:	cd01                	beqz	a0,24b2 <WCHNET_PhyStatus+0x3e>
    249c:	c399                	beqz	a5,24a2 <WCHNET_PhyStatus+0x2e>
    249e:	4501                	li	a0,0
    24a0:	9782                	jalr	a5
    24a2:	4c5c                	lw	a5,28(s0)
    24a4:	c399                	beqz	a5,24aa <WCHNET_PhyStatus+0x36>
    24a6:	4501                	li	a0,0
    24a8:	9782                	jalr	a5
    24aa:	4505                	li	a0,1
    24ac:	22ad                	jal	2616 <IPCheckParaInit>
    24ae:	d67fd06f          	j	214 <__riscv_restore_0>
    24b2:	c399                	beqz	a5,24b8 <WCHNET_PhyStatus+0x44>
    24b4:	4505                	li	a0,1
    24b6:	9782                	jalr	a5
    24b8:	4c5c                	lw	a5,28(s0)
    24ba:	dbf5                	beqz	a5,24ae <WCHNET_PhyStatus+0x3a>
    24bc:	4505                	li	a0,1
    24be:	9782                	jalr	a5
    24c0:	b7fd                	j	24ae <WCHNET_PhyStatus+0x3a>

000024c2 <WCHNET_Rx>:
WCHNET_Rx():
    24c2:	8881a783          	lw	a5,-1912(gp) # 200000a8 <pDMARxSet>
    24c6:	00052023          	sw	zero,0(a0)
    24ca:	cb9d                	beqz	a5,2500 <WCHNET_Rx+0x3e>
    24cc:	4394                	lw	a3,0(a5)
    24ce:	0006db63          	bgez	a3,24e4 <WCHNET_Rx+0x22>
    24d2:	47d4                	lw	a3,12(a5)
    24d4:	4290                	lw	a2,0(a3)
    24d6:	02064563          	bltz	a2,2500 <WCHNET_Rx+0x3e>
    24da:	439c                	lw	a5,0(a5)
    24dc:	0007d463          	bgez	a5,24e4 <WCHNET_Rx+0x22>
    24e0:	88d1a423          	sw	a3,-1912(gp) # 200000a8 <pDMARxSet>
    24e4:	8881a783          	lw	a5,-1912(gp) # 200000a8 <pDMARxSet>
    24e8:	6591                	lui	a1,0x4
    24ea:	4601                	li	a2,0
    24ec:	15fd                	addi	a1,a1,-1
    24ee:	4835                	li	a6,13
    24f0:	800008b7          	lui	a7,0x80000
    24f4:	4394                	lw	a3,0(a5)
    24f6:	0006d763          	bgez	a3,2504 <WCHNET_Rx+0x42>
    24fa:	c219                	beqz	a2,2500 <WCHNET_Rx+0x3e>
    24fc:	88f1a423          	sw	a5,-1912(gp) # 200000a8 <pDMARxSet>
    2500:	4501                	li	a0,0
    2502:	8082                	ret
    2504:	4394                	lw	a3,0(a5)
    2506:	01069313          	slli	t1,a3,0x10
    250a:	04034263          	bltz	t1,254e <WCHNET_Rx+0x8c>
    250e:	4394                	lw	a3,0(a5)
    2510:	1006f693          	andi	a3,a3,256
    2514:	ce8d                	beqz	a3,254e <WCHNET_Rx+0x8c>
    2516:	4394                	lw	a3,0(a5)
    2518:	2006f693          	andi	a3,a3,512
    251c:	ca8d                	beqz	a3,254e <WCHNET_Rx+0x8c>
    251e:	4394                	lw	a3,0(a5)
    2520:	82c1                	srli	a3,a3,0x10
    2522:	8eed                	and	a3,a3,a1
    2524:	16f1                	addi	a3,a3,-4
    2526:	c114                	sw	a3,0(a0)
    2528:	02d87163          	bgeu	a6,a3,254a <WCHNET_Rx+0x88>
    252c:	4394                	lw	a3,0(a5)
    252e:	0206f693          	andi	a3,a3,32
    2532:	ea81                	bnez	a3,2542 <WCHNET_Rx+0x80>
    2534:	c219                	beqz	a2,253a <WCHNET_Rx+0x78>
    2536:	88f1a423          	sw	a5,-1912(gp) # 200000a8 <pDMARxSet>
    253a:	479c                	lw	a5,8(a5)
    253c:	c15c                	sw	a5,4(a0)
    253e:	4505                	li	a0,1
    2540:	8082                	ret
    2542:	4394                	lw	a3,0(a5)
    2544:	0816f693          	andi	a3,a3,129
    2548:	d6f5                	beqz	a3,2534 <WCHNET_Rx+0x72>
    254a:	00052023          	sw	zero,0(a0)
    254e:	0117a023          	sw	a7,0(a5)
    2552:	4605                	li	a2,1
    2554:	47dc                	lw	a5,12(a5)
    2556:	bf79                	j	24f4 <WCHNET_Rx+0x32>

00002558 <setRxBuffAddr>:
setRxBuffAddr():
    2558:	8881a703          	lw	a4,-1912(gp) # 200000a8 <pDMARxSet>
    255c:	800006b7          	lui	a3,0x80000
    2560:	c314                	sw	a3,0(a4)
    2562:	4758                	lw	a4,12(a4)
    2564:	88e1a423          	sw	a4,-1912(gp) # 200000a8 <pDMARxSet>
    2568:	8082                	ret

0000256a <WCHNET_Tx>:
WCHNET_Tx():
    256a:	c87fd2ef          	jal	t0,1f0 <__riscv_save_0>
    256e:	8d41c783          	lbu	a5,-1836(gp) # 200000f4 <phydata>
    2572:	0ff7f793          	andi	a5,a5,255
    2576:	e781                	bnez	a5,257e <WCHNET_Tx+0x14>
    2578:	4785                	li	a5,1
    257a:	8cf18a23          	sb	a5,-1836(gp) # 200000f4 <phydata>
    257e:	8741a703          	lw	a4,-1932(gp) # 20000094 <LocalTime>
    2582:	8c018793          	addi	a5,gp,-1856 # 200000e0 <TxTimer>
    2586:	cb09                	beqz	a4,2598 <WCHNET_Tx+0x2e>
    2588:	c398                	sw	a4,0(a5)
    258a:	200077b7          	lui	a5,0x20007
    258e:	4607a783          	lw	a5,1120(a5) # 20007460 <WCHCfg+0x20>
    2592:	9782                	jalr	a5
    2594:	c81fd06f          	j	214 <__riscv_restore_0>
    2598:	4705                	li	a4,1
    259a:	b7fd                	j	2588 <WCHNET_Tx+0x1e>

0000259c <GetChipID>:
GetChipID():
    259c:	1ffff7b7          	lui	a5,0x1ffff
    25a0:	7067d503          	lhu	a0,1798(a5) # 1ffff706 <_data_lma+0x1fff60d2>
    25a4:	0f057513          	andi	a0,a0,240
    25a8:	8082                	ret

000025aa <getTxBuffAddr>:
getTxBuffAddr():
    25aa:	c47fd2ef          	jal	t0,1f0 <__riscv_save_0>
    25ae:	200077b7          	lui	a5,0x20007
    25b2:	4607a783          	lw	a5,1120(a5) # 20007460 <WCHCfg+0x20>
    25b6:	4901                	li	s2,0
    25b8:	c7b9                	beqz	a5,2606 <getTxBuffAddr+0x5c>
    25ba:	8681a483          	lw	s1,-1944(gp) # 20000088 <DMATxDescToSet>
    25be:	c4a1                	beqz	s1,2606 <getTxBuffAddr+0x5c>
    25c0:	409c                	lw	a5,0(s1)
    25c2:	0084a903          	lw	s2,8(s1)
    25c6:	8c018413          	addi	s0,gp,-1856 # 200000e0 <TxTimer>
    25ca:	0207dc63          	bgez	a5,2602 <getTxBuffAddr+0x58>
    25ce:	fcfff0ef          	jal	ra,259c <GetChipID>
    25d2:	4014                	lw	a3,0(s0)
    25d4:	4781                	li	a5,0
    25d6:	08000613          	li	a2,128
    25da:	06300813          	li	a6,99
    25de:	68a1                	lui	a7,0x8
    25e0:	03000313          	li	t1,48
    25e4:	00c50463          	beq	a0,a2,25ec <getTxBuffAddr+0x42>
    25e8:	02651263          	bne	a0,t1,260c <getTxBuffAddr+0x62>
    25ec:	8741a703          	lw	a4,-1932(gp) # 20000094 <LocalTime>
    25f0:	8f15                	sub	a4,a4,a3
    25f2:	00e86463          	bltu	a6,a4,25fa <getTxBuffAddr+0x50>
    25f6:	00f8fb63          	bgeu	a7,a5,260c <getTxBuffAddr+0x62>
    25fa:	409c                	lw	a5,0(s1)
    25fc:	0786                	slli	a5,a5,0x1
    25fe:	8385                	srli	a5,a5,0x1
    2600:	c09c                	sw	a5,0(s1)
    2602:	00042023          	sw	zero,0(s0)
    2606:	854a                	mv	a0,s2
    2608:	c0dfd06f          	j	214 <__riscv_restore_0>
    260c:	4098                	lw	a4,0(s1)
    260e:	fe075ae3          	bgez	a4,2602 <getTxBuffAddr+0x58>
    2612:	0785                	addi	a5,a5,1
    2614:	bfc1                	j	25e4 <getTxBuffAddr+0x3a>

00002616 <IPCheckParaInit>:
IPCheckParaInit():
    2616:	8741a703          	lw	a4,-1932(gp) # 20000094 <LocalTime>
    261a:	200077b7          	lui	a5,0x20007
    261e:	37878793          	addi	a5,a5,888 # 20007378 <SelARP>
    2622:	a388                	sb	a0,0(a5)
    2624:	00079123          	sh	zero,2(a5)
    2628:	00079223          	sh	zero,4(a5)
    262c:	c798                	sw	a4,8(a5)
    262e:	000780a3          	sb	zero,1(a5)
    2632:	8082                	ret

00002634 <SelIPARPSend>:
SelIPARPSend():
    2634:	bbdfd2ef          	jal	t0,1f0 <__riscv_save_0>
    2638:	200074b7          	lui	s1,0x20007
    263c:	46c48413          	addi	s0,s1,1132 # 2000746c <WCHNetIf>
    2640:	405c                	lw	a5,4(s0)
    2642:	1141                	addi	sp,sp,-16
    2644:	006c                	addi	a1,sp,12
    2646:	46c48513          	addi	a0,s1,1132
    264a:	c63e                	sw	a5,12(sp)
    264c:	00042223          	sw	zero,4(s0)
    2650:	2e2010ef          	jal	ra,3932 <etharp_request>
    2654:	47b2                	lw	a5,12(sp)
    2656:	006c                	addi	a1,sp,12
    2658:	46c48513          	addi	a0,s1,1132
    265c:	c05c                	sw	a5,4(s0)
    265e:	445c                	lw	a5,12(s0)
    2660:	c63e                	sw	a5,12(sp)
    2662:	2d0010ef          	jal	ra,3932 <etharp_request>
    2666:	0141                	addi	sp,sp,16
    2668:	badfd06f          	j	214 <__riscv_restore_0>

0000266c <IPCheckTmr>:
IPCheckTmr():
    266c:	200077b7          	lui	a5,0x20007
    2670:	37878793          	addi	a5,a5,888 # 20007378 <SelARP>
    2674:	2398                	lbu	a4,0(a5)
    2676:	e319                	bnez	a4,267c <IPCheckTmr+0x10>
    2678:	c788                	sw	a0,8(a5)
    267a:	8082                	ret
    267c:	4798                	lw	a4,8(a5)
    267e:	3e700693          	li	a3,999
    2682:	40e50733          	sub	a4,a0,a4
    2686:	02e6f363          	bgeu	a3,a4,26ac <IPCheckTmr+0x40>
    268a:	b67fd2ef          	jal	t0,1f0 <__riscv_save_0>
    268e:	23ba                	lhu	a4,2(a5)
    2690:	c788                	sw	a0,8(a5)
    2692:	4691                	li	a3,4
    2694:	00e6f763          	bgeu	a3,a4,26a2 <IPCheckTmr+0x36>
    2698:	4501                	li	a0,0
    269a:	f7dff0ef          	jal	ra,2616 <IPCheckParaInit>
    269e:	b77fd06f          	j	214 <__riscv_restore_0>
    26a2:	0705                	addi	a4,a4,1
    26a4:	a3ba                	sh	a4,2(a5)
    26a6:	f8fff0ef          	jal	ra,2634 <SelIPARPSend>
    26aa:	bfd5                	j	269e <IPCheckTmr+0x32>
    26ac:	8082                	ret

000026ae <IPConflictHandle>:
IPConflictHandle():
    26ae:	b43fd2ef          	jal	t0,1f0 <__riscv_save_0>
    26b2:	842a                	mv	s0,a0
    26b4:	4501                	li	a0,0
    26b6:	f61ff0ef          	jal	ra,2616 <IPCheckParaInit>
    26ba:	200077b7          	lui	a5,0x20007
    26be:	37878793          	addi	a5,a5,888 # 20007378 <SelARP>
    26c2:	c811                	beqz	s0,26d6 <IPConflictHandle+0x28>
    26c4:	4705                	li	a4,1
    26c6:	b398                	sb	a4,1(a5)
    26c8:	200077b7          	lui	a5,0x20007
    26cc:	4709                	li	a4,2
    26ce:	42e7a423          	sw	a4,1064(a5) # 20007428 <NetInf+0x2c>
    26d2:	b43fd06f          	j	214 <__riscv_restore_0>
    26d6:	000780a3          	sb	zero,1(a5)
    26da:	bfe5                	j	26d2 <IPConflictHandle+0x24>

000026dc <NET_TCPError>:
NET_TCPError():
    26dc:	8082                	ret

000026de <LwipTCPSendCallBack>:
LwipTCPSendCallBack():
    26de:	03852803          	lw	a6,56(a0)
    26e2:	02080b63          	beqz	a6,2718 <LwipTCPSendCallBack+0x3a>
    26e6:	b0bfd2ef          	jal	t0,1f0 <__riscv_save_0>
    26ea:	5dfc                	lw	a5,124(a1)
    26ec:	4701                	li	a4,0
    26ee:	c791                	beqz	a5,26fa <LwipTCPSendCallBack+0x1c>
    26f0:	0705                	addi	a4,a4,1
    26f2:	0742                	slli	a4,a4,0x10
    26f4:	8341                	srli	a4,a4,0x10
    26f6:	439c                	lw	a5,0(a5)
    26f8:	bfdd                	j	26ee <LwipTCPSendCallBack+0x10>
    26fa:	0805a783          	lw	a5,128(a1) # 4080 <ip_input+0xfe>
    26fe:	c791                	beqz	a5,270a <LwipTCPSendCallBack+0x2c>
    2700:	0705                	addi	a4,a4,1
    2702:	0742                	slli	a4,a4,0x10
    2704:	8341                	srli	a4,a4,0x10
    2706:	439c                	lw	a5,0(a5)
    2708:	bfdd                	j	26fe <LwipTCPSendCallBack+0x20>
    270a:	4681                	li	a3,0
    270c:	4601                	li	a2,0
    270e:	4581                	li	a1,0
    2710:	9802                	jalr	a6
    2712:	4501                	li	a0,0
    2714:	b01fd06f          	j	214 <__riscv_restore_0>
    2718:	4501                	li	a0,0
    271a:	8082                	ret

0000271c <LwipTCPPollCallBack>:
LwipTCPPollCallBack():
    271c:	4501                	li	a0,0
    271e:	8082                	ret

00002720 <SocketIPRAWReceive>:
SocketIPRAWReceive():
    2720:	aa9fd2ef          	jal	t0,1c8 <__riscv_save_10>
    2724:	425c                	lw	a5,4(a2)
    2726:	00852a03          	lw	s4,8(a0)
    272a:	00c52903          	lw	s2,12(a0)
    272e:	4900                	lw	s0,16(a0)
    2730:	84aa                	mv	s1,a0
    2732:	2388                	lbu	a0,0(a5)
    2734:	339c                	lbu	a5,1(a5)
    2736:	89b2                	mv	s3,a2
    2738:	07a2                	slli	a5,a5,0x8
    273a:	8d5d                	or	a0,a0,a5
    273c:	7bc010ef          	jal	ra,3ef8 <ntohs>
    2740:	00655593          	srli	a1,a0,0x6
    2744:	03c5f593          	andi	a1,a1,60
    2748:	40b005b3          	neg	a1,a1
    274c:	854e                	mv	a0,s3
    274e:	32b020ef          	jal	ra,5278 <pbuf_header>
    2752:	e559                	bnez	a0,27e0 <SocketIPRAWReceive+0xc0>
    2754:	44dc                	lw	a5,12(s1)
    2756:	4c98                	lw	a4,24(s1)
    2758:	0089db03          	lhu	s6,8(s3)
    275c:	8f99                	sub	a5,a5,a4
    275e:	0167e463          	bltu	a5,s6,2766 <SocketIPRAWReceive+0x46>
    2762:	000b1863          	bnez	s6,2772 <SocketIPRAWReceive+0x52>
    2766:	854e                	mv	a0,s3
    2768:	37f020ef          	jal	ra,52e6 <pbuf_free>
    276c:	4505                	li	a0,1
    276e:	a93fd06f          	j	200 <__riscv_restore_10>
    2772:	9a4a                	add	s4,s4,s2
    2774:	894e                	mv	s2,s3
    2776:	00a95603          	lhu	a2,10(s2)
    277a:	408a0ab3          	sub	s5,s4,s0
    277e:	00492b83          	lw	s7,4(s2)
    2782:	04caf463          	bgeu	s5,a2,27ca <SocketIPRAWReceive+0xaa>
    2786:	8656                	mv	a2,s5
    2788:	85de                	mv	a1,s7
    278a:	8522                	mv	a0,s0
    278c:	373060ef          	jal	ra,92fe <memcpy>
    2790:	00a95783          	lhu	a5,10(s2)
    2794:	4498                	lw	a4,8(s1)
    2796:	41440433          	sub	s0,s0,s4
    279a:	943e                	add	s0,s0,a5
    279c:	8622                	mv	a2,s0
    279e:	015b85b3          	add	a1,s7,s5
    27a2:	853a                	mv	a0,a4
    27a4:	35b060ef          	jal	ra,92fe <memcpy>
    27a8:	942a                	add	s0,s0,a0
    27aa:	00092903          	lw	s2,0(s2)
    27ae:	fc0914e3          	bnez	s2,2776 <SocketIPRAWReceive+0x56>
    27b2:	854e                	mv	a0,s3
    27b4:	333020ef          	jal	ra,52e6 <pbuf_free>
    27b8:	4c9c                	lw	a5,24(s1)
    27ba:	c880                	sw	s0,16(s1)
    27bc:	97da                	add	a5,a5,s6
    27be:	cc9c                	sw	a5,24(s1)
    27c0:	409c                	lw	a5,0(s1)
    27c2:	0047e793          	ori	a5,a5,4
    27c6:	c09c                	sw	a5,0(s1)
    27c8:	b755                	j	276c <SocketIPRAWReceive+0x4c>
    27ca:	8522                	mv	a0,s0
    27cc:	85de                	mv	a1,s7
    27ce:	331060ef          	jal	ra,92fe <memcpy>
    27d2:	00a95783          	lhu	a5,10(s2)
    27d6:	943e                	add	s0,s0,a5
    27d8:	fd5799e3          	bne	a5,s5,27aa <SocketIPRAWReceive+0x8a>
    27dc:	4480                	lw	s0,8(s1)
    27de:	b7f1                	j	27aa <SocketIPRAWReceive+0x8a>
    27e0:	4501                	li	a0,0
    27e2:	b771                	j	276e <SocketIPRAWReceive+0x4e>

000027e4 <SocketUdpReceive>:
SocketUdpReceive():
    27e4:	ce61                	beqz	a2,28bc <SocketUdpReceive+0xd8>
    27e6:	9e3fd2ef          	jal	t0,1c8 <__riscv_save_10>
    27ea:	00c52b83          	lw	s7,12(a0)
    27ee:	4d1c                	lw	a5,24(a0)
    27f0:	00865b03          	lhu	s6,8(a2) # 8008 <tcp_output+0x31c>
    27f4:	8aba                	mv	s5,a4
    27f6:	40fb87b3          	sub	a5,s7,a5
    27fa:	8a36                	mv	s4,a3
    27fc:	8932                	mv	s2,a2
    27fe:	842a                	mv	s0,a0
    2800:	0167e463          	bltu	a5,s6,2808 <SocketUdpReceive+0x24>
    2804:	000b1763          	bnez	s6,2812 <SocketUdpReceive+0x2e>
    2808:	854a                	mv	a0,s2
    280a:	2dd020ef          	jal	ra,52e6 <pbuf_free>
    280e:	9f3fd06f          	j	200 <__riscv_restore_10>
    2812:	451c                	lw	a5,8(a0)
    2814:	4904                	lw	s1,16(a0)
    2816:	89b2                	mv	s3,a2
    2818:	9bbe                	add	s7,s7,a5
    281a:	00a9d603          	lhu	a2,10(s3)
    281e:	409b8c33          	sub	s8,s7,s1
    2822:	0049ac83          	lw	s9,4(s3)
    2826:	06cc7763          	bgeu	s8,a2,2894 <SocketUdpReceive+0xb0>
    282a:	8662                	mv	a2,s8
    282c:	85e6                	mv	a1,s9
    282e:	8526                	mv	a0,s1
    2830:	2cf060ef          	jal	ra,92fe <memcpy>
    2834:	00a9d783          	lhu	a5,10(s3)
    2838:	4418                	lw	a4,8(s0)
    283a:	417484b3          	sub	s1,s1,s7
    283e:	94be                	add	s1,s1,a5
    2840:	8626                	mv	a2,s1
    2842:	018c85b3          	add	a1,s9,s8
    2846:	853a                	mv	a0,a4
    2848:	2b7060ef          	jal	ra,92fe <memcpy>
    284c:	94aa                	add	s1,s1,a0
    284e:	0009a983          	lw	s3,0(s3)
    2852:	fc0994e3          	bnez	s3,281a <SocketUdpReceive+0x36>
    2856:	854a                	mv	a0,s2
    2858:	28f020ef          	jal	ra,52e6 <pbuf_free>
    285c:	03842803          	lw	a6,56(s0)
    2860:	04080563          	beqz	a6,28aa <SocketUdpReceive+0xc6>
    2864:	001a4583          	lbu	a1,1(s4)
    2868:	000a4783          	lbu	a5,0(s4)
    286c:	4814                	lw	a3,16(s0)
    286e:	05a2                	slli	a1,a1,0x8
    2870:	8ddd                	or	a1,a1,a5
    2872:	002a4783          	lbu	a5,2(s4)
    2876:	875a                	mv	a4,s6
    2878:	8656                	mv	a2,s5
    287a:	07c2                	slli	a5,a5,0x10
    287c:	8fcd                	or	a5,a5,a1
    287e:	003a4583          	lbu	a1,3(s4)
    2882:	8522                	mv	a0,s0
    2884:	05e2                	slli	a1,a1,0x18
    2886:	8ddd                	or	a1,a1,a5
    2888:	9802                	jalr	a6
    288a:	441c                	lw	a5,8(s0)
    288c:	00042c23          	sw	zero,24(s0)
    2890:	c81c                	sw	a5,16(s0)
    2892:	bfb5                	j	280e <SocketUdpReceive+0x2a>
    2894:	8526                	mv	a0,s1
    2896:	85e6                	mv	a1,s9
    2898:	267060ef          	jal	ra,92fe <memcpy>
    289c:	00a9d783          	lhu	a5,10(s3)
    28a0:	94be                	add	s1,s1,a5
    28a2:	fb8796e3          	bne	a5,s8,284e <SocketUdpReceive+0x6a>
    28a6:	4404                	lw	s1,8(s0)
    28a8:	b75d                	j	284e <SocketUdpReceive+0x6a>
    28aa:	4c18                	lw	a4,24(s0)
    28ac:	401c                	lw	a5,0(s0)
    28ae:	c804                	sw	s1,16(s0)
    28b0:	975a                	add	a4,a4,s6
    28b2:	0047e793          	ori	a5,a5,4
    28b6:	cc18                	sw	a4,24(s0)
    28b8:	c01c                	sw	a5,0(s0)
    28ba:	bf91                	j	280e <SocketUdpReceive+0x2a>
    28bc:	8082                	ret

000028be <WCHSocketTCPReceive>:
WCHSocketTCPReceive():
    28be:	491c                	lw	a5,16(a0)
    28c0:	c7f1                	beqz	a5,298c <WCHSocketTCPReceive+0xce>
    28c2:	907fd2ef          	jal	t0,1c8 <__riscv_save_10>
    28c6:	8a32                	mv	s4,a2
    28c8:	84ae                	mv	s1,a1
    28ca:	842a                	mv	s0,a0
    28cc:	ca55                	beqz	a2,2980 <WCHSocketTCPReceive+0xc2>
    28ce:	00852a83          	lw	s5,8(a0)
    28d2:	4558                	lw	a4,12(a0)
    28d4:	00865b83          	lhu	s7,8(a2)
    28d8:	8932                	mv	s2,a2
    28da:	9aba                	add	s5,s5,a4
    28dc:	0ac2                	slli	s5,s5,0x10
    28de:	010ada93          	srli	s5,s5,0x10
    28e2:	01079993          	slli	s3,a5,0x10
    28e6:	0109d993          	srli	s3,s3,0x10
    28ea:	413a8b33          	sub	s6,s5,s3
    28ee:	00a95603          	lhu	a2,10(s2)
    28f2:	0b42                	slli	s6,s6,0x10
    28f4:	010b5b13          	srli	s6,s6,0x10
    28f8:	00492c03          	lw	s8,4(s2)
    28fc:	06cb7663          	bgeu	s6,a2,2968 <WCHSocketTCPReceive+0xaa>
    2900:	865a                	mv	a2,s6
    2902:	85e2                	mv	a1,s8
    2904:	853e                	mv	a0,a5
    2906:	1f9060ef          	jal	ra,92fe <memcpy>
    290a:	00a95703          	lhu	a4,10(s2)
    290e:	441c                	lw	a5,8(s0)
    2910:	016c05b3          	add	a1,s8,s6
    2914:	41570733          	sub	a4,a4,s5
    2918:	99ba                	add	s3,s3,a4
    291a:	09c2                	slli	s3,s3,0x10
    291c:	0109d993          	srli	s3,s3,0x10
    2920:	853e                	mv	a0,a5
    2922:	864e                	mv	a2,s3
    2924:	1db060ef          	jal	ra,92fe <memcpy>
    2928:	013507b3          	add	a5,a0,s3
    292c:	00092903          	lw	s2,0(s2)
    2930:	fa0919e3          	bnez	s2,28e2 <WCHSocketTCPReceive+0x24>
    2934:	4c18                	lw	a4,24(s0)
    2936:	c81c                	sw	a5,16(s0)
    2938:	8552                	mv	a0,s4
    293a:	975e                	add	a4,a4,s7
    293c:	cc18                	sw	a4,24(s0)
    293e:	4018                	lw	a4,0(s0)
    2940:	00476713          	ori	a4,a4,4
    2944:	c018                	sw	a4,0(s0)
    2946:	1a1020ef          	jal	ra,52e6 <pbuf_free>
    294a:	38fe                	lhu	a5,54(s1)
    294c:	4c18                	lw	a4,24(s0)
    294e:	8526                	mv	a0,s1
    2950:	41778bb3          	sub	s7,a5,s7
    2954:	445c                	lw	a5,12(s0)
    2956:	03749b23          	sh	s7,54(s1)
    295a:	8f99                	sub	a5,a5,a4
    295c:	b4de                	sh	a5,44(s1)
    295e:	731020ef          	jal	ra,588e <tcp_update_rcv_ann_wnd>
    2962:	4501                	li	a0,0
    2964:	89dfd06f          	j	200 <__riscv_restore_10>
    2968:	853e                	mv	a0,a5
    296a:	85e2                	mv	a1,s8
    296c:	193060ef          	jal	ra,92fe <memcpy>
    2970:	00a95703          	lhu	a4,10(s2)
    2974:	00e507b3          	add	a5,a0,a4
    2978:	fb671ae3          	bne	a4,s6,292c <WCHSocketTCPReceive+0x6e>
    297c:	441c                	lw	a5,8(s0)
    297e:	b77d                	j	292c <WCHSocketTCPReceive+0x6e>
    2980:	4501                	li	a0,0
    2982:	f2ed                	bnez	a3,2964 <WCHSocketTCPReceive+0xa6>
    2984:	852e                	mv	a0,a1
    2986:	396030ef          	jal	ra,5d1c <tcp_close>
    298a:	bfe9                	j	2964 <WCHSocketTCPReceive+0xa6>
    298c:	557d                	li	a0,-1
    298e:	8082                	ret

00002990 <LwipTcpConnectedCallBack>:
LwipTcpConnectedCallBack():
    2990:	861fd2ef          	jal	t0,1f0 <__riscv_save_0>
    2994:	842e                	mv	s0,a1
    2996:	000035b7          	lui	a1,0x3
    299a:	84aa                	mv	s1,a0
    299c:	8be58593          	addi	a1,a1,-1858 # 28be <WCHSocketTCPReceive>
    29a0:	8522                	mv	a0,s0
    29a2:	7e5020ef          	jal	ra,5986 <tcp_recv>
    29a6:	000025b7          	lui	a1,0x2
    29aa:	8522                	mv	a0,s0
    29ac:	6de58593          	addi	a1,a1,1758 # 26de <LwipTCPSendCallBack>
    29b0:	7dd020ef          	jal	ra,598c <tcp_sent>
    29b4:	000025b7          	lui	a1,0x2
    29b8:	8522                	mv	a0,s0
    29ba:	4605                	li	a2,1
    29bc:	71c58593          	addi	a1,a1,1820 # 271c <LwipTCPPollCallBack>
    29c0:	7d9020ef          	jal	ra,5998 <tcp_poll>
    29c4:	209c                	lbu	a5,0(s1)
    29c6:	4501                	li	a0,0
    29c8:	0087e793          	ori	a5,a5,8
    29cc:	c09c                	sw	a5,0(s1)
    29ce:	847fd06f          	j	214 <__riscv_restore_0>

000029d2 <ErrorEncode>:
ErrorEncode():
    29d2:	c919                	beqz	a0,29e8 <ErrorEncode+0x16>
    29d4:	40a00533          	neg	a0,a0
    29d8:	67a5                	lui	a5,0x9
    29da:	5cc78793          	addi	a5,a5,1484 # 95cc <ErrTable>
    29de:	0ff57513          	andi	a0,a0,255
    29e2:	953e                	add	a0,a0,a5
    29e4:	2108                	lbu	a0,0(a0)
    29e6:	8082                	ret
    29e8:	4501                	li	a0,0
    29ea:	8082                	ret

000029ec <WCHSocketInit>:
WCHSocketInit():
    29ec:	805fd2ef          	jal	t0,1f0 <__riscv_save_0>
    29f0:	03c00793          	li	a5,60
    29f4:	02f587b3          	mul	a5,a1,a5
    29f8:	20007437          	lui	s0,0x20007
    29fc:	33c40713          	addi	a4,s0,828 # 2000733c <SocketInf>
    2a00:	892a                	mv	s2,a0
    2a02:	84ae                	mv	s1,a1
    2a04:	03c00613          	li	a2,60
    2a08:	4581                	li	a1,0
    2a0a:	33c40413          	addi	s0,s0,828
    2a0e:	97ba                	add	a5,a5,a4
    2a10:	853e                	mv	a0,a5
    2a12:	80ffd0ef          	jal	ra,220 <memset>
    2a16:	00090763          	beqz	s2,2a24 <WCHSocketInit+0x38>
    2a1a:	03c00613          	li	a2,60
    2a1e:	85ca                	mv	a1,s2
    2a20:	0df060ef          	jal	ra,92fe <memcpy>
    2a24:	03c00593          	li	a1,60
    2a28:	02b485b3          	mul	a1,s1,a1
    2a2c:	95a2                	add	a1,a1,s0
    2a2e:	459c                	lw	a5,8(a1)
    2a30:	c99c                	sw	a5,16(a1)
    2a32:	c9dc                	sw	a5,20(a1)
    2a34:	fe0fd06f          	j	214 <__riscv_restore_0>

00002a38 <WCHNET_Init>:
WCHNET_Init():
    2a38:	f9efd2ef          	jal	t0,1d6 <__riscv_save_4>
    2a3c:	8a2a                	mv	s4,a0
    2a3e:	20007537          	lui	a0,0x20007
    2a42:	1141                	addi	sp,sp,-16
    2a44:	89ae                	mv	s3,a1
    2a46:	84b2                	mv	s1,a2
    2a48:	4581                	li	a1,0
    2a4a:	4661                	li	a2,24
    2a4c:	38450513          	addi	a0,a0,900 # 20007384 <DHCPCtrl>
    2a50:	c636                	sw	a3,12(sp)
    2a52:	fcefd0ef          	jal	ra,220 <memset>
    2a56:	46b2                	lw	a3,12(sp)
    2a58:	20007437          	lui	s0,0x20007
    2a5c:	3fc40913          	addi	s2,s0,1020 # 200073fc <NetInf>
    2a60:	85b6                	mv	a1,a3
    2a62:	4619                	li	a2,6
    2a64:	00c90513          	addi	a0,s2,12
    2a68:	097060ef          	jal	ra,92fe <memcpy>
    2a6c:	4611                	li	a2,4
    2a6e:	85d2                	mv	a1,s4
    2a70:	3fc40513          	addi	a0,s0,1020
    2a74:	08b060ef          	jal	ra,92fe <memcpy>
    2a78:	4611                	li	a2,4
    2a7a:	85ce                	mv	a1,s3
    2a7c:	00490513          	addi	a0,s2,4
    2a80:	07f060ef          	jal	ra,92fe <memcpy>
    2a84:	3fc40413          	addi	s0,s0,1020
    2a88:	e0a1                	bnez	s1,2ac8 <WCHNET_Init+0x90>
    2a8a:	010007b7          	lui	a5,0x1000
    2a8e:	17fd                	addi	a5,a5,-1
    2a90:	c41c                	sw	a5,8(s0)
    2a92:	4481                	li	s1,0
    2a94:	8cc1c783          	lbu	a5,-1844(gp) # 200000ec <SockNumber>
    2a98:	02f4cf63          	blt	s1,a5,2ad6 <WCHNET_Init+0x9e>
    2a9c:	3d8010ef          	jal	ra,3e74 <wch_ethernetif_init>
    2aa0:	4785                	li	a5,1
    2aa2:	d05c                	sw	a5,36(s0)
    2aa4:	6715                	lui	a4,0x5
    2aa6:	200077b7          	lui	a5,0x20007
    2aaa:	3f078793          	addi	a5,a5,1008 # 200073f0 <KeepLiveCfg>
    2aae:	e2070713          	addi	a4,a4,-480 # 4e20 <dhcp_arp_reply+0x17e>
    2ab2:	c398                	sw	a4,0(a5)
    2ab4:	6711                	lui	a4,0x4
    2ab6:	a9870713          	addi	a4,a4,-1384 # 3a98 <etharp_query+0x1c>
    2aba:	c3d8                	sw	a4,4(a5)
    2abc:	4725                	li	a4,9
    2abe:	c798                	sw	a4,8(a5)
    2ac0:	4501                	li	a0,0
    2ac2:	0141                	addi	sp,sp,16
    2ac4:	f46fd06f          	j	20a <__riscv_restore_4>
    2ac8:	4611                	li	a2,4
    2aca:	85a6                	mv	a1,s1
    2acc:	00840513          	addi	a0,s0,8
    2ad0:	02f060ef          	jal	ra,92fe <memcpy>
    2ad4:	bf7d                	j	2a92 <WCHNET_Init+0x5a>
    2ad6:	0ff4f593          	andi	a1,s1,255
    2ada:	4501                	li	a0,0
    2adc:	f11ff0ef          	jal	ra,29ec <WCHSocketInit>
    2ae0:	0485                	addi	s1,s1,1
    2ae2:	bf4d                	j	2a94 <WCHNET_Init+0x5c>

00002ae4 <WCHNET_ConfigKeepLive>:
WCHNET_ConfigKeepLive():
    2ae4:	4118                	lw	a4,0(a0)
    2ae6:	200077b7          	lui	a5,0x20007
    2aea:	3f078793          	addi	a5,a5,1008 # 200073f0 <KeepLiveCfg>
    2aee:	c398                	sw	a4,0(a5)
    2af0:	4158                	lw	a4,4(a0)
    2af2:	c3d8                	sw	a4,4(a5)
    2af4:	4518                	lw	a4,8(a0)
    2af6:	c798                	sw	a4,8(a5)
    2af8:	8082                	ret

00002afa <WCHNET_ConfigLIB>:
WCHNET_ConfigLIB():
    2afa:	5518                	lw	a4,40(a0)
    2afc:	123457b7          	lui	a5,0x12345
    2b00:	67878793          	addi	a5,a5,1656 # 12345678 <_data_lma+0x1233c044>
    2b04:	12f71a63          	bne	a4,a5,2c38 <WCHNET_ConfigLIB+0x13e>
    2b08:	ecefd2ef          	jal	t0,1d6 <__riscv_save_4>
    2b0c:	511c                	lw	a5,32(a0)
    2b0e:	842a                	mv	s0,a0
    2b10:	4525                	li	a0,9
    2b12:	10078b63          	beqz	a5,2c28 <WCHNET_ConfigLIB+0x12e>
    2b16:	20007937          	lui	s2,0x20007
    2b1a:	04400613          	li	a2,68
    2b1e:	4581                	li	a1,0
    2b20:	3fc90513          	addi	a0,s2,1020 # 200073fc <NetInf>
    2b24:	efcfd0ef          	jal	ra,220 <memset>
    2b28:	200074b7          	lui	s1,0x20007
    2b2c:	02c00613          	li	a2,44
    2b30:	4581                	li	a1,0
    2b32:	44048513          	addi	a0,s1,1088 # 20007440 <WCHCfg>
    2b36:	eeafd0ef          	jal	ra,220 <memset>
    2b3a:	02c00613          	li	a2,44
    2b3e:	85a2                	mv	a1,s0
    2b40:	44048513          	addi	a0,s1,1088
    2b44:	7ba060ef          	jal	ra,92fe <memcpy>
    2b48:	44048993          	addi	s3,s1,1088
    2b4c:	0149a703          	lw	a4,20(s3)
    2b50:	864a                	mv	a2,s2
    2b52:	44048793          	addi	a5,s1,1088
    2b56:	eb25                	bnez	a4,2bc6 <WCHNET_ConfigLIB+0xcc>
    2b58:	66a5                	lui	a3,0x9
    2b5a:	5ac6d703          	lhu	a4,1452(a3) # 95ac <MemNum>
    2b5e:	5ac68693          	addi	a3,a3,1452
    2b62:	22ae                	lhu	a1,2(a3)
    2b64:	972e                	add	a4,a4,a1
    2b66:	22ce                	lhu	a1,4(a3)
    2b68:	22f6                	lhu	a3,6(a3)
    2b6a:	972e                	add	a4,a4,a1
    2b6c:	9736                	add	a4,a4,a3
    2b6e:	01271693          	slli	a3,a4,0x12
    2b72:	0a06dd63          	bgez	a3,2c2c <WCHNET_ConfigLIB+0x132>
    2b76:	cbd8                	sw	a4,20(a5)
    2b78:	4bd8                	lw	a4,20(a5)
    2b7a:	00e75693          	srli	a3,a4,0xe
    2b7e:	8afd                	andi	a3,a3,31
    2b80:	ea89                	bnez	a3,2b92 <WCHNET_ConfigLIB+0x98>
    2b82:	fff846b7          	lui	a3,0xfff84
    2b86:	16fd                	addi	a3,a3,-1
    2b88:	8f75                	and	a4,a4,a3
    2b8a:	000506b7          	lui	a3,0x50
    2b8e:	8f55                	or	a4,a4,a3
    2b90:	cbd8                	sw	a4,20(a5)
    2b92:	4bd8                	lw	a4,20(a5)
    2b94:	01375693          	srli	a3,a4,0x13
    2b98:	8afd                	andi	a3,a3,31
    2b9a:	ea89                	bnez	a3,2bac <WCHNET_ConfigLIB+0xb2>
    2b9c:	fff846b7          	lui	a3,0xfff84
    2ba0:	16fd                	addi	a3,a3,-1
    2ba2:	8f75                	and	a4,a4,a3
    2ba4:	005006b7          	lui	a3,0x500
    2ba8:	8f55                	or	a4,a4,a3
    2baa:	cbd8                	sw	a4,20(a5)
    2bac:	4bd8                	lw	a4,20(a5)
    2bae:	00671693          	slli	a3,a4,0x6
    2bb2:	0006ca63          	bltz	a3,2bc6 <WCHNET_ConfigLIB+0xcc>
    2bb6:	fe0006b7          	lui	a3,0xfe000
    2bba:	16fd                	addi	a3,a3,-1
    2bbc:	8f75                	and	a4,a4,a3
    2bbe:	140006b7          	lui	a3,0x14000
    2bc2:	8f55                	or	a4,a4,a3
    2bc4:	cbd8                	sw	a4,20(a5)
    2bc6:	4bd8                	lw	a4,20(a5)
    2bc8:	01b75693          	srli	a3,a4,0x1b
    2bcc:	e689                	bnez	a3,2bd6 <WCHNET_ConfigLIB+0xdc>
    2bce:	400006b7          	lui	a3,0x40000
    2bd2:	8f55                	or	a4,a4,a3
    2bd4:	cbd8                	sw	a4,20(a5)
    2bd6:	46a9                	li	a3,10
    2bd8:	8cd184a3          	sb	a3,-1847(gp) # 200000e9 <ARP_Retry_Period>
    2bdc:	468d                	li	a3,3
    2bde:	8cd18423          	sb	a3,-1848(gp) # 200000e8 <ARP_Retry_Cnt>
    2be2:	12c00693          	li	a3,300
    2be6:	8cd19523          	sh	a3,-1846(gp) # 200000ea <Arp_Entry_timeout>
    2bea:	53d8                	lw	a4,36(a5)
    2bec:	e711                	bnez	a4,2bf8 <WCHNET_ConfigLIB+0xfe>
    2bee:	00002737          	lui	a4,0x2
    2bf2:	4c270713          	addi	a4,a4,1218 # 24c2 <WCHNET_Rx>
    2bf6:	d3d8                	sw	a4,36(a5)
    2bf8:	4bd4                	lw	a3,20(a5)
    2bfa:	4501                	li	a0,0
    2bfc:	00e6d713          	srli	a4,a3,0xe
    2c00:	8b7d                	andi	a4,a4,31
    2c02:	8cd18623          	sb	a3,-1844(gp) # 200000ec <SockNumber>
    2c06:	3fc60793          	addi	a5,a2,1020
    2c0a:	cf98                	sw	a4,24(a5)
    2c0c:	0136d713          	srli	a4,a3,0x13
    2c10:	8b7d                	andi	a4,a4,31
    2c12:	03200613          	li	a2,50
    2c16:	02c70733          	mul	a4,a4,a2
    2c1a:	cfd8                	sw	a4,28(a5)
    2c1c:	00669713          	slli	a4,a3,0x6
    2c20:	00075463          	bgez	a4,2c28 <WCHNET_ConfigLIB+0x12e>
    2c24:	4709                	li	a4,2
    2c26:	c3b8                	sw	a4,64(a5)
    2c28:	de2fd06f          	j	20a <__riscv_restore_4>
    2c2c:	76f9                	lui	a3,0xffffe
    2c2e:	16fd                	addi	a3,a3,-1
    2c30:	8f75                	and	a4,a4,a3
    2c32:	6689                	lui	a3,0x2
    2c34:	8f55                	or	a4,a4,a3
    2c36:	b781                	j	2b76 <WCHNET_ConfigLIB+0x7c>
    2c38:	0ff00513          	li	a0,255
    2c3c:	8082                	ret

00002c3e <WCHFindCorrectTCBPcb>:
WCHFindCorrectTCBPcb():
    2c3e:	8cc1c603          	lbu	a2,-1844(gp) # 200000ec <SockNumber>
    2c42:	200077b7          	lui	a5,0x20007
    2c46:	33c78693          	addi	a3,a5,828 # 2000733c <SocketInf>
    2c4a:	4701                	li	a4,0
    2c4c:	33c78793          	addi	a5,a5,828
    2c50:	00e61763          	bne	a2,a4,2c5e <WCHFindCorrectTCBPcb+0x20>
    2c54:	4781                	li	a5,0
    2c56:	02f71363          	bne	a4,a5,2c7c <WCHFindCorrectTCBPcb+0x3e>
    2c5a:	4501                	li	a0,0
    2c5c:	8082                	ret
    2c5e:	0307a803          	lw	a6,48(a5)
    2c62:	00a81763          	bne	a6,a0,2c70 <WCHFindCorrectTCBPcb+0x32>
    2c66:	c509                	beqz	a0,2c70 <WCHFindCorrectTCBPcb+0x32>
    2c68:	4505                	li	a0,1
    2c6a:	d9ed                	beqz	a1,2c5c <WCHFindCorrectTCBPcb+0x1e>
    2c6c:	a198                	sb	a4,0(a1)
    2c6e:	8082                	ret
    2c70:	0705                	addi	a4,a4,1
    2c72:	0ff77713          	andi	a4,a4,255
    2c76:	03c78793          	addi	a5,a5,60
    2c7a:	bfd9                	j	2c50 <WCHFindCorrectTCBPcb+0x12>
    2c7c:	5ad0                	lw	a2,52(a3)
    2c7e:	00a61963          	bne	a2,a0,2c90 <WCHFindCorrectTCBPcb+0x52>
    2c82:	c519                	beqz	a0,2c90 <WCHFindCorrectTCBPcb+0x52>
    2c84:	4505                	li	a0,1
    2c86:	d9f9                	beqz	a1,2c5c <WCHFindCorrectTCBPcb+0x1e>
    2c88:	f807e793          	ori	a5,a5,-128
    2c8c:	a19c                	sb	a5,0(a1)
    2c8e:	8082                	ret
    2c90:	0785                	addi	a5,a5,1
    2c92:	0ff7f793          	andi	a5,a5,255
    2c96:	03c68693          	addi	a3,a3,60 # 203c <WCHNET_ETHIsr+0x62>
    2c9a:	bf75                	j	2c56 <WCHFindCorrectTCBPcb+0x18>

00002c9c <WCHNET_SocketCreat>:
WCHNET_SocketCreat():
    2c9c:	d3afd2ef          	jal	t0,1d6 <__riscv_save_4>
    2ca0:	20007937          	lui	s2,0x20007
    2ca4:	00050023          	sb	zero,0(a0)
    2ca8:	8cc1c703          	lbu	a4,-1844(gp) # 200000ec <SockNumber>
    2cac:	1141                	addi	sp,sp,-16
    2cae:	33c90793          	addi	a5,s2,828 # 2000733c <SocketInf>
    2cb2:	4481                	li	s1,0
    2cb4:	33c90913          	addi	s2,s2,828
    2cb8:	00971763          	bne	a4,s1,2cc6 <WCHNET_SocketCreat+0x2a>
    2cbc:	02000513          	li	a0,32
    2cc0:	0141                	addi	sp,sp,16
    2cc2:	d48fd06f          	j	20a <__riscv_restore_4>
    2cc6:	03c78793          	addi	a5,a5,60
    2cca:	fe47a683          	lw	a3,-28(a5)
    2cce:	18068163          	beqz	a3,2e50 <WCHNET_SocketCreat+0x1b4>
    2cd2:	0485                	addi	s1,s1,1
    2cd4:	0ff4f493          	andi	s1,s1,255
    2cd8:	b7c5                	j	2cb8 <WCHNET_SocketCreat+0x1c>
    2cda:	200077b7          	lui	a5,0x20007
    2cde:	3fc7a783          	lw	a5,1020(a5) # 200073fc <NetInf>
    2ce2:	006c                	addi	a1,sp,12
    2ce4:	c63e                	sw	a5,12(sp)
    2ce6:	137020ef          	jal	ra,561c <raw_bind>
    2cea:	4611                	li	a2,4
    2cec:	02c40593          	addi	a1,s0,44
    2cf0:	0068                	addi	a0,sp,12
    2cf2:	60c060ef          	jal	ra,92fe <memcpy>
    2cf6:	006c                	addi	a1,sp,12
    2cf8:	854e                	mv	a0,s3
    2cfa:	141020ef          	jal	ra,563a <raw_connect>
    2cfe:	03c00613          	li	a2,60
    2d02:	02c48633          	mul	a2,s1,a2
    2d06:	000025b7          	lui	a1,0x2
    2d0a:	72058593          	addi	a1,a1,1824 # 2720 <SocketIPRAWReceive>
    2d0e:	854e                	mv	a0,s3
    2d10:	964a                	add	a2,a2,s2
    2d12:	147020ef          	jal	ra,5658 <raw_recv>
    2d16:	4795                	li	a5,5
    2d18:	20007537          	lui	a0,0x20007
    2d1c:	006c                	addi	a1,sp,12
    2d1e:	03342823          	sw	s3,48(s0)
    2d22:	d01c                	sw	a5,32(s0)
    2d24:	46c50513          	addi	a0,a0,1132 # 2000746c <WCHNetIf>
    2d28:	40b000ef          	jal	ra,3932 <etharp_request>
    2d2c:	85a6                	mv	a1,s1
    2d2e:	8522                	mv	a0,s0
    2d30:	cbdff0ef          	jal	ra,29ec <WCHSocketInit>
    2d34:	4501                	li	a0,0
    2d36:	b769                	j	2cc0 <WCHNET_SocketCreat+0x24>
    2d38:	4709                	li	a4,2
    2d3a:	0ae79063          	bne	a5,a4,2dda <WCHNET_SocketCreat+0x13e>
    2d3e:	2cf050ef          	jal	ra,880c <udp_new>
    2d42:	89aa                	mv	s3,a0
    2d44:	12050363          	beqz	a0,2e6a <WCHNET_SocketCreat+0x1ce>
    2d48:	02c40a93          	addi	s5,s0,44
    2d4c:	4611                	li	a2,4
    2d4e:	85d6                	mv	a1,s5
    2d50:	0068                	addi	a0,sp,12
    2d52:	5ac060ef          	jal	ra,92fe <memcpy>
    2d56:	4a32                	lw	s4,12(sp)
    2d58:	f0000537          	lui	a0,0xf0000
    2d5c:	1ce010ef          	jal	ra,3f2a <ntohl>
    2d60:	00aa7a33          	and	s4,s4,a0
    2d64:	e0000537          	lui	a0,0xe0000
    2d68:	1c2010ef          	jal	ra,3f2a <ntohl>
    2d6c:	04aa0063          	beq	s4,a0,2dac <WCHNET_SocketCreat+0x110>
    2d70:	200075b7          	lui	a1,0x20007
    2d74:	46c58593          	addi	a1,a1,1132 # 2000746c <WCHNetIf>
    2d78:	0068                	addi	a0,sp,12
    2d7a:	632010ef          	jal	ra,43ac <ip_addr_isbroadcast>
    2d7e:	e51d                	bnez	a0,2dac <WCHNET_SocketCreat+0x110>
    2d80:	200077b7          	lui	a5,0x20007
    2d84:	3fc7a783          	lw	a5,1020(a5) # 200073fc <NetInf>
    2d88:	3412                	lhu	a2,40(s0)
    2d8a:	006c                	addi	a1,sp,12
    2d8c:	854e                	mv	a0,s3
    2d8e:	c63e                	sw	a5,12(sp)
    2d90:	049050ef          	jal	ra,85d8 <udp_bind>
    2d94:	e11d                	bnez	a0,2dba <WCHNET_SocketCreat+0x11e>
    2d96:	85d6                	mv	a1,s5
    2d98:	4611                	li	a2,4
    2d9a:	0068                	addi	a0,sp,12
    2d9c:	562060ef          	jal	ra,92fe <memcpy>
    2da0:	3052                	lhu	a2,36(s0)
    2da2:	006c                	addi	a1,sp,12
    2da4:	854e                	mv	a0,s3
    2da6:	1e3050ef          	jal	ra,8788 <udp_connect>
    2daa:	a039                	j	2db8 <WCHNET_SocketCreat+0x11c>
    2dac:	3412                	lhu	a2,40(s0)
    2dae:	84818593          	addi	a1,gp,-1976 # 20000068 <ip_addr_any>
    2db2:	854e                	mv	a0,s3
    2db4:	025050ef          	jal	ra,85d8 <udp_bind>
    2db8:	c501                	beqz	a0,2dc0 <WCHNET_SocketCreat+0x124>
    2dba:	c19ff0ef          	jal	ra,29d2 <ErrorEncode>
    2dbe:	b709                	j	2cc0 <WCHNET_SocketCreat+0x24>
    2dc0:	03c00613          	li	a2,60
    2dc4:	02c48633          	mul	a2,s1,a2
    2dc8:	000025b7          	lui	a1,0x2
    2dcc:	7e458593          	addi	a1,a1,2020 # 27e4 <SocketUdpReceive>
    2dd0:	854e                	mv	a0,s3
    2dd2:	964a                	add	a2,a2,s2
    2dd4:	233050ef          	jal	ra,8806 <udp_recv>
    2dd8:	bf3d                	j	2d16 <WCHNET_SocketCreat+0x7a>
    2dda:	470d                	li	a4,3
    2ddc:	02100513          	li	a0,33
    2de0:	eee790e3          	bne	a5,a4,2cc0 <WCHNET_SocketCreat+0x24>
    2de4:	2f8030ef          	jal	ra,60dc <tcp_new>
    2de8:	445c                	lw	a5,12(s0)
    2dea:	3412                	lhu	a2,40(s0)
    2dec:	006c                	addi	a1,sp,12
    2dee:	b95e                	sh	a5,52(a0)
    2df0:	200077b7          	lui	a5,0x20007
    2df4:	3fc7a783          	lw	a5,1020(a5) # 200073fc <NetInf>
    2df8:	89aa                	mv	s3,a0
    2dfa:	c63e                	sw	a5,12(sp)
    2dfc:	17d020ef          	jal	ra,5778 <tcp_bind>
    2e00:	8a2a                	mv	s4,a0
    2e02:	c511                	beqz	a0,2e0e <WCHNET_SocketCreat+0x172>
    2e04:	854e                	mv	a0,s3
    2e06:	717020ef          	jal	ra,5d1c <tcp_close>
    2e0a:	8552                	mv	a0,s4
    2e0c:	b77d                	j	2dba <WCHNET_SocketCreat+0x11e>
    2e0e:	03c00593          	li	a1,60
    2e12:	02b485b3          	mul	a1,s1,a1
    2e16:	854e                	mv	a0,s3
    2e18:	95ca                	add	a1,a1,s2
    2e1a:	369020ef          	jal	ra,5982 <tcp_arg>
    2e1e:	000025b7          	lui	a1,0x2
    2e22:	854e                	mv	a0,s3
    2e24:	6dc58593          	addi	a1,a1,1756 # 26dc <NET_TCPError>
    2e28:	36b020ef          	jal	ra,5992 <tcp_err>
    2e2c:	4795                	li	a5,5
    2e2e:	85a6                	mv	a1,s1
    2e30:	8522                	mv	a0,s0
    2e32:	03342823          	sw	s3,48(s0)
    2e36:	03342a23          	sw	s3,52(s0)
    2e3a:	d01c                	sw	a5,32(s0)
    2e3c:	bb1ff0ef          	jal	ra,29ec <WCHSocketInit>
    2e40:	20007537          	lui	a0,0x20007
    2e44:	006c                	addi	a1,sp,12
    2e46:	46c50513          	addi	a0,a0,1132 # 2000746c <WCHNetIf>
    2e4a:	2e9000ef          	jal	ra,3932 <etharp_request>
    2e4e:	b5dd                	j	2d34 <WCHNET_SocketCreat+0x98>
    2e50:	a104                	sb	s1,0(a0)
    2e52:	4ddc                	lw	a5,28(a1)
    2e54:	c1c4                	sw	s1,4(a1)
    2e56:	842e                	mv	s0,a1
    2e58:	ee0790e3          	bnez	a5,2d38 <WCHNET_SocketCreat+0x9c>
    2e5c:	02844503          	lbu	a0,40(s0)
    2e60:	08d020ef          	jal	ra,56ec <raw_new>
    2e64:	89aa                	mv	s3,a0
    2e66:	e6051ae3          	bnez	a0,2cda <WCHNET_SocketCreat+0x3e>
    2e6a:	4545                	li	a0,17
    2e6c:	bd91                	j	2cc0 <WCHNET_SocketCreat+0x24>

00002e6e <tcp_recved_socket>:
tcp_recved_socket():
    2e6e:	b82fd2ef          	jal	t0,1f0 <__riscv_save_0>
    2e72:	08852783          	lw	a5,136(a0)
    2e76:	b54e                	sh	a1,44(a0)
    2e78:	842a                	mv	s0,a0
    2e7a:	c781                	beqz	a5,2e82 <tcp_recved_socket+0x14>
    2e7c:	279e                	lhu	a5,8(a5)
    2e7e:	8d9d                	sub	a1,a1,a5
    2e80:	b54e                	sh	a1,44(a0)
    2e82:	8522                	mv	a0,s0
    2e84:	20b020ef          	jal	ra,588e <tcp_update_rcv_ann_wnd>
    2e88:	cd09                	beqz	a0,2ea2 <tcp_recved_socket+0x34>
    2e8a:	02644783          	lbu	a5,38(s0)
    2e8e:	8522                	mv	a0,s0
    2e90:	0027e793          	ori	a5,a5,2
    2e94:	02f40323          	sb	a5,38(s0)
    2e98:	655040ef          	jal	ra,7cec <tcp_output>
    2e9c:	4505                	li	a0,1
    2e9e:	b76fd06f          	j	214 <__riscv_restore_0>
    2ea2:	200077b7          	lui	a5,0x20007
    2ea6:	4507a783          	lw	a5,1104(a5) # 20007450 <WCHCfg+0x10>
    2eaa:	83a1                	srli	a5,a5,0x8
    2eac:	8b85                	andi	a5,a5,1
    2eae:	d7fd                	beqz	a5,2e9c <tcp_recved_socket+0x2e>
    2eb0:	02644783          	lbu	a5,38(s0)
    2eb4:	8b85                	andi	a5,a5,1
    2eb6:	d3fd                	beqz	a5,2e9c <tcp_recved_socket+0x2e>
    2eb8:	4789                	li	a5,2
    2eba:	02f403a3          	sb	a5,39(s0)
    2ebe:	4705                	li	a4,1
    2ec0:	8ce1ac23          	sw	a4,-1832(gp) # 200000f8 <tcpSendAckFlag>
    2ec4:	bfe1                	j	2e9c <tcp_recved_socket+0x2e>

00002ec6 <WCHNET_ModifyRecvBuf>:
WCHNET_ModifyRecvBuf():
    2ec6:	8cc1c783          	lbu	a5,-1844(gp) # 200000ec <SockNumber>
    2eca:	04f57663          	bgeu	a0,a5,2f16 <WCHNET_ModifyRecvBuf+0x50>
    2ece:	03c00713          	li	a4,60
    2ed2:	02e50533          	mul	a0,a0,a4
    2ed6:	200077b7          	lui	a5,0x20007
    2eda:	33c78793          	addi	a5,a5,828 # 2000733c <SocketInf>
    2ede:	953e                	add	a0,a0,a5
    2ee0:	4d58                	lw	a4,28(a0)
    2ee2:	00052c23          	sw	zero,24(a0)
    2ee6:	c550                	sw	a2,12(a0)
    2ee8:	c50c                	sw	a1,8(a0)
    2eea:	c90c                	sw	a1,16(a0)
    2eec:	c94c                	sw	a1,20(a0)
    2eee:	478d                	li	a5,3
    2ef0:	02f71363          	bne	a4,a5,2f16 <WCHNET_ModifyRecvBuf+0x50>
    2ef4:	5908                	lw	a0,48(a0)
    2ef6:	c105                	beqz	a0,2f16 <WCHNET_ModifyRecvBuf+0x50>
    2ef8:	395a                	lhu	a4,52(a0)
    2efa:	00163793          	seqz	a5,a2
    2efe:	00f71c63          	bne	a4,a5,2f16 <WCHNET_ModifyRecvBuf+0x50>
    2f02:	aeefd2ef          	jal	t0,1f0 <__riscv_save_0>
    2f06:	01061593          	slli	a1,a2,0x10
    2f0a:	81c1                	srli	a1,a1,0x10
    2f0c:	b94e                	sh	a1,52(a0)
    2f0e:	f61ff0ef          	jal	ra,2e6e <tcp_recved_socket>
    2f12:	b02fd06f          	j	214 <__riscv_restore_0>
    2f16:	8082                	ret

00002f18 <WCHNET_SocketRecv>:
WCHNET_SocketRecv():
    2f18:	abefd2ef          	jal	t0,1d6 <__riscv_save_4>
    2f1c:	4214                	lw	a3,0(a2)
    2f1e:	4469                	li	s0,26
    2f20:	cecd                	beqz	a3,2fda <WCHNET_SocketRecv+0xc2>
    2f22:	00062023          	sw	zero,0(a2)
    2f26:	8a32                	mv	s4,a2
    2f28:	03c00613          	li	a2,60
    2f2c:	02c50633          	mul	a2,a0,a2
    2f30:	200074b7          	lui	s1,0x20007
    2f34:	33c48713          	addi	a4,s1,828 # 2000733c <SocketInf>
    2f38:	89aa                	mv	s3,a0
    2f3a:	87ae                	mv	a5,a1
    2f3c:	33c48493          	addi	s1,s1,828
    2f40:	9732                	add	a4,a4,a2
    2f42:	00872b03          	lw	s6,8(a4)
    2f46:	4750                	lw	a2,12(a4)
    2f48:	01872903          	lw	s2,24(a4)
    2f4c:	4b40                	lw	s0,20(a4)
    2f4e:	9b32                	add	s6,s6,a2
    2f50:	0126f363          	bgeu	a3,s2,2f56 <WCHNET_SocketRecv+0x3e>
    2f54:	8936                	mv	s2,a3
    2f56:	408b0ab3          	sub	s5,s6,s0
    2f5a:	092af363          	bgeu	s5,s2,2fe0 <WCHNET_SocketRecv+0xc8>
    2f5e:	cb81                	beqz	a5,2f6e <WCHNET_SocketRecv+0x56>
    2f60:	853e                	mv	a0,a5
    2f62:	8656                	mv	a2,s5
    2f64:	85a2                	mv	a1,s0
    2f66:	398060ef          	jal	ra,92fe <memcpy>
    2f6a:	015507b3          	add	a5,a0,s5
    2f6e:	03c00713          	li	a4,60
    2f72:	02e98733          	mul	a4,s3,a4
    2f76:	944a                	add	s0,s0,s2
    2f78:	41640433          	sub	s0,s0,s6
    2f7c:	9726                	add	a4,a4,s1
    2f7e:	00872a83          	lw	s5,8(a4)
    2f82:	c791                	beqz	a5,2f8e <WCHNET_SocketRecv+0x76>
    2f84:	8622                	mv	a2,s0
    2f86:	85d6                	mv	a1,s5
    2f88:	853e                	mv	a0,a5
    2f8a:	374060ef          	jal	ra,92fe <memcpy>
    2f8e:	9456                	add	s0,s0,s5
    2f90:	03c00793          	li	a5,60
    2f94:	02f987b3          	mul	a5,s3,a5
    2f98:	012a2023          	sw	s2,0(s4)
    2f9c:	97a6                	add	a5,a5,s1
    2f9e:	4f98                	lw	a4,24(a5)
    2fa0:	cbc0                	sw	s0,20(a5)
    2fa2:	41270933          	sub	s2,a4,s2
    2fa6:	0127ac23          	sw	s2,24(a5)
    2faa:	00091863          	bnez	s2,2fba <WCHNET_SocketRecv+0xa2>
    2fae:	4798                	lw	a4,8(a5)
    2fb0:	cbd8                	sw	a4,20(a5)
    2fb2:	cb98                	sw	a4,16(a5)
    2fb4:	4398                	lw	a4,0(a5)
    2fb6:	9b6d                	andi	a4,a4,-5
    2fb8:	c398                	sw	a4,0(a5)
    2fba:	03c00793          	li	a5,60
    2fbe:	02f989b3          	mul	s3,s3,a5
    2fc2:	478d                	li	a5,3
    2fc4:	4401                	li	s0,0
    2fc6:	94ce                	add	s1,s1,s3
    2fc8:	4cd8                	lw	a4,28(s1)
    2fca:	00f71863          	bne	a4,a5,2fda <WCHNET_SocketRecv+0xc2>
    2fce:	00091663          	bnez	s2,2fda <WCHNET_SocketRecv+0xc2>
    2fd2:	24ce                	lhu	a1,12(s1)
    2fd4:	5888                	lw	a0,48(s1)
    2fd6:	e99ff0ef          	jal	ra,2e6e <tcp_recved_socket>
    2fda:	8522                	mv	a0,s0
    2fdc:	a2efd06f          	j	20a <__riscv_restore_4>
    2fe0:	c791                	beqz	a5,2fec <WCHNET_SocketRecv+0xd4>
    2fe2:	864a                	mv	a2,s2
    2fe4:	85a2                	mv	a1,s0
    2fe6:	853e                	mv	a0,a5
    2fe8:	316060ef          	jal	ra,92fe <memcpy>
    2fec:	944a                	add	s0,s0,s2
    2fee:	fb2a91e3          	bne	s5,s2,2f90 <WCHNET_SocketRecv+0x78>
    2ff2:	03c00793          	li	a5,60
    2ff6:	02f987b3          	mul	a5,s3,a5
    2ffa:	97a6                	add	a5,a5,s1
    2ffc:	4780                	lw	s0,8(a5)
    2ffe:	bf49                	j	2f90 <WCHNET_SocketRecv+0x78>

00003000 <SocketIPRawSend>:
SocketIPRawSend():
    3000:	9c8fd2ef          	jal	t0,1c8 <__riscv_save_10>
    3004:	4200                	lw	s0,0(a2)
    3006:	00062023          	sw	zero,0(a2)
    300a:	c455                	beqz	s0,30b6 <SocketIPRawSend+0xb6>
    300c:	87aa                	mv	a5,a0
    300e:	4569                	li	a0,26
    3010:	c5d9                	beqz	a1,309e <SocketIPRawSend+0x9e>
    3012:	03c00513          	li	a0,60
    3016:	02a787b3          	mul	a5,a5,a0
    301a:	20007537          	lui	a0,0x20007
    301e:	33c50513          	addi	a0,a0,828 # 2000733c <SocketInf>
    3022:	20007ab7          	lui	s5,0x20007
    3026:	4481                	li	s1,0
    3028:	97aa                	add	a5,a5,a0
    302a:	0307ab03          	lw	s6,48(a5)
    302e:	3fca8793          	addi	a5,s5,1020 # 200073fc <NetInf>
    3032:	43bc                	lw	a5,64(a5)
    3034:	3fca8a93          	addi	s5,s5,1020
    3038:	8b89                	andi	a5,a5,2
    303a:	e399                	bnez	a5,3040 <SocketIPRawSend+0x40>
    303c:	0c700493          	li	s1,199
    3040:	5c800793          	li	a5,1480
    3044:	0087f463          	bgeu	a5,s0,304c <SocketIPRawSend+0x4c>
    3048:	5c800413          	li	s0,1480
    304c:	01041c93          	slli	s9,s0,0x10
    3050:	8a32                	mv	s4,a2
    3052:	892e                	mv	s2,a1
    3054:	010cdc93          	srli	s9,s9,0x10
    3058:	0c800c13          	li	s8,200
    305c:	4601                	li	a2,0
    305e:	85e6                	mv	a1,s9
    3060:	4501                	li	a0,0
    3062:	2d2020ef          	jal	ra,5334 <pbuf_alloc>
    3066:	89aa                	mv	s3,a0
    3068:	c929                	beqz	a0,30ba <SocketIPRawSend+0xba>
    306a:	4148                	lw	a0,4(a0)
    306c:	8622                	mv	a2,s0
    306e:	85ca                	mv	a1,s2
    3070:	020aae23          	sw	zero,60(s5)
    3074:	28a060ef          	jal	ra,92fe <memcpy>
    3078:	85ce                	mv	a1,s3
    307a:	855a                	mv	a0,s6
    307c:	660020ef          	jal	ra,56dc <raw_send>
    3080:	8baa                	mv	s7,a0
    3082:	854e                	mv	a0,s3
    3084:	262020ef          	jal	ra,52e6 <pbuf_free>
    3088:	03caa783          	lw	a5,60(s5)
    308c:	cb99                	beqz	a5,30a2 <SocketIPRawSend+0xa2>
    308e:	0485                	addi	s1,s1,1
    3090:	04c2                	slli	s1,s1,0x10
    3092:	80c1                	srli	s1,s1,0x10
    3094:	bccff0ef          	jal	ra,2460 <WCHNET_NetInput>
    3098:	fd8492e3          	bne	s1,s8,305c <SocketIPRawSend+0x5c>
    309c:	454d                	li	a0,19
    309e:	962fd06f          	j	200 <__riscv_restore_10>
    30a2:	000bd663          	bgez	s7,30ae <SocketIPRawSend+0xae>
    30a6:	855e                	mv	a0,s7
    30a8:	92bff0ef          	jal	ra,29d2 <ErrorEncode>
    30ac:	bfcd                	j	309e <SocketIPRawSend+0x9e>
    30ae:	008a2023          	sw	s0,0(s4)
    30b2:	4501                	li	a0,0
    30b4:	b7ed                	j	309e <SocketIPRawSend+0x9e>
    30b6:	4569                	li	a0,26
    30b8:	b7dd                	j	309e <SocketIPRawSend+0x9e>
    30ba:	4545                	li	a0,17
    30bc:	b7cd                	j	309e <SocketIPRawSend+0x9e>

000030be <SocketUdpSend>:
SocketUdpSend():
    30be:	90afd2ef          	jal	t0,1c8 <__riscv_save_10>
    30c2:	4200                	lw	s0,0(a2)
    30c4:	00062023          	sw	zero,0(a2)
    30c8:	c455                	beqz	s0,3174 <SocketUdpSend+0xb6>
    30ca:	87aa                	mv	a5,a0
    30cc:	4569                	li	a0,26
    30ce:	c5d9                	beqz	a1,315c <SocketUdpSend+0x9e>
    30d0:	03c00513          	li	a0,60
    30d4:	02a787b3          	mul	a5,a5,a0
    30d8:	20007537          	lui	a0,0x20007
    30dc:	33c50513          	addi	a0,a0,828 # 2000733c <SocketInf>
    30e0:	20007ab7          	lui	s5,0x20007
    30e4:	4481                	li	s1,0
    30e6:	97aa                	add	a5,a5,a0
    30e8:	0307ab03          	lw	s6,48(a5)
    30ec:	3fca8793          	addi	a5,s5,1020 # 200073fc <NetInf>
    30f0:	43bc                	lw	a5,64(a5)
    30f2:	3fca8a93          	addi	s5,s5,1020
    30f6:	8b89                	andi	a5,a5,2
    30f8:	e399                	bnez	a5,30fe <SocketUdpSend+0x40>
    30fa:	0c700493          	li	s1,199
    30fe:	5c000793          	li	a5,1472
    3102:	0087f463          	bgeu	a5,s0,310a <SocketUdpSend+0x4c>
    3106:	5c000413          	li	s0,1472
    310a:	01041c93          	slli	s9,s0,0x10
    310e:	8a32                	mv	s4,a2
    3110:	892e                	mv	s2,a1
    3112:	010cdc93          	srli	s9,s9,0x10
    3116:	0c800c13          	li	s8,200
    311a:	4601                	li	a2,0
    311c:	85e6                	mv	a1,s9
    311e:	4501                	li	a0,0
    3120:	214020ef          	jal	ra,5334 <pbuf_alloc>
    3124:	89aa                	mv	s3,a0
    3126:	c929                	beqz	a0,3178 <SocketUdpSend+0xba>
    3128:	4148                	lw	a0,4(a0)
    312a:	8622                	mv	a2,s0
    312c:	85ca                	mv	a1,s2
    312e:	020aae23          	sw	zero,60(s5)
    3132:	1cc060ef          	jal	ra,92fe <memcpy>
    3136:	85ce                	mv	a1,s3
    3138:	855a                	mv	a0,s6
    313a:	63c050ef          	jal	ra,8776 <udp_send>
    313e:	8baa                	mv	s7,a0
    3140:	854e                	mv	a0,s3
    3142:	1a4020ef          	jal	ra,52e6 <pbuf_free>
    3146:	03caa783          	lw	a5,60(s5)
    314a:	cb99                	beqz	a5,3160 <SocketUdpSend+0xa2>
    314c:	0485                	addi	s1,s1,1
    314e:	04c2                	slli	s1,s1,0x10
    3150:	80c1                	srli	s1,s1,0x10
    3152:	b0eff0ef          	jal	ra,2460 <WCHNET_NetInput>
    3156:	fd8492e3          	bne	s1,s8,311a <SocketUdpSend+0x5c>
    315a:	454d                	li	a0,19
    315c:	8a4fd06f          	j	200 <__riscv_restore_10>
    3160:	000bd663          	bgez	s7,316c <SocketUdpSend+0xae>
    3164:	855e                	mv	a0,s7
    3166:	86dff0ef          	jal	ra,29d2 <ErrorEncode>
    316a:	bfcd                	j	315c <SocketUdpSend+0x9e>
    316c:	008a2023          	sw	s0,0(s4)
    3170:	4501                	li	a0,0
    3172:	b7ed                	j	315c <SocketUdpSend+0x9e>
    3174:	4569                	li	a0,26
    3176:	b7dd                	j	315c <SocketUdpSend+0x9e>
    3178:	4545                	li	a0,17
    317a:	b7cd                	j	315c <SocketUdpSend+0x9e>

0000317c <SocketTcpSend>:
SocketTcpSend():
    317c:	84cfd2ef          	jal	t0,1c8 <__riscv_save_10>
    3180:	00062983          	lw	s3,0(a2)
    3184:	00062023          	sw	zero,0(a2)
    3188:	0c098e63          	beqz	s3,3264 <SocketTcpSend+0xe8>
    318c:	87aa                	mv	a5,a0
    318e:	8b2e                	mv	s6,a1
    3190:	4569                	li	a0,26
    3192:	c1a1                	beqz	a1,31d2 <SocketTcpSend+0x56>
    3194:	03c00513          	li	a0,60
    3198:	02a787b3          	mul	a5,a5,a0
    319c:	20007537          	lui	a0,0x20007
    31a0:	33c50513          	addi	a0,a0,828 # 2000733c <SocketInf>
    31a4:	20007a37          	lui	s4,0x20007
    31a8:	8bb2                	mv	s7,a2
    31aa:	0c900a93          	li	s5,201
    31ae:	4481                	li	s1,0
    31b0:	4c11                	li	s8,4
    31b2:	440a0a13          	addi	s4,s4,1088 # 20007440 <WCHCfg>
    31b6:	5cfd                	li	s9,-1
    31b8:	97aa                	add	a5,a5,a0
    31ba:	0307a903          	lw	s2,48(a5)
    31be:	1afd                	addi	s5,s5,-1
    31c0:	0ac2                	slli	s5,s5,0x10
    31c2:	010ada93          	srli	s5,s5,0x10
    31c6:	000a9863          	bnez	s5,31d6 <SocketTcpSend+0x5a>
    31ca:	000ba783          	lw	a5,0(s7)
    31ce:	cbc9                	beqz	a5,3260 <SocketTcpSend+0xe4>
    31d0:	4501                	li	a0,0
    31d2:	82efd06f          	j	200 <__riscv_restore_10>
    31d6:	01092783          	lw	a5,16(s2)
    31da:	09879763          	bne	a5,s8,3268 <SocketTcpSend+0xec>
    31de:	a82ff0ef          	jal	ra,2460 <WCHNET_NetInput>
    31e2:	07695703          	lhu	a4,118(s2)
    31e6:	e319                	bnez	a4,31ec <SocketTcpSend+0x70>
    31e8:	4545                	li	a0,17
    31ea:	b7e5                	j	31d2 <SocketTcpSend+0x56>
    31ec:	010a2783          	lw	a5,16(s4)
    31f0:	8b85                	andi	a5,a5,1
    31f2:	e399                	bnez	a5,31f8 <SocketTcpSend+0x7c>
    31f4:	ff376ae3          	bltu	a4,s3,31e8 <SocketTcpSend+0x6c>
    31f8:	004a2403          	lw	s0,4(s4)
    31fc:	00877363          	bgeu	a4,s0,3202 <SocketTcpSend+0x86>
    3200:	843a                	mv	s0,a4
    3202:	0089f363          	bgeu	s3,s0,3208 <SocketTcpSend+0x8c>
    3206:	844e                	mv	s0,s3
    3208:	01041613          	slli	a2,s0,0x10
    320c:	8241                	srli	a2,a2,0x10
    320e:	4685                	li	a3,1
    3210:	e391                	bnez	a5,3214 <SocketTcpSend+0x98>
    3212:	4681                	li	a3,0
    3214:	85da                	mv	a1,s6
    3216:	854a                	mv	a0,s2
    3218:	235040ef          	jal	ra,7c4c <tcp_write>
    321c:	84aa                	mv	s1,a0
    321e:	854a                	mv	a0,s2
    3220:	e48d                	bnez	s1,324a <SocketTcpSend+0xce>
    3222:	2cb040ef          	jal	ra,7cec <tcp_output>
    3226:	000ba783          	lw	a5,0(s7)
    322a:	408989b3          	sub	s3,s3,s0
    322e:	84aa                	mv	s1,a0
    3230:	97a2                	add	a5,a5,s0
    3232:	00fba023          	sw	a5,0(s7)
    3236:	9b22                	add	s6,s6,s0
    3238:	f8098ce3          	beqz	s3,31d0 <SocketTcpSend+0x54>
    323c:	010a2783          	lw	a5,16(s4)
    3240:	8b85                	andi	a5,a5,1
    3242:	ffb5                	bnez	a5,31be <SocketTcpSend+0x42>
    3244:	f8eff0ef          	jal	ra,29d2 <ErrorEncode>
    3248:	b769                	j	31d2 <SocketTcpSend+0x56>
    324a:	01949963          	bne	s1,s9,325c <SocketTcpSend+0xe0>
    324e:	29f040ef          	jal	ra,7cec <tcp_output>
    3252:	010a2783          	lw	a5,16(s4)
    3256:	8b85                	andi	a5,a5,1
    3258:	f3bd                	bnez	a5,31be <SocketTcpSend+0x42>
    325a:	b779                	j	31e8 <SocketTcpSend+0x6c>
    325c:	291040ef          	jal	ra,7cec <tcp_output>
    3260:	8526                	mv	a0,s1
    3262:	b7cd                	j	3244 <SocketTcpSend+0xc8>
    3264:	4569                	li	a0,26
    3266:	b7b5                	j	31d2 <SocketTcpSend+0x56>
    3268:	455d                	li	a0,23
    326a:	b7a5                	j	31d2 <SocketTcpSend+0x56>

0000326c <WCHNET_SocketSend>:
WCHNET_SocketSend():
    326c:	03c00793          	li	a5,60
    3270:	02f507b3          	mul	a5,a0,a5
    3274:	20007737          	lui	a4,0x20007
    3278:	33c70713          	addi	a4,a4,828 # 2000733c <SocketInf>
    327c:	97ba                	add	a5,a5,a4
    327e:	0207a803          	lw	a6,32(a5)
    3282:	4715                	li	a4,5
    3284:	00e80763          	beq	a6,a4,3292 <WCHNET_SocketSend+0x26>
    3288:	47dd                	li	a5,23
    328a:	00062023          	sw	zero,0(a2)
    328e:	853e                	mv	a0,a5
    3290:	8082                	ret
    3292:	f5ffc2ef          	jal	t0,1f0 <__riscv_save_0>
    3296:	4fd8                	lw	a4,28(a5)
    3298:	478d                	li	a5,3
    329a:	00f71863          	bne	a4,a5,32aa <WCHNET_SocketSend+0x3e>
    329e:	edfff0ef          	jal	ra,317c <SocketTcpSend>
    32a2:	87aa                	mv	a5,a0
    32a4:	853e                	mv	a0,a5
    32a6:	f6ffc06f          	j	214 <__riscv_restore_0>
    32aa:	e701                	bnez	a4,32b2 <WCHNET_SocketSend+0x46>
    32ac:	d55ff0ef          	jal	ra,3000 <SocketIPRawSend>
    32b0:	bfcd                	j	32a2 <WCHNET_SocketSend+0x36>
    32b2:	4689                	li	a3,2
    32b4:	0fa00793          	li	a5,250
    32b8:	fed716e3          	bne	a4,a3,32a4 <WCHNET_SocketSend+0x38>
    32bc:	e03ff0ef          	jal	ra,30be <SocketUdpSend>
    32c0:	b7cd                	j	32a2 <WCHNET_SocketSend+0x36>

000032c2 <WCHScokedIntHandle>:
WCHScokedIntHandle():
    32c2:	f2ffc2ef          	jal	t0,1f0 <__riscv_save_0>
    32c6:	47a1                	li	a5,8
    32c8:	84aa                	mv	s1,a0
    32ca:	2100                	lbu	s0,0(a0)
    32cc:	02f58a63          	beq	a1,a5,3300 <WCHScokedIntHandle+0x3e>
    32d0:	00b7ec63          	bltu	a5,a1,32e8 <WCHScokedIntHandle+0x26>
    32d4:	4785                	li	a5,1
    32d6:	02f58163          	beq	a1,a5,32f8 <WCHScokedIntHandle+0x36>
    32da:	4789                	li	a5,2
    32dc:	00246413          	ori	s0,s0,2
    32e0:	00f58e63          	beq	a1,a5,32fc <WCHScokedIntHandle+0x3a>
    32e4:	f31fc06f          	j	214 <__riscv_restore_0>
    32e8:	47c1                	li	a5,16
    32ea:	00f58e63          	beq	a1,a5,3306 <WCHScokedIntHandle+0x44>
    32ee:	04000793          	li	a5,64
    32f2:	04046413          	ori	s0,s0,64
    32f6:	b7ed                	j	32e0 <WCHScokedIntHandle+0x1e>
    32f8:	00146413          	ori	s0,s0,1
    32fc:	c080                	sw	s0,0(s1)
    32fe:	b7dd                	j	32e4 <WCHScokedIntHandle+0x22>
    3300:	00846413          	ori	s0,s0,8
    3304:	bfe5                	j	32fc <WCHScokedIntHandle+0x3a>
    3306:	5948                	lw	a0,52(a0)
    3308:	01046413          	ori	s0,s0,16
    330c:	d965                	beqz	a0,32fc <WCHScokedIntHandle+0x3a>
    330e:	20f020ef          	jal	ra,5d1c <tcp_close>
    3312:	b7ed                	j	32fc <WCHScokedIntHandle+0x3a>

00003314 <LwipRemoveTcpPcb>:
LwipRemoveTcpPcb():
    3314:	ec3fc2ef          	jal	t0,1d6 <__riscv_save_4>
    3318:	1141                	addi	sp,sp,-16
    331a:	00f10593          	addi	a1,sp,15
    331e:	89aa                	mv	s3,a0
    3320:	000107a3          	sb	zero,15(sp)
    3324:	91bff0ef          	jal	ra,2c3e <WCHFindCorrectTCBPcb>
    3328:	c515                	beqz	a0,3354 <LwipRemoveTcpPcb+0x40>
    332a:	8784                	lbu	s1,15(sp)
    332c:	01849793          	slli	a5,s1,0x18
    3330:	87e1                	srai	a5,a5,0x18
    3332:	0207d463          	bgez	a5,335a <LwipRemoveTcpPcb+0x46>
    3336:	03c00413          	li	s0,60
    333a:	07f4f493          	andi	s1,s1,127
    333e:	028484b3          	mul	s1,s1,s0
    3342:	20007437          	lui	s0,0x20007
    3346:	33c40413          	addi	s0,s0,828 # 2000733c <SocketInf>
    334a:	9426                	add	s0,s0,s1
    334c:	02042a23          	sw	zero,52(s0)
    3350:	02042023          	sw	zero,32(s0)
    3354:	0141                	addi	sp,sp,16
    3356:	eb5fc06f          	j	20a <__riscv_restore_4>
    335a:	8cc1c783          	lbu	a5,-1844(gp) # 200000ec <SockNumber>
    335e:	fef4fbe3          	bgeu	s1,a5,3354 <LwipRemoveTcpPcb+0x40>
    3362:	03c00713          	li	a4,60
    3366:	02e48733          	mul	a4,s1,a4
    336a:	200077b7          	lui	a5,0x20007
    336e:	33c78413          	addi	s0,a5,828 # 2000733c <SocketInf>
    3372:	33c78913          	addi	s2,a5,828
    3376:	943a                	add	s0,s0,a4
    3378:	4c54                	lw	a3,28(s0)
    337a:	470d                	li	a4,3
    337c:	fce69ce3          	bne	a3,a4,3354 <LwipRemoveTcpPcb+0x40>
    3380:	0109a783          	lw	a5,16(s3)
    3384:	4705                	li	a4,1
    3386:	17dd                	addi	a5,a5,-9
    3388:	0ff7f793          	andi	a5,a5,255
    338c:	00f76e63          	bltu	a4,a5,33a8 <LwipRemoveTcpPcb+0x94>
    3390:	45c1                	li	a1,16
    3392:	8522                	mv	a0,s0
    3394:	f2fff0ef          	jal	ra,32c2 <WCHScokedIntHandle>
    3398:	03c00793          	li	a5,60
    339c:	02f484b3          	mul	s1,s1,a5
    33a0:	94ca                	add	s1,s1,s2
    33a2:	0204a823          	sw	zero,48(s1)
    33a6:	b76d                	j	3350 <LwipRemoveTcpPcb+0x3c>
    33a8:	201c                	lbu	a5,0(s0)
    33aa:	0407e793          	ori	a5,a5,64
    33ae:	c01c                	sw	a5,0(s0)
    33b0:	b7e5                	j	3398 <LwipRemoveTcpPcb+0x84>

000033b2 <WCHNET_QueryGlobalInt>:
WCHNET_QueryGlobalInt():
    33b2:	20007737          	lui	a4,0x20007
    33b6:	8cc1c683          	lbu	a3,-1844(gp) # 200000ec <SockNumber>
    33ba:	33c70713          	addi	a4,a4,828 # 2000733c <SocketInf>
    33be:	4781                	li	a5,0
    33c0:	00f68f63          	beq	a3,a5,33de <WCHNET_QueryGlobalInt+0x2c>
    33c4:	03c70713          	addi	a4,a4,60
    33c8:	fc472603          	lw	a2,-60(a4)
    33cc:	ce11                	beqz	a2,33e8 <WCHNET_QueryGlobalInt+0x36>
    33ce:	200077b7          	lui	a5,0x20007
    33d2:	3fc78793          	addi	a5,a5,1020 # 200073fc <NetInf>
    33d6:	57d8                	lw	a4,44(a5)
    33d8:	01076713          	ori	a4,a4,16
    33dc:	d7d8                	sw	a4,44(a5)
    33de:	200077b7          	lui	a5,0x20007
    33e2:	4287c503          	lbu	a0,1064(a5) # 20007428 <NetInf+0x2c>
    33e6:	8082                	ret
    33e8:	0785                	addi	a5,a5,1
    33ea:	0ff7f793          	andi	a5,a5,255
    33ee:	bfc9                	j	33c0 <WCHNET_QueryGlobalInt+0xe>

000033f0 <WCHNET_GetGlobalInt>:
WCHNET_GetGlobalInt():
    33f0:	e01fc2ef          	jal	t0,1f0 <__riscv_save_0>
    33f4:	fbfff0ef          	jal	ra,33b2 <WCHNET_QueryGlobalInt>
    33f8:	200077b7          	lui	a5,0x20007
    33fc:	4207a423          	sw	zero,1064(a5) # 20007428 <NetInf+0x2c>
    3400:	e15fc06f          	j	214 <__riscv_restore_0>

00003404 <WCHNET_GetSocketInt>:
WCHNET_GetSocketInt():
    3404:	8cc1c783          	lbu	a5,-1844(gp) # 200000ec <SockNumber>
    3408:	02f57163          	bgeu	a0,a5,342a <WCHNET_GetSocketInt+0x26>
    340c:	03c00793          	li	a5,60
    3410:	02f50533          	mul	a0,a0,a5
    3414:	200077b7          	lui	a5,0x20007
    3418:	33c78793          	addi	a5,a5,828 # 2000733c <SocketInf>
    341c:	97aa                	add	a5,a5,a0
    341e:	4398                	lw	a4,0(a5)
    3420:	0ff77513          	andi	a0,a4,255
    3424:	8b11                	andi	a4,a4,4
    3426:	c398                	sw	a4,0(a5)
    3428:	8082                	ret
    342a:	4501                	li	a0,0
    342c:	8082                	ret

0000342e <WCHNET_GetPHYStatus>:
WCHNET_GetPHYStatus():
    342e:	200077b7          	lui	a5,0x20007
    3432:	41c7c503          	lbu	a0,1052(a5) # 2000741c <NetInf+0x20>
    3436:	8082                	ret

00003438 <WCHNET_SocketSetKeepLive>:
WCHNET_SocketSetKeepLive():
    3438:	03c00793          	li	a5,60
    343c:	02f50533          	mul	a0,a0,a5
    3440:	200077b7          	lui	a5,0x20007
    3444:	33c78793          	addi	a5,a5,828 # 2000733c <SocketInf>
    3448:	953e                	add	a0,a0,a5
    344a:	591c                	lw	a5,48(a0)
    344c:	cf95                	beqz	a5,3488 <WCHNET_SocketSetKeepLive+0x50>
    344e:	5114                	lw	a3,32(a0)
    3450:	4715                	li	a4,5
    3452:	455d                	li	a0,23
    3454:	02e69b63          	bne	a3,a4,348a <WCHNET_SocketSetKeepLive+0x52>
    3458:	8985                	andi	a1,a1,1
    345a:	279a                	lhu	a4,8(a5)
    345c:	c19d                	beqz	a1,3482 <WCHNET_SocketSetKeepLive+0x4a>
    345e:	00876713          	ori	a4,a4,8
    3462:	a79a                	sh	a4,8(a5)
    3464:	20007737          	lui	a4,0x20007
    3468:	3f070713          	addi	a4,a4,1008 # 200073f0 <KeepLiveCfg>
    346c:	4314                	lw	a3,0(a4)
    346e:	0ad7a023          	sw	a3,160(a5)
    3472:	4354                	lw	a3,4(a4)
    3474:	4718                	lw	a4,8(a4)
    3476:	0ad7a223          	sw	a3,164(a5)
    347a:	0ae7a423          	sw	a4,168(a5)
    347e:	4501                	li	a0,0
    3480:	8082                	ret
    3482:	9b5d                	andi	a4,a4,-9
    3484:	a79a                	sh	a4,8(a5)
    3486:	bfe5                	j	347e <WCHNET_SocketSetKeepLive+0x46>
    3488:	455d                	li	a0,23
    348a:	8082                	ret

0000348c <WCHNET_SocketConnect>:
WCHNET_SocketConnect():
    348c:	8cc1c783          	lbu	a5,-1844(gp) # 200000ec <SockNumber>
    3490:	06f57763          	bgeu	a0,a5,34fe <WCHNET_SocketConnect+0x72>
    3494:	d5dfc2ef          	jal	t0,1f0 <__riscv_save_0>
    3498:	03c00413          	li	s0,60
    349c:	02850533          	mul	a0,a0,s0
    34a0:	20007437          	lui	s0,0x20007
    34a4:	33c40413          	addi	s0,s0,828 # 2000733c <SocketInf>
    34a8:	1141                	addi	sp,sp,-16
    34aa:	942a                	add	s0,s0,a0
    34ac:	5804                	lw	s1,48(s0)
    34ae:	455d                	li	a0,23
    34b0:	cc85                	beqz	s1,34e8 <WCHNET_SocketConnect+0x5c>
    34b2:	5018                	lw	a4,32(s0)
    34b4:	4795                	li	a5,5
    34b6:	02f71963          	bne	a4,a5,34e8 <WCHNET_SocketConnect+0x5c>
    34ba:	545c                	lw	a5,44(s0)
    34bc:	02042a23          	sw	zero,52(s0)
    34c0:	000036b7          	lui	a3,0x3
    34c4:	c63e                	sw	a5,12(sp)
    34c6:	3052                	lhu	a2,36(s0)
    34c8:	99068693          	addi	a3,a3,-1648 # 2990 <LwipTcpConnectedCallBack>
    34cc:	006c                	addi	a1,sp,12
    34ce:	8526                	mv	a0,s1
    34d0:	44b020ef          	jal	ra,611a <tcp_connect>
    34d4:	892a                	mv	s2,a0
    34d6:	cd01                	beqz	a0,34ee <WCHNET_SocketConnect+0x62>
    34d8:	8526                	mv	a0,s1
    34da:	043020ef          	jal	ra,5d1c <tcp_close>
    34de:	854a                	mv	a0,s2
    34e0:	02042023          	sw	zero,32(s0)
    34e4:	ceeff0ef          	jal	ra,29d2 <ErrorEncode>
    34e8:	0141                	addi	sp,sp,16
    34ea:	d2bfc06f          	j	214 <__riscv_restore_0>
    34ee:	0264c783          	lbu	a5,38(s1)
    34f2:	4501                	li	a0,0
    34f4:	fbf7f793          	andi	a5,a5,-65
    34f8:	02f48323          	sb	a5,38(s1)
    34fc:	b7f5                	j	34e8 <WCHNET_SocketConnect+0x5c>
    34fe:	4569                	li	a0,26
    3500:	8082                	ret

00003502 <QueryPingEnable>:
QueryPingEnable():
    3502:	200077b7          	lui	a5,0x20007
    3506:	4547a503          	lw	a0,1108(a5) # 20007454 <WCHCfg+0x14>
    350a:	8135                	srli	a0,a0,0xd
    350c:	8905                	andi	a0,a0,1
    350e:	8082                	ret

00003510 <LwipUnreachPort>:
LwipUnreachPort():
    3510:	200077b7          	lui	a5,0x20007
    3514:	3fc78793          	addi	a5,a5,1020 # 200073fc <NetInf>
    3518:	4705                	li	a4,1
    351a:	1141                	addi	sp,sp,-16
    351c:	cbc8                	sw	a0,20(a5)
    351e:	db94                	sw	a3,48(a5)
    3520:	dbd0                	sw	a2,52(a5)
    3522:	df8c                	sw	a1,56(a5)
    3524:	d7d8                	sw	a4,44(a5)
    3526:	0141                	addi	sp,sp,16
    3528:	8082                	ret

0000352a <LwipArpCheck>:
LwipArpCheck():
    352a:	200077b7          	lui	a5,0x20007
    352e:	4705                	li	a4,1
    3530:	42e7ac23          	sw	a4,1080(a5) # 20007438 <NetInf+0x3c>
    3534:	8082                	ret

00003536 <find_entry>:
find_entry():
    3536:	cbbfc2ef          	jal	t0,1f0 <__riscv_save_0>
    353a:	200077b7          	lui	a5,0x20007
    353e:	44c7a603          	lw	a2,1100(a5) # 2000744c <WCHCfg+0xc>
    3542:	8241a683          	lw	a3,-2012(gp) # 20000044 <arp_table>
    3546:	01861713          	slli	a4,a2,0x18
    354a:	8761                	srai	a4,a4,0x18
    354c:	14050c63          	beqz	a0,36a4 <find_entry+0x16e>
    3550:	8dc1c783          	lbu	a5,-1828(gp) # 200000fc <etharp_cached_entry>
    3554:	4861                	li	a6,24
    3556:	4889                	li	a7,2
    3558:	03078833          	mul	a6,a5,a6
    355c:	9836                	add	a6,a6,a3
    355e:	00c82303          	lw	t1,12(a6)
    3562:	15131163          	bne	t1,a7,36a4 <find_entry+0x16e>
    3566:	00154303          	lbu	t1,1(a0)
    356a:	00054883          	lbu	a7,0(a0)
    356e:	00082803          	lw	a6,0(a6)
    3572:	0322                	slli	t1,t1,0x8
    3574:	01136333          	or	t1,t1,a7
    3578:	00254883          	lbu	a7,2(a0)
    357c:	08c2                	slli	a7,a7,0x10
    357e:	0068e333          	or	t1,a7,t1
    3582:	00354883          	lbu	a7,3(a0)
    3586:	08e2                	slli	a7,a7,0x18
    3588:	0068e8b3          	or	a7,a7,t1
    358c:	11089c63          	bne	a7,a6,36a4 <find_entry+0x16e>
    3590:	07e2                	slli	a5,a5,0x18
    3592:	87e1                	srai	a5,a5,0x18
    3594:	853e                	mv	a0,a5
    3596:	c7ffc06f          	j	214 <__riscv_restore_0>
    359a:	025788b3          	mul	a7,a5,t0
    359e:	98b6                	add	a7,a7,a3
    35a0:	00c8ae03          	lw	t3,12(a7) # 800c <tcp_output+0x320>
    35a4:	07061a63          	bne	a2,a6,3618 <find_entry+0xe2>
    35a8:	060e1863          	bnez	t3,3618 <find_entry+0xe2>
    35ac:	01879813          	slli	a6,a5,0x18
    35b0:	41885813          	srai	a6,a6,0x18
    35b4:	0785                	addi	a5,a5,1
    35b6:	07c2                	slli	a5,a5,0x10
    35b8:	83c1                	srli	a5,a5,0x10
    35ba:	fec7e0e3          	bltu	a5,a2,359a <find_entry+0x64>
    35be:	01061763          	bne	a2,a6,35cc <find_entry+0x96>
    35c2:	0015f893          	andi	a7,a1,1
    35c6:	57fd                	li	a5,-1
    35c8:	fc0886e3          	beqz	a7,3594 <find_entry+0x5e>
    35cc:	8989                	andi	a1,a1,2
    35ce:	57fd                	li	a5,-1
    35d0:	f1f1                	bnez	a1,3594 <find_entry+0x5e>
    35d2:	01081793          	slli	a5,a6,0x10
    35d6:	00c86b63          	bltu	a6,a2,35ec <find_entry+0xb6>
    35da:	01031793          	slli	a5,t1,0x10
    35de:	00c36763          	bltu	t1,a2,35ec <find_entry+0xb6>
    35e2:	57fd                	li	a5,-1
    35e4:	fac778e3          	bgeu	a4,a2,3594 <find_entry+0x5e>
    35e8:	01071793          	slli	a5,a4,0x10
    35ec:	83c1                	srli	a5,a5,0x10
    35ee:	4761                	li	a4,24
    35f0:	02e78733          	mul	a4,a5,a4
    35f4:	96ba                	add	a3,a3,a4
    35f6:	0006a623          	sw	zero,12(a3)
    35fa:	cd01                	beqz	a0,3612 <find_entry+0xdc>
    35fc:	3110                	lbu	a2,1(a0)
    35fe:	2118                	lbu	a4,0(a0)
    3600:	0622                	slli	a2,a2,0x8
    3602:	8e59                	or	a2,a2,a4
    3604:	2138                	lbu	a4,2(a0)
    3606:	0742                	slli	a4,a4,0x10
    3608:	8e59                	or	a2,a2,a4
    360a:	3138                	lbu	a4,3(a0)
    360c:	0762                	slli	a4,a4,0x18
    360e:	8f51                	or	a4,a4,a2
    3610:	c298                	sw	a4,0(a3)
    3612:	00069823          	sh	zero,16(a3)
    3616:	a80d                	j	3648 <find_entry+0x112>
    3618:	047e1463          	bne	t3,t2,3660 <find_entry+0x12a>
    361c:	c90d                	beqz	a0,364e <find_entry+0x118>
    361e:	00154e83          	lbu	t4,1(a0)
    3622:	00054e03          	lbu	t3,0(a0)
    3626:	0ea2                	slli	t4,t4,0x8
    3628:	01ceeeb3          	or	t4,t4,t3
    362c:	00254e03          	lbu	t3,2(a0)
    3630:	0e42                	slli	t3,t3,0x10
    3632:	01de6eb3          	or	t4,t3,t4
    3636:	00354e03          	lbu	t3,3(a0)
    363a:	0e62                	slli	t3,t3,0x18
    363c:	01de6e33          	or	t3,t3,t4
    3640:	0008ae83          	lw	t4,0(a7)
    3644:	01de1563          	bne	t3,t4,364e <find_entry+0x118>
    3648:	8cf18e23          	sb	a5,-1828(gp) # 200000fc <etharp_cached_entry>
    364c:	b791                	j	3590 <find_entry+0x5a>
    364e:	0108d883          	lhu	a7,16(a7)
    3652:	f7e8e1e3          	bltu	a7,t5,35b4 <find_entry+0x7e>
    3656:	01879713          	slli	a4,a5,0x18
    365a:	8761                	srai	a4,a4,0x18
    365c:	8f46                	mv	t5,a7
    365e:	bf99                	j	35b4 <find_entry+0x7e>
    3660:	f48e1ae3          	bne	t3,s0,35b4 <find_entry+0x7e>
    3664:	c515                	beqz	a0,3690 <find_entry+0x15a>
    3666:	00154e83          	lbu	t4,1(a0)
    366a:	00054e03          	lbu	t3,0(a0)
    366e:	0ea2                	slli	t4,t4,0x8
    3670:	01ceeeb3          	or	t4,t4,t3
    3674:	00254e03          	lbu	t3,2(a0)
    3678:	0e42                	slli	t3,t3,0x10
    367a:	01de6eb3          	or	t4,t3,t4
    367e:	00354e03          	lbu	t3,3(a0)
    3682:	0e62                	slli	t3,t3,0x18
    3684:	01de6e33          	or	t3,t3,t4
    3688:	0008ae83          	lw	t4,0(a7)
    368c:	fbde0ee3          	beq	t3,t4,3648 <find_entry+0x112>
    3690:	0108d883          	lhu	a7,16(a7)
    3694:	f3f8e0e3          	bltu	a7,t6,35b4 <find_entry+0x7e>
    3698:	01879313          	slli	t1,a5,0x18
    369c:	41835313          	srai	t1,t1,0x18
    36a0:	8fc6                	mv	t6,a7
    36a2:	bf09                	j	35b4 <find_entry+0x7e>
    36a4:	883a                	mv	a6,a4
    36a6:	833a                	mv	t1,a4
    36a8:	4f81                	li	t6,0
    36aa:	4f01                	li	t5,0
    36ac:	4781                	li	a5,0
    36ae:	42e1                	li	t0,24
    36b0:	4385                	li	t2,1
    36b2:	4409                	li	s0,2
    36b4:	b719                	j	35ba <find_entry+0x84>

000036b6 <update_arp_entry>:
update_arp_entry():
    36b6:	b21fc2ef          	jal	t0,1d6 <__riscv_save_4>
    36ba:	3198                	lbu	a4,1(a1)
    36bc:	219c                	lbu	a5,0(a1)
    36be:	8a36                	mv	s4,a3
    36c0:	0722                	slli	a4,a4,0x8
    36c2:	8f5d                	or	a4,a4,a5
    36c4:	21bc                	lbu	a5,2(a1)
    36c6:	4154                	lw	a3,4(a0)
    36c8:	07c2                	slli	a5,a5,0x10
    36ca:	8f5d                	or	a4,a4,a5
    36cc:	31bc                	lbu	a5,3(a1)
    36ce:	07e2                	slli	a5,a5,0x18
    36d0:	8fd9                	or	a5,a5,a4
    36d2:	00f69b63          	bne	a3,a5,36e8 <update_arp_entry+0x32>
    36d6:	e689                	bnez	a3,36e0 <update_arp_entry+0x2a>
    36d8:	57d9                	li	a5,-10
    36da:	853e                	mv	a0,a5
    36dc:	b2ffc06f          	j	20a <__riscv_restore_4>
    36e0:	4505                	li	a0,1
    36e2:	fcdfe0ef          	jal	ra,26ae <IPConflictHandle>
    36e6:	bfcd                	j	36d8 <update_arp_entry+0x22>
    36e8:	dbe5                	beqz	a5,36d8 <update_arp_entry+0x22>
    36ea:	842e                	mv	s0,a1
    36ec:	892a                	mv	s2,a0
    36ee:	85aa                	mv	a1,a0
    36f0:	8522                	mv	a0,s0
    36f2:	89b2                	mv	s3,a2
    36f4:	4b9000ef          	jal	ra,43ac <ip_addr_isbroadcast>
    36f8:	f165                	bnez	a0,36d8 <update_arp_entry+0x22>
    36fa:	301c                	lbu	a5,1(s0)
    36fc:	2004                	lbu	s1,0(s0)
    36fe:	f0000537          	lui	a0,0xf0000
    3702:	07a2                	slli	a5,a5,0x8
    3704:	8fc5                	or	a5,a5,s1
    3706:	2024                	lbu	s1,2(s0)
    3708:	04c2                	slli	s1,s1,0x10
    370a:	8fc5                	or	a5,a5,s1
    370c:	3024                	lbu	s1,3(s0)
    370e:	04e2                	slli	s1,s1,0x18
    3710:	8cdd                	or	s1,s1,a5
    3712:	019000ef          	jal	ra,3f2a <ntohl>
    3716:	8ce9                	and	s1,s1,a0
    3718:	e0000537          	lui	a0,0xe0000
    371c:	00f000ef          	jal	ra,3f2a <ntohl>
    3720:	faa48ce3          	beq	s1,a0,36d8 <update_arp_entry+0x22>
    3724:	85d2                	mv	a1,s4
    3726:	8522                	mv	a0,s0
    3728:	e0fff0ef          	jal	ra,3536 <find_entry>
    372c:	87aa                	mv	a5,a0
    372e:	fa0546e3          	bltz	a0,36da <update_arp_entry+0x24>
    3732:	47e1                	li	a5,24
    3734:	02f507b3          	mul	a5,a0,a5
    3738:	8241a503          	lw	a0,-2012(gp) # 20000044 <arp_table>
    373c:	953e                	add	a0,a0,a5
    373e:	4789                	li	a5,2
    3740:	c55c                	sw	a5,12(a0)
    3742:	01252a23          	sw	s2,20(a0) # e0000014 <_eusrstack+0xbfff8014>
    3746:	00598793          	addi	a5,s3,5
    374a:	00950713          	addi	a4,a0,9
    374e:	2394                	lbu	a3,0(a5)
    3750:	177d                	addi	a4,a4,-1
    3752:	b314                	sb	a3,1(a4)
    3754:	fff78693          	addi	a3,a5,-1
    3758:	00f99663          	bne	s3,a5,3764 <update_arp_entry+0xae>
    375c:	00051823          	sh	zero,16(a0)
    3760:	4781                	li	a5,0
    3762:	bfa5                	j	36da <update_arp_entry+0x24>
    3764:	87b6                	mv	a5,a3
    3766:	b7e5                	j	374e <update_arp_entry+0x98>

00003768 <etharp_ip_input>:
etharp_ip_input():
    3768:	cd21                	beqz	a0,37c0 <etharp_ip_input+0x58>
    376a:	a87fc2ef          	jal	t0,1f0 <__riscv_save_0>
    376e:	41c4                	lw	s1,4(a1)
    3770:	842a                	mv	s0,a0
    3772:	34dc                	lbu	a5,13(s1)
    3774:	24c8                	lbu	a0,12(s1)
    3776:	07a2                	slli	a5,a5,0x8
    3778:	8d5d                	or	a0,a0,a5
    377a:	770000ef          	jal	ra,3eea <htons>
    377e:	67a1                	lui	a5,0x8
    3780:	10078793          	addi	a5,a5,256 # 8100 <tcp_rst+0xac>
    3784:	01248593          	addi	a1,s1,18
    3788:	00f50463          	beq	a0,a5,3790 <etharp_ip_input+0x28>
    378c:	00e48593          	addi	a1,s1,14
    3790:	35d8                	lbu	a4,13(a1)
    3792:	25dc                	lbu	a5,12(a1)
    3794:	0722                	slli	a4,a4,0x8
    3796:	8f5d                	or	a4,a4,a5
    3798:	25fc                	lbu	a5,14(a1)
    379a:	07c2                	slli	a5,a5,0x10
    379c:	8f5d                	or	a4,a4,a5
    379e:	35fc                	lbu	a5,15(a1)
    37a0:	07e2                	slli	a5,a5,0x18
    37a2:	8fd9                	or	a5,a5,a4
    37a4:	4058                	lw	a4,4(s0)
    37a6:	8fb9                	xor	a5,a5,a4
    37a8:	4418                	lw	a4,8(s0)
    37aa:	8ff9                	and	a5,a5,a4
    37ac:	eb81                	bnez	a5,37bc <etharp_ip_input+0x54>
    37ae:	4681                	li	a3,0
    37b0:	00648613          	addi	a2,s1,6
    37b4:	05b1                	addi	a1,a1,12
    37b6:	8522                	mv	a0,s0
    37b8:	effff0ef          	jal	ra,36b6 <update_arp_entry>
    37bc:	a59fc06f          	j	214 <__riscv_restore_0>
    37c0:	8082                	ret

000037c2 <etharp_arp_input>:
etharp_arp_input():
    37c2:	16050763          	beqz	a0,3930 <etharp_arp_input+0x16e>
    37c6:	a11fc2ef          	jal	t0,1d6 <__riscv_save_4>
    37ca:	263a                	lhu	a4,10(a2)
    37cc:	02900793          	li	a5,41
    37d0:	1141                	addi	sp,sp,-16
    37d2:	89b2                	mv	s3,a2
    37d4:	8a2e                	mv	s4,a1
    37d6:	84aa                	mv	s1,a0
    37d8:	00e7e863          	bltu	a5,a4,37e8 <etharp_arp_input+0x26>
    37dc:	854e                	mv	a0,s3
    37de:	309010ef          	jal	ra,52e6 <pbuf_free>
    37e2:	0141                	addi	sp,sp,16
    37e4:	a27fc06f          	j	20a <__riscv_restore_4>
    37e8:	00462903          	lw	s2,4(a2)
    37ec:	00d94783          	lbu	a5,13(s2)
    37f0:	00c94503          	lbu	a0,12(s2)
    37f4:	01290413          	addi	s0,s2,18
    37f8:	07a2                	slli	a5,a5,0x8
    37fa:	8d5d                	or	a0,a0,a5
    37fc:	6ee000ef          	jal	ra,3eea <htons>
    3800:	67a1                	lui	a5,0x8
    3802:	10078793          	addi	a5,a5,256 # 8100 <tcp_rst+0xac>
    3806:	00f50463          	beq	a0,a5,380e <etharp_arp_input+0x4c>
    380a:	00e90413          	addi	s0,s2,14
    380e:	00144a83          	lbu	s5,1(s0)
    3812:	201c                	lbu	a5,0(s0)
    3814:	4505                	li	a0,1
    3816:	0aa2                	slli	s5,s5,0x8
    3818:	00faeab3          	or	s5,s5,a5
    381c:	6ce000ef          	jal	ra,3eea <htons>
    3820:	faaa9ee3          	bne	s5,a0,37dc <etharp_arp_input+0x1a>
    3824:	00544a83          	lbu	s5,5(s0)
    3828:	205c                	lbu	a5,4(s0)
    382a:	60400513          	li	a0,1540
    382e:	0aa2                	slli	s5,s5,0x8
    3830:	00faeab3          	or	s5,s5,a5
    3834:	6b6000ef          	jal	ra,3eea <htons>
    3838:	faaa92e3          	bne	s5,a0,37dc <etharp_arp_input+0x1a>
    383c:	00344a83          	lbu	s5,3(s0)
    3840:	203c                	lbu	a5,2(s0)
    3842:	6505                	lui	a0,0x1
    3844:	0aa2                	slli	s5,s5,0x8
    3846:	80050513          	addi	a0,a0,-2048 # 800 <__stack_size>
    384a:	00faeab3          	or	s5,s5,a5
    384e:	69c000ef          	jal	ra,3eea <htons>
    3852:	f8aa95e3          	bne	s5,a0,37dc <etharp_arp_input+0x1a>
    3856:	00e40a93          	addi	s5,s0,14
    385a:	4611                	li	a2,4
    385c:	85d6                	mv	a1,s5
    385e:	0068                	addi	a0,sp,12
    3860:	29f050ef          	jal	ra,92fe <memcpy>
    3864:	40d4                	lw	a3,4(s1)
    3866:	00840613          	addi	a2,s0,8
    386a:	c2ad                	beqz	a3,38cc <etharp_arp_input+0x10a>
    386c:	3c18                	lbu	a4,25(s0)
    386e:	2c1c                	lbu	a5,24(s0)
    3870:	0722                	slli	a4,a4,0x8
    3872:	8f5d                	or	a4,a4,a5
    3874:	2c3c                	lbu	a5,26(s0)
    3876:	07c2                	slli	a5,a5,0x10
    3878:	8f5d                	or	a4,a4,a5
    387a:	3c3c                	lbu	a5,27(s0)
    387c:	07e2                	slli	a5,a5,0x18
    387e:	8fd9                	or	a5,a5,a4
    3880:	04f69663          	bne	a3,a5,38cc <etharp_arp_input+0x10a>
    3884:	4685                	li	a3,1
    3886:	006c                	addi	a1,sp,12
    3888:	8526                	mv	a0,s1
    388a:	e2dff0ef          	jal	ra,36b6 <update_arp_entry>
    388e:	4b05                	li	s6,1
    3890:	307c                	lbu	a5,7(s0)
    3892:	2068                	lbu	a0,6(s0)
    3894:	07a2                	slli	a5,a5,0x8
    3896:	8d5d                	or	a0,a0,a5
    3898:	2d89                	jal	3eea <htons>
    389a:	4785                	li	a5,1
    389c:	02f50f63          	beq	a0,a5,38da <etharp_arp_input+0x118>
    38a0:	4789                	li	a5,2
    38a2:	f2f51de3          	bne	a0,a5,37dc <etharp_arp_input+0x1a>
    38a6:	006c                	addi	a1,sp,12
    38a8:	8526                	mv	a0,s1
    38aa:	3f8010ef          	jal	ra,4ca2 <dhcp_arp_reply>
    38ae:	200077b7          	lui	a5,0x20007
    38b2:	3847a703          	lw	a4,900(a5) # 20007384 <DHCPCtrl>
    38b6:	f20703e3          	beqz	a4,37dc <etharp_arp_input+0x1a>
    38ba:	38478793          	addi	a5,a5,900
    38be:	47dc                	lw	a5,12(a5)
    38c0:	f0078ee3          	beqz	a5,37dc <etharp_arp_input+0x1a>
    38c4:	006c                	addi	a1,sp,12
    38c6:	8526                	mv	a0,s1
    38c8:	9782                	jalr	a5
    38ca:	bf09                	j	37dc <etharp_arp_input+0x1a>
    38cc:	4681                	li	a3,0
    38ce:	006c                	addi	a1,sp,12
    38d0:	8526                	mv	a0,s1
    38d2:	de5ff0ef          	jal	ra,36b6 <update_arp_entry>
    38d6:	4b01                	li	s6,0
    38d8:	bf65                	j	3890 <etharp_arp_input+0xce>
    38da:	f00b01e3          	beqz	s6,37dc <etharp_arp_input+0x1a>
    38de:	4509                	li	a0,2
    38e0:	2529                	jal	3eea <htons>
    38e2:	a068                	sb	a0,6(s0)
    38e4:	8121                	srli	a0,a0,0x8
    38e6:	b068                	sb	a0,7(s0)
    38e8:	4611                	li	a2,4
    38ea:	85d6                	mv	a1,s5
    38ec:	01840513          	addi	a0,s0,24
    38f0:	20f050ef          	jal	ra,92fe <memcpy>
    38f4:	4611                	li	a2,4
    38f6:	00448593          	addi	a1,s1,4
    38fa:	8556                	mv	a0,s5
    38fc:	203050ef          	jal	ra,92fe <memcpy>
    3900:	0435                	addi	s0,s0,13
    3902:	0915                	addi	s2,s2,5
    3904:	4795                	li	a5,5
    3906:	56fd                	li	a3,-1
    3908:	2018                	lbu	a4,0(s0)
    390a:	197d                	addi	s2,s2,-1
    390c:	147d                	addi	s0,s0,-1
    390e:	b438                	sb	a4,11(s0)
    3910:	00e900a3          	sb	a4,1(s2)
    3914:	00fa0733          	add	a4,s4,a5
    3918:	2318                	lbu	a4,0(a4)
    391a:	17fd                	addi	a5,a5,-1
    391c:	b018                	sb	a4,1(s0)
    391e:	00e903a3          	sb	a4,7(s2)
    3922:	fed793e3          	bne	a5,a3,3908 <etharp_arp_input+0x146>
    3926:	4c9c                	lw	a5,24(s1)
    3928:	85ce                	mv	a1,s3
    392a:	8526                	mv	a0,s1
    392c:	9782                	jalr	a5
    392e:	b57d                	j	37dc <etharp_arp_input+0x1a>
    3930:	8082                	ret

00003932 <etharp_request>:
etharp_request():
    3932:	8a5fc2ef          	jal	t0,1d6 <__riscv_save_4>
    3936:	892a                	mv	s2,a0
    3938:	89ae                	mv	s3,a1
    393a:	4601                	li	a2,0
    393c:	02a00593          	li	a1,42
    3940:	450d                	li	a0,3
    3942:	1f3010ef          	jal	ra,5334 <pbuf_alloc>
    3946:	547d                	li	s0,-1
    3948:	c94d                	beqz	a0,39fa <etharp_request+0xc8>
    394a:	4140                	lw	s0,4(a0)
    394c:	84aa                	mv	s1,a0
    394e:	4505                	li	a0,1
    3950:	2b69                	jal	3eea <htons>
    3952:	a848                	sb	a0,20(s0)
    3954:	8121                	srli	a0,a0,0x8
    3956:	b848                	sb	a0,21(s0)
    3958:	02e90693          	addi	a3,s2,46
    395c:	00540793          	addi	a5,s0,5
    3960:	4715                	li	a4,5
    3962:	84018593          	addi	a1,gp,-1984 # 20000060 <ethzero>
    3966:	83818613          	addi	a2,gp,-1992 # 20000058 <ethbroadcast>
    396a:	557d                	li	a0,-1
    396c:	0006c803          	lbu	a6,0(a3)
    3970:	17fd                	addi	a5,a5,-1
    3972:	16fd                	addi	a3,a3,-1
    3974:	01078ba3          	sb	a6,23(a5)
    3978:	00e58833          	add	a6,a1,a4
    397c:	00084803          	lbu	a6,0(a6)
    3980:	030780a3          	sb	a6,33(a5)
    3984:	00e60833          	add	a6,a2,a4
    3988:	00084803          	lbu	a6,0(a6)
    398c:	177d                	addi	a4,a4,-1
    398e:	010780a3          	sb	a6,1(a5)
    3992:	0016c803          	lbu	a6,1(a3)
    3996:	010783a3          	sb	a6,7(a5)
    399a:	fca719e3          	bne	a4,a0,396c <etharp_request+0x3a>
    399e:	4611                	li	a2,4
    39a0:	00490593          	addi	a1,s2,4
    39a4:	01c40513          	addi	a0,s0,28
    39a8:	157050ef          	jal	ra,92fe <memcpy>
    39ac:	85ce                	mv	a1,s3
    39ae:	4611                	li	a2,4
    39b0:	02640513          	addi	a0,s0,38
    39b4:	14b050ef          	jal	ra,92fe <memcpy>
    39b8:	4505                	li	a0,1
    39ba:	2b05                	jal	3eea <htons>
    39bc:	a468                	sb	a0,14(s0)
    39be:	6985                	lui	s3,0x1
    39c0:	8121                	srli	a0,a0,0x8
    39c2:	b468                	sb	a0,15(s0)
    39c4:	80098513          	addi	a0,s3,-2048 # 800 <__stack_size>
    39c8:	230d                	jal	3eea <htons>
    39ca:	a808                	sb	a0,16(s0)
    39cc:	8121                	srli	a0,a0,0x8
    39ce:	b808                	sb	a0,17(s0)
    39d0:	60400513          	li	a0,1540
    39d4:	2b19                	jal	3eea <htons>
    39d6:	a828                	sb	a0,18(s0)
    39d8:	8121                	srli	a0,a0,0x8
    39da:	b828                	sb	a0,19(s0)
    39dc:	80698513          	addi	a0,s3,-2042
    39e0:	2329                	jal	3eea <htons>
    39e2:	01892783          	lw	a5,24(s2)
    39e6:	a448                	sb	a0,12(s0)
    39e8:	8121                	srli	a0,a0,0x8
    39ea:	b448                	sb	a0,13(s0)
    39ec:	85a6                	mv	a1,s1
    39ee:	854a                	mv	a0,s2
    39f0:	9782                	jalr	a5
    39f2:	842a                	mv	s0,a0
    39f4:	8526                	mv	a0,s1
    39f6:	0f1010ef          	jal	ra,52e6 <pbuf_free>
    39fa:	8522                	mv	a0,s0
    39fc:	80ffc06f          	j	20a <__riscv_restore_4>

00003a00 <etharp_tmr>:
etharp_tmr():
    3a00:	fc8fc2ef          	jal	t0,1c8 <__riscv_save_10>
    3a04:	200074b7          	lui	s1,0x20007
    3a08:	4401                	li	s0,0
    3a0a:	44048493          	addi	s1,s1,1088 # 20007440 <WCHCfg>
    3a0e:	4ae1                	li	s5,24
    3a10:	4b89                	li	s7,2
    3a12:	4c05                	li	s8,1
    3a14:	0ff00c93          	li	s9,255
    3a18:	44dc                	lw	a5,12(s1)
    3a1a:	00f46463          	bltu	s0,a5,3a22 <etharp_tmr+0x22>
    3a1e:	fe2fc06f          	j	200 <__riscv_restore_10>
    3a22:	03540933          	mul	s2,s0,s5
    3a26:	82418993          	addi	s3,gp,-2012 # 20000044 <arp_table>
    3a2a:	0009a583          	lw	a1,0(s3)
    3a2e:	95ca                	add	a1,a1,s2
    3a30:	299e                	lhu	a5,16(a1)
    3a32:	45d8                	lw	a4,12(a1)
    3a34:	0785                	addi	a5,a5,1
    3a36:	07c2                	slli	a5,a5,0x10
    3a38:	83c1                	srli	a5,a5,0x10
    3a3a:	a99e                	sh	a5,16(a1)
    3a3c:	01771a63          	bne	a4,s7,3a50 <etharp_tmr+0x50>
    3a40:	8ca1d703          	lhu	a4,-1846(gp) # 200000ea <Arp_Entry_timeout>
    3a44:	00e7fc63          	bgeu	a5,a4,3a5c <etharp_tmr+0x5c>
    3a48:	0405                	addi	s0,s0,1
    3a4a:	0ff47413          	andi	s0,s0,255
    3a4e:	b7e9                	j	3a18 <etharp_tmr+0x18>
    3a50:	ff871ce3          	bne	a4,s8,3a48 <etharp_tmr+0x48>
    3a54:	8c81c703          	lbu	a4,-1848(gp) # 200000e8 <ARP_Retry_Cnt>
    3a58:	00f77563          	bgeu	a4,a5,3a62 <etharp_tmr+0x62>
    3a5c:	0005a623          	sw	zero,12(a1)
    3a60:	b7e5                	j	3a48 <etharp_tmr+0x48>
    3a62:	49c8                	lw	a0,20(a1)
    3a64:	ecfff0ef          	jal	ra,3932 <etharp_request>
    3a68:	8c81c783          	lbu	a5,-1848(gp) # 200000e8 <ARP_Retry_Cnt>
    3a6c:	fd979ee3          	bne	a5,s9,3a48 <etharp_tmr+0x48>
    3a70:	0009a783          	lw	a5,0(s3)
    3a74:	97ca                	add	a5,a5,s2
    3a76:	00079823          	sh	zero,16(a5)
    3a7a:	b7f9                	j	3a48 <etharp_tmr+0x48>

00003a7c <etharp_query>:
etharp_query():
    3a7c:	f5afc2ef          	jal	t0,1d6 <__riscv_save_4>
    3a80:	842e                	mv	s0,a1
    3a82:	1141                	addi	sp,sp,-16
    3a84:	892a                	mv	s2,a0
    3a86:	85aa                	mv	a1,a0
    3a88:	8522                	mv	a0,s0
    3a8a:	89b2                	mv	s3,a2
    3a8c:	121000ef          	jal	ra,43ac <ip_addr_isbroadcast>
    3a90:	c509                	beqz	a0,3a9a <etharp_query+0x1e>
    3a92:	5559                	li	a0,-10
    3a94:	0141                	addi	sp,sp,16
    3a96:	f74fc06f          	j	20a <__riscv_restore_4>
    3a9a:	301c                	lbu	a5,1(s0)
    3a9c:	2004                	lbu	s1,0(s0)
    3a9e:	f0000537          	lui	a0,0xf0000
    3aa2:	07a2                	slli	a5,a5,0x8
    3aa4:	8fc5                	or	a5,a5,s1
    3aa6:	2024                	lbu	s1,2(s0)
    3aa8:	04c2                	slli	s1,s1,0x10
    3aaa:	8fc5                	or	a5,a5,s1
    3aac:	3024                	lbu	s1,3(s0)
    3aae:	04e2                	slli	s1,s1,0x18
    3ab0:	8cdd                	or	s1,s1,a5
    3ab2:	29a5                	jal	3f2a <ntohl>
    3ab4:	8ce9                	and	s1,s1,a0
    3ab6:	e0000537          	lui	a0,0xe0000
    3aba:	2985                	jal	3f2a <ntohl>
    3abc:	fca48be3          	beq	s1,a0,3a92 <etharp_query+0x16>
    3ac0:	3018                	lbu	a4,1(s0)
    3ac2:	201c                	lbu	a5,0(s0)
    3ac4:	0722                	slli	a4,a4,0x8
    3ac6:	8f5d                	or	a4,a4,a5
    3ac8:	203c                	lbu	a5,2(s0)
    3aca:	07c2                	slli	a5,a5,0x10
    3acc:	8f5d                	or	a4,a4,a5
    3ace:	303c                	lbu	a5,3(s0)
    3ad0:	07e2                	slli	a5,a5,0x18
    3ad2:	8fd9                	or	a5,a5,a4
    3ad4:	dfdd                	beqz	a5,3a92 <etharp_query+0x16>
    3ad6:	4585                	li	a1,1
    3ad8:	8522                	mv	a0,s0
    3ada:	a5dff0ef          	jal	ra,3536 <find_entry>
    3ade:	fa054be3          	bltz	a0,3a94 <etharp_query+0x18>
    3ae2:	47e1                	li	a5,24
    3ae4:	02f504b3          	mul	s1,a0,a5
    3ae8:	8241a783          	lw	a5,-2012(gp) # 20000044 <arp_table>
    3aec:	82418a13          	addi	s4,gp,-2012 # 20000044 <arp_table>
    3af0:	97a6                	add	a5,a5,s1
    3af2:	47d8                	lw	a4,12(a5)
    3af4:	c711                	beqz	a4,3b00 <etharp_query+0x84>
    3af6:	557d                	li	a0,-1
    3af8:	02099b63          	bnez	s3,3b2e <etharp_query+0xb2>
    3afc:	4a81                	li	s5,0
    3afe:	a031                	j	3b0a <etharp_query+0x8e>
    3b00:	4705                	li	a4,1
    3b02:	c7d8                	sw	a4,12(a5)
    3b04:	0127aa23          	sw	s2,20(a5)
    3b08:	4a85                	li	s5,1
    3b0a:	a21ff0ef          	jal	ra,352a <LwipArpCheck>
    3b0e:	85a2                	mv	a1,s0
    3b10:	854a                	mv	a0,s2
    3b12:	e21ff0ef          	jal	ra,3932 <etharp_request>
    3b16:	ed01                	bnez	a0,3b2e <etharp_query+0xb2>
    3b18:	000a2783          	lw	a5,0(s4)
    3b1c:	4705                	li	a4,1
    3b1e:	97a6                	add	a5,a5,s1
    3b20:	47d4                	lw	a3,12(a5)
    3b22:	00e69663          	bne	a3,a4,3b2e <etharp_query+0xb2>
    3b26:	000a9463          	bnez	s5,3b2e <etharp_query+0xb2>
    3b2a:	00079823          	sh	zero,16(a5)
    3b2e:	000a2783          	lw	a5,0(s4)
    3b32:	97a6                	add	a5,a5,s1
    3b34:	47d8                	lw	a4,12(a5)
    3b36:	4785                	li	a5,1
    3b38:	00f71663          	bne	a4,a5,3b44 <etharp_query+0xc8>
    3b3c:	c62a                	sw	a0,12(sp)
    3b3e:	9edff0ef          	jal	ra,352a <LwipArpCheck>
    3b42:	4532                	lw	a0,12(sp)
    3b44:	f40988e3          	beqz	s3,3a94 <etharp_query+0x18>
    3b48:	000a2783          	lw	a5,0(s4)
    3b4c:	4709                	li	a4,2
    3b4e:	97a6                	add	a5,a5,s1
    3b50:	47d4                	lw	a3,12(a5)
    3b52:	f4e691e3          	bne	a3,a4,3a94 <etharp_query+0x18>
    3b56:	0049a403          	lw	s0,4(s3)
    3b5a:	00978713          	addi	a4,a5,9
    3b5e:	02e90613          	addi	a2,s2,46
    3b62:	00540693          	addi	a3,s0,5
    3b66:	078d                	addi	a5,a5,3
    3b68:	230c                	lbu	a1,0(a4)
    3b6a:	177d                	addi	a4,a4,-1
    3b6c:	16fd                	addi	a3,a3,-1
    3b6e:	b28c                	sb	a1,1(a3)
    3b70:	220c                	lbu	a1,0(a2)
    3b72:	167d                	addi	a2,a2,-1
    3b74:	b2ec                	sb	a1,7(a3)
    3b76:	fef719e3          	bne	a4,a5,3b68 <etharp_query+0xec>
    3b7a:	6505                	lui	a0,0x1
    3b7c:	80050513          	addi	a0,a0,-2048 # 800 <__stack_size>
    3b80:	26ad                	jal	3eea <htons>
    3b82:	01892783          	lw	a5,24(s2)
    3b86:	a448                	sb	a0,12(s0)
    3b88:	8121                	srli	a0,a0,0x8
    3b8a:	b448                	sb	a0,13(s0)
    3b8c:	85ce                	mv	a1,s3
    3b8e:	854a                	mv	a0,s2
    3b90:	9782                	jalr	a5
    3b92:	b709                	j	3a94 <etharp_query+0x18>

00003b94 <etharp_output>:
etharp_output():
    3b94:	e42fc2ef          	jal	t0,1d6 <__riscv_save_4>
    3b98:	84ae                	mv	s1,a1
    3b9a:	1141                	addi	sp,sp,-16
    3b9c:	892a                	mv	s2,a0
    3b9e:	45b9                	li	a1,14
    3ba0:	8526                	mv	a0,s1
    3ba2:	8432                	mv	s0,a2
    3ba4:	6d4010ef          	jal	ra,5278 <pbuf_header>
    3ba8:	10051e63          	bnez	a0,3cc4 <etharp_output+0x130>
    3bac:	85ca                	mv	a1,s2
    3bae:	8522                	mv	a0,s0
    3bb0:	7fc000ef          	jal	ra,43ac <ip_addr_isbroadcast>
    3bb4:	10051563          	bnez	a0,3cbe <etharp_output+0x12a>
    3bb8:	301c                	lbu	a5,1(s0)
    3bba:	00044983          	lbu	s3,0(s0)
    3bbe:	f0000537          	lui	a0,0xf0000
    3bc2:	07a2                	slli	a5,a5,0x8
    3bc4:	0137e7b3          	or	a5,a5,s3
    3bc8:	00244983          	lbu	s3,2(s0)
    3bcc:	09c2                	slli	s3,s3,0x10
    3bce:	00f9e7b3          	or	a5,s3,a5
    3bd2:	00344983          	lbu	s3,3(s0)
    3bd6:	09e2                	slli	s3,s3,0x18
    3bd8:	00f9e9b3          	or	s3,s3,a5
    3bdc:	26b9                	jal	3f2a <ntohl>
    3bde:	00a9f9b3          	and	s3,s3,a0
    3be2:	e0000537          	lui	a0,0xe0000
    3be6:	2691                	jal	3f2a <ntohl>
    3be8:	2010                	lbu	a2,0(s0)
    3bea:	3014                	lbu	a3,1(s0)
    3bec:	2038                	lbu	a4,2(s0)
    3bee:	303c                	lbu	a5,3(s0)
    3bf0:	08a99c63          	bne	s3,a0,3c88 <etharp_output+0xf4>
    3bf4:	00869513          	slli	a0,a3,0x8
    3bf8:	8d51                	or	a0,a0,a2
    3bfa:	0742                	slli	a4,a4,0x10
    3bfc:	8d59                	or	a0,a0,a4
    3bfe:	07e2                	slli	a5,a5,0x18
    3c00:	4585                	li	a1,1
    3c02:	846c                	sh	a1,8(sp)
    3c04:	8d5d                	or	a0,a0,a5
    3c06:	05e00593          	li	a1,94
    3c0a:	854c                	sb	a1,10(sp)
    3c0c:	2e39                	jal	3f2a <ntohl>
    3c0e:	8141                	srli	a0,a0,0x10
    3c10:	07f57513          	andi	a0,a0,127
    3c14:	85c8                	sb	a0,11(sp)
    3c16:	3008                	lbu	a0,1(s0)
    3c18:	201c                	lbu	a5,0(s0)
    3c1a:	0522                	slli	a0,a0,0x8
    3c1c:	8d5d                	or	a0,a0,a5
    3c1e:	203c                	lbu	a5,2(s0)
    3c20:	07c2                	slli	a5,a5,0x10
    3c22:	8fc9                	or	a5,a5,a0
    3c24:	3028                	lbu	a0,3(s0)
    3c26:	0562                	slli	a0,a0,0x18
    3c28:	8d5d                	or	a0,a0,a5
    3c2a:	2601                	jal	3f2a <ntohl>
    3c2c:	8121                	srli	a0,a0,0x8
    3c2e:	8648                	sb	a0,12(sp)
    3c30:	3008                	lbu	a0,1(s0)
    3c32:	201c                	lbu	a5,0(s0)
    3c34:	0522                	slli	a0,a0,0x8
    3c36:	8d5d                	or	a0,a0,a5
    3c38:	203c                	lbu	a5,2(s0)
    3c3a:	07c2                	slli	a5,a5,0x10
    3c3c:	8fc9                	or	a5,a5,a0
    3c3e:	3028                	lbu	a0,3(s0)
    3c40:	0562                	slli	a0,a0,0x18
    3c42:	8d5d                	or	a0,a0,a5
    3c44:	24dd                	jal	3f2a <ntohl>
    3c46:	86c8                	sb	a0,13(sp)
    3c48:	0034                	addi	a3,sp,8
    3c4a:	40c0                	lw	s0,4(s1)
    3c4c:	4795                	li	a5,5
    3c4e:	567d                	li	a2,-1
    3c50:	00540713          	addi	a4,s0,5
    3c54:	00f685b3          	add	a1,a3,a5
    3c58:	218c                	lbu	a1,0(a1)
    3c5a:	177d                	addi	a4,a4,-1
    3c5c:	b30c                	sb	a1,1(a4)
    3c5e:	00f905b3          	add	a1,s2,a5
    3c62:	0295c583          	lbu	a1,41(a1)
    3c66:	17fd                	addi	a5,a5,-1
    3c68:	b36c                	sb	a1,7(a4)
    3c6a:	fec795e3          	bne	a5,a2,3c54 <etharp_output+0xc0>
    3c6e:	6505                	lui	a0,0x1
    3c70:	80050513          	addi	a0,a0,-2048 # 800 <__stack_size>
    3c74:	2c9d                	jal	3eea <htons>
    3c76:	01892783          	lw	a5,24(s2)
    3c7a:	a448                	sb	a0,12(s0)
    3c7c:	8121                	srli	a0,a0,0x8
    3c7e:	b448                	sb	a0,13(s0)
    3c80:	85a6                	mv	a1,s1
    3c82:	854a                	mv	a0,s2
    3c84:	9782                	jalr	a5
    3c86:	a80d                	j	3cb8 <etharp_output+0x124>
    3c88:	06a2                	slli	a3,a3,0x8
    3c8a:	8ed1                	or	a3,a3,a2
    3c8c:	0742                	slli	a4,a4,0x10
    3c8e:	8f55                	or	a4,a4,a3
    3c90:	07e2                	slli	a5,a5,0x18
    3c92:	8fd9                	or	a5,a5,a4
    3c94:	00492703          	lw	a4,4(s2)
    3c98:	8fb9                	xor	a5,a5,a4
    3c9a:	00892703          	lw	a4,8(s2)
    3c9e:	8ff9                	and	a5,a5,a4
    3ca0:	c799                	beqz	a5,3cae <etharp_output+0x11a>
    3ca2:	00c92783          	lw	a5,12(s2)
    3ca6:	5571                	li	a0,-4
    3ca8:	cb81                	beqz	a5,3cb8 <etharp_output+0x124>
    3caa:	00c90413          	addi	s0,s2,12
    3cae:	8626                	mv	a2,s1
    3cb0:	85a2                	mv	a1,s0
    3cb2:	854a                	mv	a0,s2
    3cb4:	dc9ff0ef          	jal	ra,3a7c <etharp_query>
    3cb8:	0141                	addi	sp,sp,16
    3cba:	d50fc06f          	j	20a <__riscv_restore_4>
    3cbe:	83818693          	addi	a3,gp,-1992 # 20000058 <ethbroadcast>
    3cc2:	b761                	j	3c4a <etharp_output+0xb6>
    3cc4:	5579                	li	a0,-2
    3cc6:	bfcd                	j	3cb8 <etharp_output+0x124>

00003cc8 <ethernet_input>:
ethernet_input():
    3cc8:	d28fc2ef          	jal	t0,1f0 <__riscv_save_0>
    3ccc:	4144                	lw	s1,4(a0)
    3cce:	842a                	mv	s0,a0
    3cd0:	892e                	mv	s2,a1
    3cd2:	34dc                	lbu	a5,13(s1)
    3cd4:	24c8                	lbu	a0,12(s1)
    3cd6:	07a2                	slli	a5,a5,0x8
    3cd8:	8d5d                	or	a0,a0,a5
    3cda:	2c01                	jal	3eea <htons>
    3cdc:	67a1                	lui	a5,0x8
    3cde:	10078793          	addi	a5,a5,256 # 8100 <tcp_rst+0xac>
    3ce2:	00f51763          	bne	a0,a5,3cf0 <ethernet_input+0x28>
    3ce6:	389c                	lbu	a5,17(s1)
    3ce8:	2888                	lbu	a0,16(s1)
    3cea:	07a2                	slli	a5,a5,0x8
    3cec:	8d5d                	or	a0,a0,a5
    3cee:	2af5                	jal	3eea <htons>
    3cf0:	80050793          	addi	a5,a0,-2048
    3cf4:	cb91                	beqz	a5,3d08 <ethernet_input+0x40>
    3cf6:	6785                	lui	a5,0x1
    3cf8:	80678793          	addi	a5,a5,-2042 # 806 <__stack_size+0x6>
    3cfc:	04f50263          	beq	a0,a5,3d40 <ethernet_input+0x78>
    3d00:	8522                	mv	a0,s0
    3d02:	5e4010ef          	jal	ra,52e6 <pbuf_free>
    3d06:	a815                	j	3d3a <ethernet_input+0x72>
    3d08:	85a2                	mv	a1,s0
    3d0a:	854a                	mv	a0,s2
    3d0c:	a5dff0ef          	jal	ra,3768 <etharp_ip_input>
    3d10:	34dc                	lbu	a5,13(s1)
    3d12:	24c8                	lbu	a0,12(s1)
    3d14:	07a2                	slli	a5,a5,0x8
    3d16:	8d5d                	or	a0,a0,a5
    3d18:	2ac9                	jal	3eea <htons>
    3d1a:	67a1                	lui	a5,0x8
    3d1c:	10078793          	addi	a5,a5,256 # 8100 <tcp_rst+0xac>
    3d20:	45b9                	li	a1,14
    3d22:	00f51363          	bne	a0,a5,3d28 <ethernet_input+0x60>
    3d26:	45c9                	li	a1,18
    3d28:	40b005b3          	neg	a1,a1
    3d2c:	8522                	mv	a0,s0
    3d2e:	54a010ef          	jal	ra,5278 <pbuf_header>
    3d32:	f579                	bnez	a0,3d00 <ethernet_input+0x38>
    3d34:	85ca                	mv	a1,s2
    3d36:	8522                	mv	a0,s0
    3d38:	24a9                	jal	3f82 <ip_input>
    3d3a:	4501                	li	a0,0
    3d3c:	cd8fc06f          	j	214 <__riscv_restore_0>
    3d40:	8622                	mv	a2,s0
    3d42:	02990593          	addi	a1,s2,41
    3d46:	854a                	mv	a0,s2
    3d48:	a7bff0ef          	jal	ra,37c2 <etharp_arp_input>
    3d4c:	b7fd                	j	3d3a <ethernet_input+0x72>

00003d4e <ethernetif_init>:
ethernetif_init():
    3d4e:	ca2fc2ef          	jal	t0,1f0 <__riscv_save_0>
    3d52:	200077b7          	lui	a5,0x20007
    3d56:	39c78793          	addi	a5,a5,924 # 2000739c <dhcp_host_name>
    3d5a:	d15c                	sw	a5,36(a0)
    3d5c:	06500793          	li	a5,101
    3d60:	02f509a3          	sb	a5,51(a0)
    3d64:	06e00793          	li	a5,110
    3d68:	02f50a23          	sb	a5,52(a0)
    3d6c:	000047b7          	lui	a5,0x4
    3d70:	b9478793          	addi	a5,a5,-1132 # 3b94 <etharp_output>
    3d74:	c95c                	sw	a5,20(a0)
    3d76:	000047b7          	lui	a5,0x4
    3d7a:	db278793          	addi	a5,a5,-590 # 3db2 <low_level_output>
    3d7e:	cd1c                	sw	a5,24(a0)
    3d80:	200075b7          	lui	a1,0x20007
    3d84:	4799                	li	a5,6
    3d86:	842a                	mv	s0,a0
    3d88:	02f50423          	sb	a5,40(a0)
    3d8c:	00052e23          	sw	zero,28(a0)
    3d90:	4619                	li	a2,6
    3d92:	49558593          	addi	a1,a1,1173 # 20007495 <WCHNetIf+0x29>
    3d96:	02950513          	addi	a0,a0,41
    3d9a:	564050ef          	jal	ra,92fe <memcpy>
    3d9e:	5dc00793          	li	a5,1500
    3da2:	b81e                	sh	a5,48(s0)
    3da4:	03300793          	li	a5,51
    3da8:	02f40923          	sb	a5,50(s0)
    3dac:	4501                	li	a0,0
    3dae:	c66fc06f          	j	214 <__riscv_restore_0>

00003db2 <low_level_output>:
low_level_output():
    3db2:	c3efc2ef          	jal	t0,1f0 <__riscv_save_0>
    3db6:	64b1                	lui	s1,0xc
    3db8:	842e                	mv	s0,a1
    3dba:	35148493          	addi	s1,s1,849 # c351 <_data_lma+0x2d1d>
    3dbe:	e70ff0ef          	jal	ra,342e <WCHNET_GetPHYStatus>
    3dc2:	8911                	andi	a0,a0,4
    3dc4:	cd15                	beqz	a0,3e00 <low_level_output+0x4e>
    3dc6:	14fd                	addi	s1,s1,-1
    3dc8:	cc85                	beqz	s1,3e00 <low_level_output+0x4e>
    3dca:	fe0fe0ef          	jal	ra,25aa <getTxBuffAddr>
    3dce:	892a                	mv	s2,a0
    3dd0:	d57d                	beqz	a0,3dbe <low_level_output+0xc>
    3dd2:	87aa                	mv	a5,a0
    3dd4:	4481                	li	s1,0
    3dd6:	e801                	bnez	s0,3de6 <low_level_output+0x34>
    3dd8:	85ca                	mv	a1,s2
    3dda:	8526                	mv	a0,s1
    3ddc:	f8efe0ef          	jal	ra,256a <WCHNET_Tx>
    3de0:	4501                	li	a0,0
    3de2:	c32fc06f          	j	214 <__riscv_restore_0>
    3de6:	2432                	lhu	a2,10(s0)
    3de8:	404c                	lw	a1,4(s0)
    3dea:	853e                	mv	a0,a5
    3dec:	512050ef          	jal	ra,92fe <memcpy>
    3df0:	243a                	lhu	a4,10(s0)
    3df2:	4000                	lw	s0,0(s0)
    3df4:	94ba                	add	s1,s1,a4
    3df6:	04c2                	slli	s1,s1,0x10
    3df8:	00e507b3          	add	a5,a0,a4
    3dfc:	80c1                	srli	s1,s1,0x10
    3dfe:	bfe1                	j	3dd6 <low_level_output+0x24>
    3e00:	5551                	li	a0,-12
    3e02:	b7c5                	j	3de2 <low_level_output+0x30>

00003e04 <ethernetif_input>:
ethernetif_input():
    3e04:	bd2fc2ef          	jal	t0,1d6 <__riscv_save_4>
    3e08:	200077b7          	lui	a5,0x20007
    3e0c:	4647a783          	lw	a5,1124(a5) # 20007464 <WCHCfg+0x24>
    3e10:	89aa                	mv	s3,a0
    3e12:	8e018513          	addi	a0,gp,-1824 # 20000100 <frame>
    3e16:	8e018493          	addi	s1,gp,-1824 # 20000100 <frame>
    3e1a:	9782                	jalr	a5
    3e1c:	408c                	lw	a1,0(s1)
    3e1e:	c9a9                	beqz	a1,3e70 <ethernetif_input+0x6c>
    3e20:	8d41c783          	lbu	a5,-1836(gp) # 200000f4 <phydata>
    3e24:	8e018413          	addi	s0,gp,-1824 # 20000100 <frame>
    3e28:	0ff7f793          	andi	a5,a5,255
    3e2c:	e781                	bnez	a5,3e34 <ethernetif_input+0x30>
    3e2e:	4785                	li	a5,1
    3e30:	8cf18a23          	sb	a5,-1836(gp) # 200000f4 <phydata>
    3e34:	05c2                	slli	a1,a1,0x10
    3e36:	460d                	li	a2,3
    3e38:	81c1                	srli	a1,a1,0x10
    3e3a:	450d                	li	a0,3
    3e3c:	4044                	lw	s1,4(s0)
    3e3e:	4f6010ef          	jal	ra,5334 <pbuf_alloc>
    3e42:	892a                	mv	s2,a0
    3e44:	c515                	beqz	a0,3e70 <ethernetif_input+0x6c>
    3e46:	842a                	mv	s0,a0
    3e48:	2432                	lhu	a2,10(s0)
    3e4a:	4048                	lw	a0,4(s0)
    3e4c:	85a6                	mv	a1,s1
    3e4e:	4b0050ef          	jal	ra,92fe <memcpy>
    3e52:	243e                	lhu	a5,10(s0)
    3e54:	4000                	lw	s0,0(s0)
    3e56:	94be                	add	s1,s1,a5
    3e58:	f865                	bnez	s0,3e48 <ethernetif_input+0x44>
    3e5a:	efefe0ef          	jal	ra,2558 <setRxBuffAddr>
    3e5e:	0109a783          	lw	a5,16(s3)
    3e62:	85ce                	mv	a1,s3
    3e64:	854a                	mv	a0,s2
    3e66:	9782                	jalr	a5
    3e68:	c501                	beqz	a0,3e70 <ethernetif_input+0x6c>
    3e6a:	854a                	mv	a0,s2
    3e6c:	47a010ef          	jal	ra,52e6 <pbuf_free>
    3e70:	b9afc06f          	j	20a <__riscv_restore_4>

00003e74 <wch_ethernetif_init>:
wch_ethernetif_init():
    3e74:	b7cfc2ef          	jal	t0,1f0 <__riscv_save_0>
    3e78:	1141                	addi	sp,sp,-16
    3e7a:	20007437          	lui	s0,0x20007
    3e7e:	c202                	sw	zero,4(sp)
    3e80:	c402                	sw	zero,8(sp)
    3e82:	c602                	sw	zero,12(sp)
    3e84:	7a1000ef          	jal	ra,4e24 <lwip_init>
    3e88:	46c40513          	addi	a0,s0,1132 # 2000746c <WCHNetIf>
    3e8c:	200075b7          	lui	a1,0x20007
    3e90:	4619                	li	a2,6
    3e92:	40858593          	addi	a1,a1,1032 # 20007408 <NetInf+0xc>
    3e96:	02950513          	addi	a0,a0,41
    3e9a:	464050ef          	jal	ra,92fe <memcpy>
    3e9e:	200077b7          	lui	a5,0x20007
    3ea2:	3fc7a703          	lw	a4,1020(a5) # 200073fc <NetInf>
    3ea6:	3fc78793          	addi	a5,a5,1020
    3eaa:	46c40513          	addi	a0,s0,1132
    3eae:	c23a                	sw	a4,4(sp)
    3eb0:	4798                	lw	a4,8(a5)
    3eb2:	43dc                	lw	a5,4(a5)
    3eb4:	c43a                	sw	a4,8(sp)
    3eb6:	c63e                	sw	a5,12(sp)
    3eb8:	9001a023          	sw	zero,-1792(gp) # 20000120 <netif_list>
    3ebc:	8e01ae23          	sw	zero,-1796(gp) # 2000011c <netif_default>
    3ec0:	3aa010ef          	jal	ra,526a <netif_set_default>
    3ec4:	00004837          	lui	a6,0x4
    3ec8:	000047b7          	lui	a5,0x4
    3ecc:	0074                	addi	a3,sp,12
    3ece:	0030                	addi	a2,sp,8
    3ed0:	004c                	addi	a1,sp,4
    3ed2:	cc880813          	addi	a6,a6,-824 # 3cc8 <ethernet_input>
    3ed6:	d4e78793          	addi	a5,a5,-690 # 3d4e <ethernetif_init>
    3eda:	4701                	li	a4,0
    3edc:	46c40513          	addi	a0,s0,1132
    3ee0:	330010ef          	jal	ra,5210 <netif_add>
    3ee4:	0141                	addi	sp,sp,16
    3ee6:	b2efc06f          	j	214 <__riscv_restore_0>

00003eea <htons>:
htons():
    3eea:	00851793          	slli	a5,a0,0x8
    3eee:	8121                	srli	a0,a0,0x8
    3ef0:	8d5d                	or	a0,a0,a5
    3ef2:	0542                	slli	a0,a0,0x10
    3ef4:	8141                	srli	a0,a0,0x10
    3ef6:	8082                	ret

00003ef8 <ntohs>:
ntohs():
    3ef8:	00851793          	slli	a5,a0,0x8
    3efc:	8121                	srli	a0,a0,0x8
    3efe:	8d5d                	or	a0,a0,a5
    3f00:	0542                	slli	a0,a0,0x10
    3f02:	8141                	srli	a0,a0,0x10
    3f04:	8082                	ret

00003f06 <htonl>:
htonl():
    3f06:	01855713          	srli	a4,a0,0x18
    3f0a:	01851793          	slli	a5,a0,0x18
    3f0e:	8fd9                	or	a5,a5,a4
    3f10:	00ff06b7          	lui	a3,0xff0
    3f14:	00851713          	slli	a4,a0,0x8
    3f18:	8f75                	and	a4,a4,a3
    3f1a:	8fd9                	or	a5,a5,a4
    3f1c:	6741                	lui	a4,0x10
    3f1e:	f0070713          	addi	a4,a4,-256 # ff00 <_data_lma+0x68cc>
    3f22:	8121                	srli	a0,a0,0x8
    3f24:	8d79                	and	a0,a0,a4
    3f26:	8d5d                	or	a0,a0,a5
    3f28:	8082                	ret

00003f2a <ntohl>:
ntohl():
    3f2a:	ac6fc2ef          	jal	t0,1f0 <__riscv_save_0>
    3f2e:	fd9ff0ef          	jal	ra,3f06 <htonl>
    3f32:	ae2fc06f          	j	214 <__riscv_restore_0>

00003f36 <ip_route>:
ip_route():
    3f36:	abafc2ef          	jal	t0,1f0 <__riscv_save_0>
    3f3a:	9001a403          	lw	s0,-1792(gp) # 20000120 <netif_list>
    3f3e:	84aa                	mv	s1,a0
    3f40:	ec01                	bnez	s0,3f58 <ip_route+0x22>
    3f42:	8fc1a503          	lw	a0,-1796(gp) # 2000011c <netif_default>
    3f46:	c511                	beqz	a0,3f52 <ip_route+0x1c>
    3f48:	328010ef          	jal	ra,5270 <netif_is_up>
    3f4c:	c119                	beqz	a0,3f52 <ip_route+0x1c>
    3f4e:	8fc1a403          	lw	s0,-1796(gp) # 2000011c <netif_default>
    3f52:	8522                	mv	a0,s0
    3f54:	ac0fc06f          	j	214 <__riscv_restore_0>
    3f58:	8522                	mv	a0,s0
    3f5a:	316010ef          	jal	ra,5270 <netif_is_up>
    3f5e:	c105                	beqz	a0,3f7e <ip_route+0x48>
    3f60:	3098                	lbu	a4,1(s1)
    3f62:	209c                	lbu	a5,0(s1)
    3f64:	0722                	slli	a4,a4,0x8
    3f66:	8f5d                	or	a4,a4,a5
    3f68:	20bc                	lbu	a5,2(s1)
    3f6a:	07c2                	slli	a5,a5,0x10
    3f6c:	8f5d                	or	a4,a4,a5
    3f6e:	30bc                	lbu	a5,3(s1)
    3f70:	07e2                	slli	a5,a5,0x18
    3f72:	8fd9                	or	a5,a5,a4
    3f74:	4058                	lw	a4,4(s0)
    3f76:	8fb9                	xor	a5,a5,a4
    3f78:	4418                	lw	a4,8(s0)
    3f7a:	8ff9                	and	a5,a5,a4
    3f7c:	dbf9                	beqz	a5,3f52 <ip_route+0x1c>
    3f7e:	4000                	lw	s0,0(s0)
    3f80:	b7c1                	j	3f40 <ip_route+0xa>

00003f82 <ip_input>:
ip_input():
    3f82:	a46fc2ef          	jal	t0,1c8 <__riscv_save_10>
    3f86:	4140                	lw	s0,4(a0)
    3f88:	84aa                	mv	s1,a0
    3f8a:	89ae                	mv	s3,a1
    3f8c:	301c                	lbu	a5,1(s0)
    3f8e:	2008                	lbu	a0,0(s0)
    3f90:	07a2                	slli	a5,a5,0x8
    3f92:	8d5d                	or	a0,a0,a5
    3f94:	f65ff0ef          	jal	ra,3ef8 <ntohs>
    3f98:	8131                	srli	a0,a0,0xc
    3f9a:	0542                	slli	a0,a0,0x10
    3f9c:	8141                	srli	a0,a0,0x10
    3f9e:	4791                	li	a5,4
    3fa0:	00f50663          	beq	a0,a5,3fac <ip_input+0x2a>
    3fa4:	8526                	mv	a0,s1
    3fa6:	340010ef          	jal	ra,52e6 <pbuf_free>
    3faa:	a431                	j	41b6 <ip_input+0x234>
    3fac:	301c                	lbu	a5,1(s0)
    3fae:	2008                	lbu	a0,0(s0)
    3fb0:	07a2                	slli	a5,a5,0x8
    3fb2:	8d5d                	or	a0,a0,a5
    3fb4:	f45ff0ef          	jal	ra,3ef8 <ntohs>
    3fb8:	8119                	srli	a0,a0,0x6
    3fba:	303c                	lbu	a5,3(s0)
    3fbc:	03c57a13          	andi	s4,a0,60
    3fc0:	2028                	lbu	a0,2(s0)
    3fc2:	07a2                	slli	a5,a5,0x8
    3fc4:	8d5d                	or	a0,a0,a5
    3fc6:	f33ff0ef          	jal	ra,3ef8 <ntohs>
    3fca:	24be                	lhu	a5,10(s1)
    3fcc:	892a                	mv	s2,a0
    3fce:	fd47ebe3          	bltu	a5,s4,3fa4 <ip_input+0x22>
    3fd2:	249e                	lhu	a5,8(s1)
    3fd4:	fca7e8e3          	bltu	a5,a0,3fa4 <ip_input+0x22>
    3fd8:	85d2                	mv	a1,s4
    3fda:	8522                	mv	a0,s0
    3fdc:	4cb040ef          	jal	ra,8ca6 <inet_chksum>
    3fe0:	f171                	bnez	a0,3fa4 <ip_input+0x22>
    3fe2:	85ca                	mv	a1,s2
    3fe4:	8526                	mv	a0,s1
    3fe6:	48e010ef          	jal	ra,5474 <pbuf_realloc>
    3fea:	f0000537          	lui	a0,0xf0000
    3fee:	f3dff0ef          	jal	ra,3f2a <ntohl>
    3ff2:	e0000537          	lui	a0,0xe0000
    3ff6:	f35ff0ef          	jal	ra,3f2a <ntohl>
    3ffa:	894e                	mv	s2,s3
    3ffc:	4b05                	li	s6,1
    3ffe:	01040b93          	addi	s7,s0,16
    4002:	854a                	mv	a0,s2
    4004:	26c010ef          	jal	ra,5270 <netif_is_up>
    4008:	e511                	bnez	a0,4014 <ip_input+0x92>
    400a:	120b1363          	bnez	s6,4130 <ip_input+0x1ae>
    400e:	00092903          	lw	s2,0(s2)
    4012:	a20d                	j	4134 <ip_input+0x1b2>
    4014:	00490793          	addi	a5,s2,4
    4018:	dbed                	beqz	a5,400a <ip_input+0x88>
    401a:	00492683          	lw	a3,4(s2)
    401e:	d6f5                	beqz	a3,400a <ip_input+0x88>
    4020:	3818                	lbu	a4,17(s0)
    4022:	281c                	lbu	a5,16(s0)
    4024:	0722                	slli	a4,a4,0x8
    4026:	8f5d                	or	a4,a4,a5
    4028:	283c                	lbu	a5,18(s0)
    402a:	07c2                	slli	a5,a5,0x10
    402c:	8f5d                	or	a4,a4,a5
    402e:	383c                	lbu	a5,19(s0)
    4030:	07e2                	slli	a5,a5,0x18
    4032:	8fd9                	or	a5,a5,a4
    4034:	04f68263          	beq	a3,a5,4078 <ip_input+0xf6>
    4038:	85ca                	mv	a1,s2
    403a:	855e                	mv	a0,s7
    403c:	2e85                	jal	43ac <ip_addr_isbroadcast>
    403e:	ed0d                	bnez	a0,4078 <ip_input+0xf6>
    4040:	381c                	lbu	a5,17(s0)
    4042:	01044a83          	lbu	s5,16(s0)
    4046:	f0000537          	lui	a0,0xf0000
    404a:	07a2                	slli	a5,a5,0x8
    404c:	0157e7b3          	or	a5,a5,s5
    4050:	01244a83          	lbu	s5,18(s0)
    4054:	0ac2                	slli	s5,s5,0x10
    4056:	00fae7b3          	or	a5,s5,a5
    405a:	01344a83          	lbu	s5,19(s0)
    405e:	0ae2                	slli	s5,s5,0x18
    4060:	00faeab3          	or	s5,s5,a5
    4064:	ec7ff0ef          	jal	ra,3f2a <ntohl>
    4068:	00aafab3          	and	s5,s5,a0
    406c:	e0000537          	lui	a0,0xe0000
    4070:	ebbff0ef          	jal	ra,3f2a <ntohl>
    4074:	f8aa9be3          	bne	s5,a0,400a <ip_input+0x88>
    4078:	3458                	lbu	a4,13(s0)
    407a:	245c                	lbu	a5,12(s0)
    407c:	0722                	slli	a4,a4,0x8
    407e:	8f5d                	or	a4,a4,a5
    4080:	247c                	lbu	a5,14(s0)
    4082:	07c2                	slli	a5,a5,0x10
    4084:	8f5d                	or	a4,a4,a5
    4086:	347c                	lbu	a5,15(s0)
    4088:	07e2                	slli	a5,a5,0x18
    408a:	8fd9                	or	a5,a5,a4
    408c:	c3b9                	beqz	a5,40d2 <ip_input+0x150>
    408e:	85ce                	mv	a1,s3
    4090:	00c40513          	addi	a0,s0,12
    4094:	2e21                	jal	43ac <ip_addr_isbroadcast>
    4096:	f00517e3          	bnez	a0,3fa4 <ip_input+0x22>
    409a:	345c                	lbu	a5,13(s0)
    409c:	00c44a03          	lbu	s4,12(s0)
    40a0:	f0000537          	lui	a0,0xf0000
    40a4:	07a2                	slli	a5,a5,0x8
    40a6:	0147e7b3          	or	a5,a5,s4
    40aa:	00e44a03          	lbu	s4,14(s0)
    40ae:	0a42                	slli	s4,s4,0x10
    40b0:	00fa67b3          	or	a5,s4,a5
    40b4:	00f44a03          	lbu	s4,15(s0)
    40b8:	0a62                	slli	s4,s4,0x18
    40ba:	00fa6a33          	or	s4,s4,a5
    40be:	e6dff0ef          	jal	ra,3f2a <ntohl>
    40c2:	00aa7a33          	and	s4,s4,a0
    40c6:	e0000537          	lui	a0,0xe0000
    40ca:	e61ff0ef          	jal	ra,3f2a <ntohl>
    40ce:	ecaa0be3          	beq	s4,a0,3fa4 <ip_input+0x22>
    40d2:	ec0909e3          	beqz	s2,3fa4 <ip_input+0x22>
    40d6:	00744903          	lbu	s2,7(s0)
    40da:	2068                	lbu	a0,6(s0)
    40dc:	0922                	slli	s2,s2,0x8
    40de:	00a96933          	or	s2,s2,a0
    40e2:	6511                	lui	a0,0x4
    40e4:	157d                	addi	a0,a0,-1
    40e6:	e05ff0ef          	jal	ra,3eea <htons>
    40ea:	00a97533          	and	a0,s2,a0
    40ee:	c511                	beqz	a0,40fa <ip_input+0x178>
    40f0:	8526                	mv	a0,s1
    40f2:	26ed                	jal	44dc <ip_reass>
    40f4:	84aa                	mv	s1,a0
    40f6:	c161                	beqz	a0,41b6 <ip_input+0x234>
    40f8:	4140                	lw	s0,4(a0)
    40fa:	85ce                	mv	a1,s3
    40fc:	8526                	mv	a0,s1
    40fe:	4b6010ef          	jal	ra,55b4 <raw_input>
    4102:	e955                	bnez	a0,41b6 <ip_input+0x234>
    4104:	341c                	lbu	a5,9(s0)
    4106:	2408                	lbu	a0,8(s0)
    4108:	07a2                	slli	a5,a5,0x8
    410a:	8d5d                	or	a0,a0,a5
    410c:	dedff0ef          	jal	ra,3ef8 <ntohs>
    4110:	0ff57513          	andi	a0,a0,255
    4114:	4799                	li	a5,6
    4116:	0af50363          	beq	a0,a5,41bc <ip_input+0x23a>
    411a:	47c5                	li	a5,17
    411c:	08f50963          	beq	a0,a5,41ae <ip_input+0x22c>
    4120:	4785                	li	a5,1
    4122:	0af51263          	bne	a0,a5,41c6 <ip_input+0x244>
    4126:	85ce                	mv	a1,s3
    4128:	8526                	mv	a0,s1
    412a:	77c040ef          	jal	ra,88a6 <icmp_input>
    412e:	a061                	j	41b6 <ip_input+0x234>
    4130:	9001a903          	lw	s2,-1792(gp) # 20000120 <netif_list>
    4134:	01391463          	bne	s2,s3,413c <ip_input+0x1ba>
    4138:	00092903          	lw	s2,0(s2)
    413c:	4b01                	li	s6,0
    413e:	ec0912e3          	bnez	s2,4002 <ip_input+0x80>
    4142:	341c                	lbu	a5,9(s0)
    4144:	2408                	lbu	a0,8(s0)
    4146:	07a2                	slli	a5,a5,0x8
    4148:	8d5d                	or	a0,a0,a5
    414a:	dafff0ef          	jal	ra,3ef8 <ntohs>
    414e:	0ff57513          	andi	a0,a0,255
    4152:	47c5                	li	a5,17
    4154:	00f51e63          	bne	a0,a5,4170 <ip_input+0x1ee>
    4158:	014407b3          	add	a5,s0,s4
    415c:	23a8                	lbu	a0,2(a5)
    415e:	33bc                	lbu	a5,3(a5)
    4160:	07a2                	slli	a5,a5,0x8
    4162:	8d5d                	or	a0,a0,a5
    4164:	d95ff0ef          	jal	ra,3ef8 <ntohs>
    4168:	04400793          	li	a5,68
    416c:	02f50d63          	beq	a0,a5,41a6 <ip_input+0x224>
    4170:	4a85                	li	s5,1
    4172:	341c                	lbu	a5,9(s0)
    4174:	2408                	lbu	a0,8(s0)
    4176:	07a2                	slli	a5,a5,0x8
    4178:	8d5d                	or	a0,a0,a5
    417a:	d7fff0ef          	jal	ra,3ef8 <ntohs>
    417e:	0ff57513          	andi	a0,a0,255
    4182:	47c5                	li	a5,17
    4184:	08f51963          	bne	a0,a5,4216 <ip_input+0x294>
    4188:	9a22                	add	s4,s4,s0
    418a:	003a4783          	lbu	a5,3(s4)
    418e:	002a4503          	lbu	a0,2(s4)
    4192:	07a2                	slli	a5,a5,0x8
    4194:	8d5d                	or	a0,a0,a5
    4196:	d63ff0ef          	jal	ra,3ef8 <ntohs>
    419a:	76c00793          	li	a5,1900
    419e:	06f51c63          	bne	a0,a5,4216 <ip_input+0x294>
    41a2:	894e                	mv	s2,s3
    41a4:	b73d                	j	40d2 <ip_input+0x150>
    41a6:	f20998e3          	bnez	s3,40d6 <ip_input+0x154>
    41aa:	4a81                	li	s5,0
    41ac:	b7d9                	j	4172 <ip_input+0x1f0>
    41ae:	85ce                	mv	a1,s3
    41b0:	8526                	mv	a0,s1
    41b2:	1ee040ef          	jal	ra,83a0 <udp_input>
    41b6:	4501                	li	a0,0
    41b8:	848fc06f          	j	200 <__riscv_restore_10>
    41bc:	85ce                	mv	a1,s3
    41be:	8526                	mv	a0,s1
    41c0:	32d020ef          	jal	ra,6cec <tcp_input>
    41c4:	bfcd                	j	41b6 <ip_input+0x234>
    41c6:	85ce                	mv	a1,s3
    41c8:	01040513          	addi	a0,s0,16
    41cc:	22c5                	jal	43ac <ip_addr_isbroadcast>
    41ce:	dc051be3          	bnez	a0,3fa4 <ip_input+0x22>
    41d2:	381c                	lbu	a5,17(s0)
    41d4:	01044903          	lbu	s2,16(s0)
    41d8:	f0000537          	lui	a0,0xf0000
    41dc:	07a2                	slli	a5,a5,0x8
    41de:	0127e7b3          	or	a5,a5,s2
    41e2:	01244903          	lbu	s2,18(s0)
    41e6:	0942                	slli	s2,s2,0x10
    41e8:	00f967b3          	or	a5,s2,a5
    41ec:	01344903          	lbu	s2,19(s0)
    41f0:	0962                	slli	s2,s2,0x18
    41f2:	00f96933          	or	s2,s2,a5
    41f6:	d35ff0ef          	jal	ra,3f2a <ntohl>
    41fa:	00a97933          	and	s2,s2,a0
    41fe:	e0000537          	lui	a0,0xe0000
    4202:	d29ff0ef          	jal	ra,3f2a <ntohl>
    4206:	d8a90fe3          	beq	s2,a0,3fa4 <ip_input+0x22>
    420a:	c0c0                	sw	s0,4(s1)
    420c:	4589                	li	a1,2
    420e:	8526                	mv	a0,s1
    4210:	0e7040ef          	jal	ra,8af6 <icmp_dest_unreach>
    4214:	bb41                	j	3fa4 <ip_input+0x22>
    4216:	e60a91e3          	bnez	s5,4078 <ip_input+0xf6>
    421a:	b369                	j	3fa4 <ip_input+0x22>

0000421c <ip_output_if>:
ip_output_if():
    421c:	fadfb2ef          	jal	t0,1c8 <__riscv_save_10>
    4220:	89aa                	mv	s3,a0
    4222:	8942                	mv	s2,a6
    4224:	12060f63          	beqz	a2,4362 <ip_output_if+0x146>
    4228:	8aae                	mv	s5,a1
    422a:	45d1                	li	a1,20
    422c:	8a3a                	mv	s4,a4
    422e:	84b2                	mv	s1,a2
    4230:	8bb6                	mv	s7,a3
    4232:	8b3e                	mv	s6,a5
    4234:	044010ef          	jal	ra,5278 <pbuf_header>
    4238:	5779                	li	a4,-2
    423a:	12051163          	bnez	a0,435c <ip_output_if+0x140>
    423e:	0049a403          	lw	s0,4(s3)
    4242:	0ba2                	slli	s7,s7,0x8
    4244:	341c                	lbu	a5,9(s0)
    4246:	2408                	lbu	a0,8(s0)
    4248:	07a2                	slli	a5,a5,0x8
    424a:	8d5d                	or	a0,a0,a5
    424c:	cadff0ef          	jal	ra,3ef8 <ntohs>
    4250:	0ff57513          	andi	a0,a0,255
    4254:	01756533          	or	a0,a0,s7
    4258:	c93ff0ef          	jal	ra,3eea <htons>
    425c:	00855713          	srli	a4,a0,0x8
    4260:	b418                	sb	a4,9(s0)
    4262:	a408                	sb	a0,8(s0)
    4264:	c95ff0ef          	jal	ra,3ef8 <ntohs>
    4268:	8121                	srli	a0,a0,0x8
    426a:	0542                	slli	a0,a0,0x10
    426c:	8141                	srli	a0,a0,0x10
    426e:	0522                	slli	a0,a0,0x8
    4270:	01656533          	or	a0,a0,s6
    4274:	0542                	slli	a0,a0,0x10
    4276:	8141                	srli	a0,a0,0x10
    4278:	c73ff0ef          	jal	ra,3eea <htons>
    427c:	3098                	lbu	a4,1(s1)
    427e:	209c                	lbu	a5,0(s1)
    4280:	a408                	sb	a0,8(s0)
    4282:	0722                	slli	a4,a4,0x8
    4284:	8f5d                	or	a4,a4,a5
    4286:	20bc                	lbu	a5,2(s1)
    4288:	8121                	srli	a0,a0,0x8
    428a:	b408                	sb	a0,9(s0)
    428c:	07c2                	slli	a5,a5,0x10
    428e:	8f5d                	or	a4,a4,a5
    4290:	30bc                	lbu	a5,3(s1)
    4292:	6511                	lui	a0,0x4
    4294:	50050513          	addi	a0,a0,1280 # 4500 <ip_reass+0x24>
    4298:	07e2                	slli	a5,a5,0x18
    429a:	8fd9                	or	a5,a5,a4
    429c:	0087d713          	srli	a4,a5,0x8
    42a0:	a81c                	sb	a5,16(s0)
    42a2:	b818                	sb	a4,17(s0)
    42a4:	0107d713          	srli	a4,a5,0x10
    42a8:	83e1                	srli	a5,a5,0x18
    42aa:	b83c                	sb	a5,19(s0)
    42ac:	a838                	sb	a4,18(s0)
    42ae:	00aa6533          	or	a0,s4,a0
    42b2:	c39ff0ef          	jal	ra,3eea <htons>
    42b6:	a008                	sb	a0,0(s0)
    42b8:	8121                	srli	a0,a0,0x8
    42ba:	b008                	sb	a0,1(s0)
    42bc:	0089d503          	lhu	a0,8(s3)
    42c0:	8e818a13          	addi	s4,gp,-1816 # 20000108 <ip_id.2947>
    42c4:	c27ff0ef          	jal	ra,3eea <htons>
    42c8:	a028                	sb	a0,2(s0)
    42ca:	8121                	srli	a0,a0,0x8
    42cc:	b028                	sb	a0,3(s0)
    42ce:	000a5503          	lhu	a0,0(s4)
    42d2:	00040323          	sb	zero,6(s0)
    42d6:	000403a3          	sb	zero,7(s0)
    42da:	c11ff0ef          	jal	ra,3eea <htons>
    42de:	000a5783          	lhu	a5,0(s4)
    42e2:	a048                	sb	a0,4(s0)
    42e4:	8121                	srli	a0,a0,0x8
    42e6:	0785                	addi	a5,a5,1
    42e8:	b048                	sb	a0,5(s0)
    42ea:	00fa1023          	sh	a5,0(s4)
    42ee:	020a8163          	beqz	s5,4310 <ip_output_if+0xf4>
    42f2:	001ac703          	lbu	a4,1(s5)
    42f6:	000ac783          	lbu	a5,0(s5)
    42fa:	0722                	slli	a4,a4,0x8
    42fc:	8f5d                	or	a4,a4,a5
    42fe:	002ac783          	lbu	a5,2(s5)
    4302:	07c2                	slli	a5,a5,0x10
    4304:	8f5d                	or	a4,a4,a5
    4306:	003ac783          	lbu	a5,3(s5)
    430a:	07e2                	slli	a5,a5,0x18
    430c:	8fd9                	or	a5,a5,a4
    430e:	e799                	bnez	a5,431c <ip_output_if+0x100>
    4310:	00490713          	addi	a4,s2,4
    4314:	4781                	li	a5,0
    4316:	c319                	beqz	a4,431c <ip_output_if+0x100>
    4318:	00492783          	lw	a5,4(s2)
    431c:	0087d713          	srli	a4,a5,0x8
    4320:	a45c                	sb	a5,12(s0)
    4322:	b458                	sb	a4,13(s0)
    4324:	0107d713          	srli	a4,a5,0x10
    4328:	83e1                	srli	a5,a5,0x18
    432a:	a478                	sb	a4,14(s0)
    432c:	b47c                	sb	a5,15(s0)
    432e:	00040523          	sb	zero,10(s0)
    4332:	000405a3          	sb	zero,11(s0)
    4336:	45d1                	li	a1,20
    4338:	8522                	mv	a0,s0
    433a:	16d040ef          	jal	ra,8ca6 <inet_chksum>
    433e:	a428                	sb	a0,10(s0)
    4340:	8121                	srli	a0,a0,0x8
    4342:	b428                	sb	a0,11(s0)
    4344:	03095783          	lhu	a5,48(s2)
    4348:	c385                	beqz	a5,4368 <ip_output_if+0x14c>
    434a:	0089d703          	lhu	a4,8(s3)
    434e:	00e7fd63          	bgeu	a5,a4,4368 <ip_output_if+0x14c>
    4352:	8626                	mv	a2,s1
    4354:	85ca                	mv	a1,s2
    4356:	854e                	mv	a0,s3
    4358:	2385                	jal	48b8 <ip_frag>
    435a:	872a                	mv	a4,a0
    435c:	853a                	mv	a0,a4
    435e:	ea3fb06f          	j	200 <__riscv_restore_10>
    4362:	4144                	lw	s1,4(a0)
    4364:	04c1                	addi	s1,s1,16
    4366:	bff9                	j	4344 <ip_output_if+0x128>
    4368:	01492783          	lw	a5,20(s2)
    436c:	8626                	mv	a2,s1
    436e:	85ce                	mv	a1,s3
    4370:	854a                	mv	a0,s2
    4372:	9782                	jalr	a5
    4374:	b7dd                	j	435a <ip_output_if+0x13e>

00004376 <ip_output>:
ip_output():
    4376:	e7bfb2ef          	jal	t0,1f0 <__riscv_save_0>
    437a:	1101                	addi	sp,sp,-32
    437c:	842a                	mv	s0,a0
    437e:	8532                	mv	a0,a2
    4380:	ce2e                	sw	a1,28(sp)
    4382:	cc36                	sw	a3,24(sp)
    4384:	ca3a                	sw	a4,20(sp)
    4386:	c83e                	sw	a5,16(sp)
    4388:	c632                	sw	a2,12(sp)
    438a:	badff0ef          	jal	ra,3f36 <ip_route>
    438e:	cd09                	beqz	a0,43a8 <ip_output+0x32>
    4390:	47c2                	lw	a5,16(sp)
    4392:	4752                	lw	a4,20(sp)
    4394:	46e2                	lw	a3,24(sp)
    4396:	4632                	lw	a2,12(sp)
    4398:	45f2                	lw	a1,28(sp)
    439a:	882a                	mv	a6,a0
    439c:	8522                	mv	a0,s0
    439e:	e7fff0ef          	jal	ra,421c <ip_output_if>
    43a2:	6105                	addi	sp,sp,32
    43a4:	e71fb06f          	j	214 <__riscv_restore_0>
    43a8:	5571                	li	a0,-4
    43aa:	bfe5                	j	43a2 <ip_output+0x2c>

000043ac <ip_addr_isbroadcast>:
ip_addr_isbroadcast():
    43ac:	3118                	lbu	a4,1(a0)
    43ae:	211c                	lbu	a5,0(a0)
    43b0:	0722                	slli	a4,a4,0x8
    43b2:	8f5d                	or	a4,a4,a5
    43b4:	213c                	lbu	a5,2(a0)
    43b6:	07c2                	slli	a5,a5,0x10
    43b8:	8f5d                	or	a4,a4,a5
    43ba:	313c                	lbu	a5,3(a0)
    43bc:	07e2                	slli	a5,a5,0x18
    43be:	8fd9                	or	a5,a5,a4
    43c0:	fff78693          	addi	a3,a5,-1
    43c4:	5775                	li	a4,-3
    43c6:	02d76663          	bltu	a4,a3,43f2 <ip_addr_isbroadcast+0x46>
    43ca:	0325c703          	lbu	a4,50(a1)
    43ce:	4501                	li	a0,0
    43d0:	8b09                	andi	a4,a4,2
    43d2:	c30d                	beqz	a4,43f4 <ip_addr_isbroadcast+0x48>
    43d4:	41d8                	lw	a4,4(a1)
    43d6:	00f70f63          	beq	a4,a5,43f4 <ip_addr_isbroadcast+0x48>
    43da:	4594                	lw	a3,8(a1)
    43dc:	8f3d                	xor	a4,a4,a5
    43de:	8f75                	and	a4,a4,a3
    43e0:	eb11                	bnez	a4,43f4 <ip_addr_isbroadcast+0x48>
    43e2:	fff6c513          	not	a0,a3
    43e6:	8fe9                	and	a5,a5,a0
    43e8:	40a78533          	sub	a0,a5,a0
    43ec:	00153513          	seqz	a0,a0
    43f0:	8082                	ret
    43f2:	4505                	li	a0,1
    43f4:	8082                	ret

000043f6 <ip_reass_tmr>:
ip_reass_tmr():
    43f6:	dd3fb2ef          	jal	t0,1c8 <__riscv_save_10>
    43fa:	8ec1a403          	lw	s0,-1812(gp) # 2000010c <reassdatagrams>
    43fe:	44c5                	li	s1,17
    4400:	4b01                	li	s6,0
    4402:	8ec18913          	addi	s2,gp,-1812 # 2000010c <reassdatagrams>
    4406:	e019                	bnez	s0,440c <ip_reass_tmr+0x16>
    4408:	df9fb06f          	j	200 <__riscv_restore_10>
    440c:	14fd                	addi	s1,s1,-1
    440e:	0ff4f493          	andi	s1,s1,255
    4412:	d8fd                	beqz	s1,4408 <ip_reass_tmr+0x12>
    4414:	3c7c                	lbu	a5,31(s0)
    4416:	00042c03          	lw	s8,0(s0)
    441a:	c791                	beqz	a5,4426 <ip_reass_tmr+0x30>
    441c:	17fd                	addi	a5,a5,-1
    441e:	bc7c                	sb	a5,31(s0)
    4420:	8b22                	mv	s6,s0
    4422:	8462                	mv	s0,s8
    4424:	b7cd                	j	4406 <ip_reass_tmr+0x10>
    4426:	00442983          	lw	s3,4(s0)
    442a:	4a81                	li	s5,0
    442c:	0049a503          	lw	a0,4(s3)
    4430:	315c                	lbu	a5,5(a0)
    4432:	2158                	lbu	a4,4(a0)
    4434:	07a2                	slli	a5,a5,0x8
    4436:	8fd9                	or	a5,a5,a4
    4438:	ef85                	bnez	a5,4470 <ip_reass_tmr+0x7a>
    443a:	3118                	lbu	a4,1(a0)
    443c:	211c                	lbu	a5,0(a0)
    443e:	4651                	li	a2,20
    4440:	0722                	slli	a4,a4,0x8
    4442:	8f5d                	or	a4,a4,a5
    4444:	213c                	lbu	a5,2(a0)
    4446:	00840593          	addi	a1,s0,8
    444a:	07c2                	slli	a5,a5,0x10
    444c:	8f5d                	or	a4,a4,a5
    444e:	313c                	lbu	a5,3(a0)
    4450:	07e2                	slli	a5,a5,0x18
    4452:	8fd9                	or	a5,a5,a4
    4454:	c05c                	sw	a5,4(s0)
    4456:	6a9040ef          	jal	ra,92fe <memcpy>
    445a:	4585                	li	a1,1
    445c:	854e                	mv	a0,s3
    445e:	6ac040ef          	jal	ra,8b0a <icmp_time_exceeded>
    4462:	854e                	mv	a0,s3
    4464:	068010ef          	jal	ra,54cc <pbuf_clen>
    4468:	8aaa                	mv	s5,a0
    446a:	854e                	mv	a0,s3
    446c:	67b000ef          	jal	ra,52e6 <pbuf_free>
    4470:	00442983          	lw	s3,4(s0)
    4474:	02099663          	bnez	s3,44a0 <ip_reass_tmr+0xaa>
    4478:	00092703          	lw	a4,0(s2)
    447c:	401c                	lw	a5,0(s0)
    447e:	04e41c63          	bne	s0,a4,44d6 <ip_reass_tmr+0xe0>
    4482:	00f92023          	sw	a5,0(s2)
    4486:	85a2                	mv	a1,s0
    4488:	4515                	li	a0,5
    448a:	48b000ef          	jal	ra,5114 <memp_free>
    448e:	8ea18713          	addi	a4,gp,-1814 # 2000010a <ip_reass_pbufcount>
    4492:	231e                	lhu	a5,0(a4)
    4494:	845a                	mv	s0,s6
    4496:	41578ab3          	sub	s5,a5,s5
    449a:	01571023          	sh	s5,0(a4)
    449e:	b749                	j	4420 <ip_reass_tmr+0x2a>
    44a0:	0049a703          	lw	a4,4(s3)
    44a4:	854e                	mv	a0,s3
    44a6:	331c                	lbu	a5,1(a4)
    44a8:	00074a03          	lbu	s4,0(a4)
    44ac:	07a2                	slli	a5,a5,0x8
    44ae:	0147e7b3          	or	a5,a5,s4
    44b2:	00274a03          	lbu	s4,2(a4)
    44b6:	0a42                	slli	s4,s4,0x10
    44b8:	00fa67b3          	or	a5,s4,a5
    44bc:	00374a03          	lbu	s4,3(a4)
    44c0:	0a62                	slli	s4,s4,0x18
    44c2:	00fa6a33          	or	s4,s4,a5
    44c6:	006010ef          	jal	ra,54cc <pbuf_clen>
    44ca:	9aaa                	add	s5,s5,a0
    44cc:	854e                	mv	a0,s3
    44ce:	619000ef          	jal	ra,52e6 <pbuf_free>
    44d2:	89d2                	mv	s3,s4
    44d4:	b745                	j	4474 <ip_reass_tmr+0x7e>
    44d6:	00fb2023          	sw	a5,0(s6)
    44da:	b775                	j	4486 <ip_reass_tmr+0x90>

000044dc <ip_reass>:
ip_reass():
    44dc:	cedfb2ef          	jal	t0,1c8 <__riscv_save_10>
    44e0:	4144                	lw	s1,4(a0)
    44e2:	892a                	mv	s2,a0
    44e4:	309c                	lbu	a5,1(s1)
    44e6:	2088                	lbu	a0,0(s1)
    44e8:	07a2                	slli	a5,a5,0x8
    44ea:	8d5d                	or	a0,a0,a5
    44ec:	a0dff0ef          	jal	ra,3ef8 <ntohs>
    44f0:	8119                	srli	a0,a0,0x6
    44f2:	03c57513          	andi	a0,a0,60
    44f6:	47d1                	li	a5,20
    44f8:	26f51263          	bne	a0,a5,475c <ip_reass+0x280>
    44fc:	30fc                	lbu	a5,7(s1)
    44fe:	20e8                	lbu	a0,6(s1)
    4500:	07a2                	slli	a5,a5,0x8
    4502:	8d5d                	or	a0,a0,a5
    4504:	9f5ff0ef          	jal	ra,3ef8 <ntohs>
    4508:	30bc                	lbu	a5,3(s1)
    450a:	8b2a                	mv	s6,a0
    450c:	20a8                	lbu	a0,2(s1)
    450e:	07a2                	slli	a5,a5,0x8
    4510:	8d5d                	or	a0,a0,a5
    4512:	9e7ff0ef          	jal	ra,3ef8 <ntohs>
    4516:	309c                	lbu	a5,1(s1)
    4518:	8caa                	mv	s9,a0
    451a:	2088                	lbu	a0,0(s1)
    451c:	07a2                	slli	a5,a5,0x8
    451e:	8d5d                	or	a0,a0,a5
    4520:	9d9ff0ef          	jal	ra,3ef8 <ntohs>
    4524:	8c2a                	mv	s8,a0
    4526:	854a                	mv	a0,s2
    4528:	7a5000ef          	jal	ra,54cc <pbuf_clen>
    452c:	200077b7          	lui	a5,0x20007
    4530:	4507a783          	lw	a5,1104(a5) # 20007450 <WCHCfg+0x10>
    4534:	8ea1d703          	lhu	a4,-1814(gp) # 2000010a <ip_reass_pbufcount>
    4538:	8d2a                	mv	s10,a0
    453a:	838d                	srli	a5,a5,0x3
    453c:	972a                	add	a4,a4,a0
    453e:	8bfd                	andi	a5,a5,31
    4540:	8ea18993          	addi	s3,gp,-1814 # 2000010a <ip_reass_pbufcount>
    4544:	20e7ec63          	bltu	a5,a4,475c <ip_reass+0x280>
    4548:	8ec1a403          	lw	s0,-1812(gp) # 2000010c <reassdatagrams>
    454c:	4a81                	li	s5,0
    454e:	8ec18a13          	addi	s4,gp,-1812 # 2000010c <reassdatagrams>
    4552:	e81d                	bnez	s0,4588 <ip_reass+0xac>
    4554:	4515                	li	a0,5
    4556:	39f000ef          	jal	ra,50f4 <memp_malloc>
    455a:	842a                	mv	s0,a0
    455c:	20050063          	beqz	a0,475c <ip_reass+0x280>
    4560:	4671                	li	a2,28
    4562:	4581                	li	a1,0
    4564:	00440513          	addi	a0,s0,4
    4568:	cb9fb0ef          	jal	ra,220 <memset>
    456c:	478d                	li	a5,3
    456e:	bc7c                	sb	a5,31(s0)
    4570:	000a2783          	lw	a5,0(s4)
    4574:	008a2023          	sw	s0,0(s4)
    4578:	c01c                	sw	a5,0(s0)
    457a:	4651                	li	a2,20
    457c:	85a6                	mv	a1,s1
    457e:	00840513          	addi	a0,s0,8
    4582:	57d040ef          	jal	ra,92fe <memcpy>
    4586:	ac95                	j	47fa <ip_reass+0x31e>
    4588:	34d8                	lbu	a4,13(s1)
    458a:	24dc                	lbu	a5,12(s1)
    458c:	0722                	slli	a4,a4,0x8
    458e:	8f5d                	or	a4,a4,a5
    4590:	24fc                	lbu	a5,14(s1)
    4592:	07c2                	slli	a5,a5,0x10
    4594:	8f5d                	or	a4,a4,a5
    4596:	34fc                	lbu	a5,15(s1)
    4598:	07e2                	slli	a5,a5,0x18
    459a:	8fd9                	or	a5,a5,a4
    459c:	4858                	lw	a4,20(s0)
    459e:	02f71663          	bne	a4,a5,45ca <ip_reass+0xee>
    45a2:	3898                	lbu	a4,17(s1)
    45a4:	289c                	lbu	a5,16(s1)
    45a6:	0722                	slli	a4,a4,0x8
    45a8:	8f5d                	or	a4,a4,a5
    45aa:	28bc                	lbu	a5,18(s1)
    45ac:	07c2                	slli	a5,a5,0x10
    45ae:	8f5d                	or	a4,a4,a5
    45b0:	38bc                	lbu	a5,19(s1)
    45b2:	07e2                	slli	a5,a5,0x18
    45b4:	8fd9                	or	a5,a5,a4
    45b6:	4c18                	lw	a4,24(s0)
    45b8:	00f71963          	bne	a4,a5,45ca <ip_reass+0xee>
    45bc:	30dc                	lbu	a5,5(s1)
    45be:	20d4                	lbu	a3,4(s1)
    45c0:	245a                	lhu	a4,12(s0)
    45c2:	07a2                	slli	a5,a5,0x8
    45c4:	8fd5                	or	a5,a5,a3
    45c6:	20f70663          	beq	a4,a5,47d2 <ip_reass+0x2f6>
    45ca:	8aa2                	mv	s5,s0
    45cc:	4000                	lw	s0,0(s0)
    45ce:	b751                	j	4552 <ip_reass+0x76>
    45d0:	42cc                	lw	a1,4(a3)
    45d2:	0055c803          	lbu	a6,5(a1)
    45d6:	0045c303          	lbu	t1,4(a1)
    45da:	0822                	slli	a6,a6,0x8
    45dc:	00686833          	or	a6,a6,t1
    45e0:	0d067c63          	bgeu	a2,a6,46b8 <ip_reass+0x1dc>
    45e4:	0086d593          	srli	a1,a3,0x8
    45e8:	a394                	sb	a3,0(a5)
    45ea:	b38c                	sb	a1,1(a5)
    45ec:	0106d593          	srli	a1,a3,0x10
    45f0:	82e1                	srli	a3,a3,0x18
    45f2:	a3ac                	sb	a1,2(a5)
    45f4:	b3b4                	sb	a3,3(a5)
    45f6:	2a070e63          	beqz	a4,48b2 <ip_reass+0x3d6>
    45fa:	3374                	lbu	a3,7(a4)
    45fc:	236c                	lbu	a1,6(a4)
    45fe:	06a2                	slli	a3,a3,0x8
    4600:	8ecd                	or	a3,a3,a1
    4602:	14d66463          	bltu	a2,a3,474a <ip_reass+0x26e>
    4606:	14a86263          	bltu	a6,a0,474a <ip_reass+0x26e>
    460a:	00895693          	srli	a3,s2,0x8
    460e:	01270023          	sb	s2,0(a4)
    4612:	b314                	sb	a3,1(a4)
    4614:	01095693          	srli	a3,s2,0x10
    4618:	01895913          	srli	s2,s2,0x18
    461c:	a334                	sb	a3,2(a4)
    461e:	012701a3          	sb	s2,3(a4)
    4622:	2c78                	lbu	a4,30(s0)
    4624:	4b01                	li	s6,0
    4626:	8b05                	andi	a4,a4,1
    4628:	18070f63          	beqz	a4,47c6 <ip_reass+0x2ea>
    462c:	18088d63          	beqz	a7,47c6 <ip_reass+0x2ea>
    4630:	4058                	lw	a4,4(s0)
    4632:	4344                	lw	s1,4(a4)
    4634:	30d8                	lbu	a4,5(s1)
    4636:	20d4                	lbu	a3,4(s1)
    4638:	0722                	slli	a4,a4,0x8
    463a:	8f55                	or	a4,a4,a3
    463c:	18071563          	bnez	a4,47c6 <ip_reass+0x2ea>
    4640:	3394                	lbu	a3,1(a5)
    4642:	2398                	lbu	a4,0(a5)
    4644:	06a2                	slli	a3,a3,0x8
    4646:	8ed9                	or	a3,a3,a4
    4648:	23b8                	lbu	a4,2(a5)
    464a:	0742                	slli	a4,a4,0x10
    464c:	8ed9                	or	a3,a3,a4
    464e:	33b8                	lbu	a4,3(a5)
    4650:	0762                	slli	a4,a4,0x18
    4652:	8f55                	or	a4,a4,a3
    4654:	e761                	bnez	a4,471c <ip_reass+0x240>
    4656:	2c5e                	lhu	a5,28(s0)
    4658:	0004c903          	lbu	s2,0(s1)
    465c:	4651                	li	a2,20
    465e:	07d1                	addi	a5,a5,20
    4660:	ac5e                	sh	a5,28(s0)
    4662:	309c                	lbu	a5,1(s1)
    4664:	00840593          	addi	a1,s0,8
    4668:	8526                	mv	a0,s1
    466a:	07a2                	slli	a5,a5,0x8
    466c:	0127e7b3          	or	a5,a5,s2
    4670:	0024c903          	lbu	s2,2(s1)
    4674:	0942                	slli	s2,s2,0x10
    4676:	00f967b3          	or	a5,s2,a5
    467a:	0034c903          	lbu	s2,3(s1)
    467e:	0962                	slli	s2,s2,0x18
    4680:	00f96933          	or	s2,s2,a5
    4684:	47b040ef          	jal	ra,92fe <memcpy>
    4688:	2c4a                	lhu	a0,28(s0)
    468a:	861ff0ef          	jal	ra,3eea <htons>
    468e:	a0a8                	sb	a0,2(s1)
    4690:	8121                	srli	a0,a0,0x8
    4692:	b0a8                	sb	a0,3(s1)
    4694:	00048323          	sb	zero,6(s1)
    4698:	000483a3          	sb	zero,7(s1)
    469c:	00048523          	sb	zero,10(s1)
    46a0:	000485a3          	sb	zero,11(s1)
    46a4:	45d1                	li	a1,20
    46a6:	8526                	mv	a0,s1
    46a8:	5fe040ef          	jal	ra,8ca6 <inet_chksum>
    46ac:	a4a8                	sb	a0,10(s1)
    46ae:	8121                	srli	a0,a0,0x8
    46b0:	b4a8                	sb	a0,11(s1)
    46b2:	00442b03          	lw	s6,4(s0)
    46b6:	a0d5                	j	479a <ip_reass+0x2be>
    46b8:	09060963          	beq	a2,a6,474a <ip_reass+0x26e>
    46bc:	31f4                	lbu	a3,7(a1)
    46be:	0065c303          	lbu	t1,6(a1)
    46c2:	06a2                	slli	a3,a3,0x8
    46c4:	0066e6b3          	or	a3,a3,t1
    46c8:	08d66163          	bltu	a2,a3,474a <ip_reass+0x26e>
    46cc:	cb01                	beqz	a4,46dc <ip_reass+0x200>
    46ce:	2374                	lbu	a3,6(a4)
    46d0:	3378                	lbu	a4,7(a4)
    46d2:	0722                	slli	a4,a4,0x8
    46d4:	8f55                	or	a4,a4,a3
    46d6:	00e80363          	beq	a6,a4,46dc <ip_reass+0x200>
    46da:	4881                	li	a7,0
    46dc:	3198                	lbu	a4,1(a1)
    46de:	2194                	lbu	a3,0(a1)
    46e0:	0722                	slli	a4,a4,0x8
    46e2:	8f55                	or	a4,a4,a3
    46e4:	21b4                	lbu	a3,2(a1)
    46e6:	06c2                	slli	a3,a3,0x10
    46e8:	8f55                	or	a4,a4,a3
    46ea:	31b4                	lbu	a3,3(a1)
    46ec:	06e2                	slli	a3,a3,0x18
    46ee:	8ed9                	or	a3,a3,a4
    46f0:	872e                	mv	a4,a1
    46f2:	aa65                	j	48aa <ip_reass+0x3ce>
    46f4:	00895693          	srli	a3,s2,0x8
    46f8:	01270023          	sb	s2,0(a4)
    46fc:	b314                	sb	a3,1(a4)
    46fe:	01095693          	srli	a3,s2,0x10
    4702:	01895913          	srli	s2,s2,0x18
    4706:	a334                	sb	a3,2(a4)
    4708:	012701a3          	sb	s2,3(a4)
    470c:	2374                	lbu	a3,6(a4)
    470e:	3378                	lbu	a4,7(a4)
    4710:	0722                	slli	a4,a4,0x8
    4712:	8f55                	or	a4,a4,a3
    4714:	f0e607e3          	beq	a2,a4,4622 <ip_reass+0x146>
    4718:	4881                	li	a7,0
    471a:	b721                	j	4622 <ip_reass+0x146>
    471c:	4354                	lw	a3,4(a4)
    471e:	23ec                	lbu	a1,6(a5)
    4720:	33f8                	lbu	a4,7(a5)
    4722:	32dc                	lbu	a5,5(a3)
    4724:	22d0                	lbu	a2,4(a3)
    4726:	0722                	slli	a4,a4,0x8
    4728:	07a2                	slli	a5,a5,0x8
    472a:	8f4d                	or	a4,a4,a1
    472c:	8fd1                	or	a5,a5,a2
    472e:	02f71a63          	bne	a4,a5,4762 <ip_reass+0x286>
    4732:	329c                	lbu	a5,1(a3)
    4734:	2298                	lbu	a4,0(a3)
    4736:	07a2                	slli	a5,a5,0x8
    4738:	8fd9                	or	a5,a5,a4
    473a:	22b8                	lbu	a4,2(a3)
    473c:	0742                	slli	a4,a4,0x10
    473e:	8fd9                	or	a5,a5,a4
    4740:	32b8                	lbu	a4,3(a3)
    4742:	0762                	slli	a4,a4,0x18
    4744:	8f5d                	or	a4,a4,a5
    4746:	87b6                	mv	a5,a3
    4748:	b731                	j	4654 <ip_reass+0x178>
    474a:	854a                	mv	a0,s2
    474c:	581000ef          	jal	ra,54cc <pbuf_clen>
    4750:	0009d783          	lhu	a5,0(s3)
    4754:	40a78533          	sub	a0,a5,a0
    4758:	00a99023          	sh	a0,0(s3)
    475c:	854a                	mv	a0,s2
    475e:	389000ef          	jal	ra,52e6 <pbuf_free>
    4762:	4b01                	li	s6,0
    4764:	a08d                	j	47c6 <ip_reass+0x2ea>
    4766:	55b1                	li	a1,-20
    4768:	854a                	mv	a0,s2
    476a:	00492483          	lw	s1,4(s2)
    476e:	30b000ef          	jal	ra,5278 <pbuf_header>
    4772:	85ca                	mv	a1,s2
    4774:	855a                	mv	a0,s6
    4776:	573000ef          	jal	ra,54e8 <pbuf_cat>
    477a:	309c                	lbu	a5,1(s1)
    477c:	0004c903          	lbu	s2,0(s1)
    4780:	07a2                	slli	a5,a5,0x8
    4782:	0127e7b3          	or	a5,a5,s2
    4786:	0024c903          	lbu	s2,2(s1)
    478a:	0942                	slli	s2,s2,0x10
    478c:	00f967b3          	or	a5,s2,a5
    4790:	0034c903          	lbu	s2,3(s1)
    4794:	0962                	slli	s2,s2,0x18
    4796:	00f96933          	or	s2,s2,a5
    479a:	fc0916e3          	bnez	s2,4766 <ip_reass+0x28a>
    479e:	000a2703          	lw	a4,0(s4)
    47a2:	401c                	lw	a5,0(s0)
    47a4:	02e41463          	bne	s0,a4,47cc <ip_reass+0x2f0>
    47a8:	00fa2023          	sw	a5,0(s4)
    47ac:	85a2                	mv	a1,s0
    47ae:	4515                	li	a0,5
    47b0:	165000ef          	jal	ra,5114 <memp_free>
    47b4:	855a                	mv	a0,s6
    47b6:	517000ef          	jal	ra,54cc <pbuf_clen>
    47ba:	0009d783          	lhu	a5,0(s3)
    47be:	40a78533          	sub	a0,a5,a0
    47c2:	00a99023          	sh	a0,0(s3)
    47c6:	855a                	mv	a0,s6
    47c8:	a39fb06f          	j	200 <__riscv_restore_10>
    47cc:	00faa023          	sw	a5,0(s5)
    47d0:	bff1                	j	47ac <ip_reass+0x2d0>
    47d2:	30fc                	lbu	a5,7(s1)
    47d4:	20e8                	lbu	a0,6(s1)
    47d6:	6b89                	lui	s7,0x2
    47d8:	07a2                	slli	a5,a5,0x8
    47da:	8d5d                	or	a0,a0,a5
    47dc:	f1cff0ef          	jal	ra,3ef8 <ntohs>
    47e0:	1bfd                	addi	s7,s7,-1
    47e2:	01757533          	and	a0,a0,s7
    47e6:	0542                	slli	a0,a0,0x10
    47e8:	8141                	srli	a0,a0,0x10
    47ea:	e901                	bnez	a0,47fa <ip_reass+0x31e>
    47ec:	246a                	lhu	a0,14(s0)
    47ee:	f0aff0ef          	jal	ra,3ef8 <ntohs>
    47f2:	01757533          	and	a0,a0,s7
    47f6:	d80512e3          	bnez	a0,457a <ip_reass+0x9e>
    47fa:	0009d783          	lhu	a5,0(s3)
    47fe:	9d3e                	add	s10,s10,a5
    4800:	01a99023          	sh	s10,0(s3)
    4804:	30fc                	lbu	a5,7(s1)
    4806:	20e8                	lbu	a0,6(s1)
    4808:	07a2                	slli	a5,a5,0x8
    480a:	8d5d                	or	a0,a0,a5
    480c:	eecff0ef          	jal	ra,3ef8 <ntohs>
    4810:	01251793          	slli	a5,a0,0x12
    4814:	0207c263          	bltz	a5,4838 <ip_reass+0x35c>
    4818:	013b1513          	slli	a0,s6,0x13
    481c:	2c7c                	lbu	a5,30(s0)
    481e:	814d                	srli	a0,a0,0x13
    4820:	050e                	slli	a0,a0,0x3
    4822:	006c5c13          	srli	s8,s8,0x6
    4826:	9566                	add	a0,a0,s9
    4828:	03cc7c13          	andi	s8,s8,60
    482c:	0017e793          	ori	a5,a5,1
    4830:	41850533          	sub	a0,a0,s8
    4834:	ac7c                	sb	a5,30(s0)
    4836:	ac4a                	sh	a0,28(s0)
    4838:	00492483          	lw	s1,4(s2)
    483c:	30bc                	lbu	a5,3(s1)
    483e:	20a8                	lbu	a0,2(s1)
    4840:	07a2                	slli	a5,a5,0x8
    4842:	8d5d                	or	a0,a0,a5
    4844:	eb4ff0ef          	jal	ra,3ef8 <ntohs>
    4848:	309c                	lbu	a5,1(s1)
    484a:	8b2a                	mv	s6,a0
    484c:	2088                	lbu	a0,0(s1)
    484e:	07a2                	slli	a5,a5,0x8
    4850:	8d5d                	or	a0,a0,a5
    4852:	ea6ff0ef          	jal	ra,3ef8 <ntohs>
    4856:	30fc                	lbu	a5,7(s1)
    4858:	8baa                	mv	s7,a0
    485a:	20e8                	lbu	a0,6(s1)
    485c:	07a2                	slli	a5,a5,0x8
    485e:	006bdb93          	srli	s7,s7,0x6
    4862:	8d5d                	or	a0,a0,a5
    4864:	e94ff0ef          	jal	ra,3ef8 <ntohs>
    4868:	054e                	slli	a0,a0,0x13
    486a:	814d                	srli	a0,a0,0x13
    486c:	00351613          	slli	a2,a0,0x3
    4870:	00cb0533          	add	a0,s6,a2
    4874:	03cbfb13          	andi	s6,s7,60
    4878:	00492783          	lw	a5,4(s2)
    487c:	41650533          	sub	a0,a0,s6
    4880:	0542                	slli	a0,a0,0x10
    4882:	00865713          	srli	a4,a2,0x8
    4886:	8141                	srli	a0,a0,0x10
    4888:	4054                	lw	a3,4(s0)
    488a:	b3d8                	sb	a4,5(a5)
    488c:	00855713          	srli	a4,a0,0x8
    4890:	b3f8                	sb	a4,7(a5)
    4892:	00078023          	sb	zero,0(a5)
    4896:	000780a3          	sb	zero,1(a5)
    489a:	00078123          	sb	zero,2(a5)
    489e:	000781a3          	sb	zero,3(a5)
    48a2:	a3d0                	sb	a2,4(a5)
    48a4:	a3e8                	sb	a0,6(a5)
    48a6:	4885                	li	a7,1
    48a8:	4701                	li	a4,0
    48aa:	d20693e3          	bnez	a3,45d0 <ip_reass+0xf4>
    48ae:	e40713e3          	bnez	a4,46f4 <ip_reass+0x218>
    48b2:	01242223          	sw	s2,4(s0)
    48b6:	b3b5                	j	4622 <ip_reass+0x146>

000048b8 <ip_frag>:
ip_frag():
    48b8:	909fb2ef          	jal	t0,1c0 <__riscv_save_12>
    48bc:	00452c03          	lw	s8,4(a0)
    48c0:	1101                	addi	sp,sp,-32
    48c2:	ca32                	sw	a2,20(sp)
    48c4:	007c4703          	lbu	a4,7(s8)
    48c8:	8daa                	mv	s11,a0
    48ca:	006c4503          	lbu	a0,6(s8)
    48ce:	0722                	slli	a4,a4,0x8
    48d0:	0305db83          	lhu	s7,48(a1)
    48d4:	8d59                	or	a0,a0,a4
    48d6:	8cae                	mv	s9,a1
    48d8:	e20ff0ef          	jal	ra,3ef8 <ntohs>
    48dc:	6689                	lui	a3,0x2
    48de:	00d577b3          	and	a5,a0,a3
    48e2:	fecb8a13          	addi	s4,s7,-20 # 1fec <WCHNET_ETHIsr+0x12>
    48e6:	46a1                	li	a3,8
    48e8:	02da4a33          	div	s4,s4,a3
    48ec:	008dd483          	lhu	s1,8(s11)
    48f0:	6709                	lui	a4,0x2
    48f2:	177d                	addi	a4,a4,-1
    48f4:	c63e                	sw	a5,12(sp)
    48f6:	00e57933          	and	s2,a0,a4
    48fa:	14b1                	addi	s1,s1,-20
    48fc:	0942                	slli	s2,s2,0x10
    48fe:	04c2                	slli	s1,s1,0x10
    4900:	01095913          	srli	s2,s2,0x10
    4904:	80c1                	srli	s1,s1,0x10
    4906:	4401                	li	s0,0
    4908:	4d51                	li	s10,20
    490a:	cc3a                	sw	a4,24(sp)
    490c:	0a42                	slli	s4,s4,0x10
    490e:	010a5a13          	srli	s4,s4,0x10
    4912:	003a1693          	slli	a3,s4,0x3
    4916:	01069793          	slli	a5,a3,0x10
    491a:	83c1                	srli	a5,a5,0x10
    491c:	c83e                	sw	a5,16(sp)
    491e:	fedb8793          	addi	a5,s7,-19
    4922:	ce3e                	sw	a5,28(sp)
    4924:	e489                	bnez	s1,492e <ip_frag+0x76>
    4926:	4501                	li	a0,0
    4928:	6105                	addi	sp,sp,32
    492a:	8d3fb06f          	j	1fc <__riscv_restore_12>
    492e:	47e2                	lw	a5,24(sp)
    4930:	8aa6                	mv	s5,s1
    4932:	00f97b33          	and	s6,s2,a5
    4936:	47b2                	lw	a5,12(sp)
    4938:	0167eb33          	or	s6,a5,s6
    493c:	47f2                	lw	a5,28(sp)
    493e:	00f4c663          	blt	s1,a5,494a <ip_frag+0x92>
    4942:	4ac2                	lw	s5,16(sp)
    4944:	6789                	lui	a5,0x2
    4946:	00fb6b33          	or	s6,s6,a5
    494a:	4601                	li	a2,0
    494c:	45d1                	li	a1,20
    494e:	4509                	li	a0,2
    4950:	1e5000ef          	jal	ra,5334 <pbuf_alloc>
    4954:	89aa                	mv	s3,a0
    4956:	c939                	beqz	a0,49ac <ip_frag+0xf4>
    4958:	4148                	lw	a0,4(a0)
    495a:	4651                	li	a2,20
    495c:	85e2                	mv	a1,s8
    495e:	1a1040ef          	jal	ra,92fe <memcpy>
    4962:	004da603          	lw	a2,4(s11)
    4966:	0049ab83          	lw	s7,4(s3)
    496a:	966a                	add	a2,a2,s10
    496c:	00cda223          	sw	a2,4(s11)
    4970:	00add603          	lhu	a2,10(s11)
    4974:	41a606b3          	sub	a3,a2,s10
    4978:	00dd9523          	sh	a3,10(s11)
    497c:	8d56                	mv	s10,s5
    497e:	040d0963          	beqz	s10,49d0 <ip_frag+0x118>
    4982:	00add403          	lhu	s0,10(s11)
    4986:	008d7363          	bgeu	s10,s0,498c <ip_frag+0xd4>
    498a:	846a                	mv	s0,s10
    498c:	0442                	slli	s0,s0,0x10
    498e:	8041                	srli	s0,s0,0x10
    4990:	e401                	bnez	s0,4998 <ip_frag+0xe0>
    4992:	000dad83          	lw	s11,0(s11)
    4996:	b7e5                	j	497e <ip_frag+0xc6>
    4998:	4581                	li	a1,0
    499a:	4609                	li	a2,2
    499c:	450d                	li	a0,3
    499e:	197000ef          	jal	ra,5334 <pbuf_alloc>
    49a2:	85aa                	mv	a1,a0
    49a4:	e511                	bnez	a0,49b0 <ip_frag+0xf8>
    49a6:	854e                	mv	a0,s3
    49a8:	13f000ef          	jal	ra,52e6 <pbuf_free>
    49ac:	557d                	li	a0,-1
    49ae:	bfad                	j	4928 <ip_frag+0x70>
    49b0:	004da603          	lw	a2,4(s11)
    49b4:	a502                	sh	s0,8(a0)
    49b6:	a522                	sh	s0,10(a0)
    49b8:	c150                	sw	a2,4(a0)
    49ba:	854e                	mv	a0,s3
    49bc:	32d000ef          	jal	ra,54e8 <pbuf_cat>
    49c0:	408d06b3          	sub	a3,s10,s0
    49c4:	01069d13          	slli	s10,a3,0x10
    49c8:	010d5d13          	srli	s10,s10,0x10
    49cc:	fc0d13e3          	bnez	s10,4992 <ip_frag+0xda>
    49d0:	855a                	mv	a0,s6
    49d2:	d18ff0ef          	jal	ra,3eea <htons>
    49d6:	00ab8323          	sb	a0,6(s7)
    49da:	8121                	srli	a0,a0,0x8
    49dc:	00ab83a3          	sb	a0,7(s7)
    49e0:	014a8513          	addi	a0,s5,20
    49e4:	0542                	slli	a0,a0,0x10
    49e6:	8141                	srli	a0,a0,0x10
    49e8:	d02ff0ef          	jal	ra,3eea <htons>
    49ec:	00ab8123          	sb	a0,2(s7)
    49f0:	8121                	srli	a0,a0,0x8
    49f2:	00ab81a3          	sb	a0,3(s7)
    49f6:	45d1                	li	a1,20
    49f8:	000b8523          	sb	zero,10(s7)
    49fc:	000b85a3          	sb	zero,11(s7)
    4a00:	855e                	mv	a0,s7
    4a02:	2a4040ef          	jal	ra,8ca6 <inet_chksum>
    4a06:	014ca703          	lw	a4,20(s9)
    4a0a:	4652                	lw	a2,20(sp)
    4a0c:	00ab8523          	sb	a0,10(s7)
    4a10:	8121                	srli	a0,a0,0x8
    4a12:	00ab85a3          	sb	a0,11(s7)
    4a16:	85ce                	mv	a1,s3
    4a18:	8566                	mv	a0,s9
    4a1a:	9702                	jalr	a4
    4a1c:	415484b3          	sub	s1,s1,s5
    4a20:	9952                	add	s2,s2,s4
    4a22:	854e                	mv	a0,s3
    4a24:	04c2                	slli	s1,s1,0x10
    4a26:	0942                	slli	s2,s2,0x10
    4a28:	0bf000ef          	jal	ra,52e6 <pbuf_free>
    4a2c:	80c1                	srli	s1,s1,0x10
    4a2e:	01095913          	srli	s2,s2,0x10
    4a32:	8d22                	mv	s10,s0
    4a34:	bdc5                	j	4924 <ip_frag+0x6c>

00004a36 <dhcp_set_state>:
dhcp_set_state():
    4a36:	293c                	lbu	a5,18(a0)
    4a38:	00b78963          	beq	a5,a1,4a4a <dhcp_set_state+0x14>
    4a3c:	200077b7          	lui	a5,0x20007
    4a40:	a92c                	sb	a1,18(a0)
    4a42:	000509a3          	sb	zero,19(a0)
    4a46:	3807a423          	sw	zero,904(a5) # 20007388 <DHCPCtrl+0x4>
    4a4a:	8082                	ret

00004a4c <dhcp_option>:
dhcp_option():
    4a4c:	2d5e                	lhu	a5,28(a0)
    4a4e:	4d18                	lw	a4,24(a0)
    4a50:	00f706b3          	add	a3,a4,a5
    4a54:	0eb68823          	sb	a1,240(a3) # 20f0 <ETH_LibInit+0x10>
    4a58:	00278693          	addi	a3,a5,2
    4a5c:	0785                	addi	a5,a5,1
    4a5e:	07c2                	slli	a5,a5,0x10
    4a60:	83c1                	srli	a5,a5,0x10
    4a62:	ad56                	sh	a3,28(a0)
    4a64:	97ba                	add	a5,a5,a4
    4a66:	0ec78823          	sb	a2,240(a5)
    4a6a:	8082                	ret

00004a6c <dhcp_option_byte>:
dhcp_option_byte():
    4a6c:	2d5a                	lhu	a4,28(a0)
    4a6e:	4d1c                	lw	a5,24(a0)
    4a70:	00170693          	addi	a3,a4,1 # 2001 <WCHNET_ETHIsr+0x27>
    4a74:	ad56                	sh	a3,28(a0)
    4a76:	97ba                	add	a5,a5,a4
    4a78:	0eb78823          	sb	a1,240(a5)
    4a7c:	8082                	ret

00004a7e <dhcp_option_long>:
dhcp_option_long():
    4a7e:	2d5e                	lhu	a5,28(a0)
    4a80:	4d18                	lw	a4,24(a0)
    4a82:	0185d613          	srli	a2,a1,0x18
    4a86:	00f706b3          	add	a3,a4,a5
    4a8a:	0ec68823          	sb	a2,240(a3)
    4a8e:	00178693          	addi	a3,a5,1
    4a92:	06c2                	slli	a3,a3,0x10
    4a94:	82c1                	srli	a3,a3,0x10
    4a96:	96ba                	add	a3,a3,a4
    4a98:	0105d613          	srli	a2,a1,0x10
    4a9c:	0ec68823          	sb	a2,240(a3)
    4aa0:	00278693          	addi	a3,a5,2
    4aa4:	06c2                	slli	a3,a3,0x10
    4aa6:	82c1                	srli	a3,a3,0x10
    4aa8:	96ba                	add	a3,a3,a4
    4aaa:	0085d613          	srli	a2,a1,0x8
    4aae:	0ec68823          	sb	a2,240(a3)
    4ab2:	00478693          	addi	a3,a5,4
    4ab6:	078d                	addi	a5,a5,3
    4ab8:	07c2                	slli	a5,a5,0x10
    4aba:	83c1                	srli	a5,a5,0x10
    4abc:	ad56                	sh	a3,28(a0)
    4abe:	97ba                	add	a5,a5,a4
    4ac0:	0eb78823          	sb	a1,240(a5)
    4ac4:	8082                	ret

00004ac6 <dhcp_option_trailer>:
dhcp_option_trailer():
    4ac6:	c115                	beqz	a0,4aea <dhcp_option_trailer+0x24>
    4ac8:	2d5e                	lhu	a5,28(a0)
    4aca:	4d18                	lw	a4,24(a0)
    4acc:	04300613          	li	a2,67
    4ad0:	00178693          	addi	a3,a5,1
    4ad4:	ad56                	sh	a3,28(a0)
    4ad6:	97ba                	add	a5,a5,a4
    4ad8:	56fd                	li	a3,-1
    4ada:	0ed78823          	sb	a3,240(a5)
    4ade:	2d5e                	lhu	a5,28(a0)
    4ae0:	00f67663          	bgeu	a2,a5,4aec <dhcp_option_trailer+0x26>
    4ae4:	0037f693          	andi	a3,a5,3
    4ae8:	e291                	bnez	a3,4aec <dhcp_option_trailer+0x26>
    4aea:	8082                	ret
    4aec:	00178693          	addi	a3,a5,1
    4af0:	ad56                	sh	a3,28(a0)
    4af2:	97ba                	add	a5,a5,a4
    4af4:	0e078823          	sb	zero,240(a5)
    4af8:	b7dd                	j	4ade <dhcp_option_trailer+0x18>

00004afa <dhcp_create_request>:
dhcp_create_request():
    4afa:	18050263          	beqz	a0,4c7e <dhcp_create_request+0x184>
    4afe:	ef2fb2ef          	jal	t0,1f0 <__riscv_save_0>
    4b02:	5104                	lw	s1,32(a0)
    4b04:	57dd                	li	a5,-9
    4b06:	16048963          	beqz	s1,4c78 <dhcp_create_request+0x17e>
    4b0a:	892a                	mv	s2,a0
    4b0c:	4601                	li	a2,0
    4b0e:	13400593          	li	a1,308
    4b12:	4501                	li	a0,0
    4b14:	021000ef          	jal	ra,5334 <pbuf_alloc>
    4b18:	c8c8                	sw	a0,20(s1)
    4b1a:	872a                	mv	a4,a0
    4b1c:	57fd                	li	a5,-1
    4b1e:	14050d63          	beqz	a0,4c78 <dhcp_create_request+0x17e>
    4b22:	38bc                	lbu	a5,19(s1)
    4b24:	ef99                	bnez	a5,4b42 <dhcp_create_request+0x48>
    4b26:	28bc                	lbu	a5,18(s1)
    4b28:	4605                	li	a2,1
    4b2a:	00c78c63          	beq	a5,a2,4b42 <dhcp_create_request+0x48>
    4b2e:	17f1                	addi	a5,a5,-4
    4b30:	0ff7f793          	andi	a5,a5,255
    4b34:	00f67763          	bgeu	a2,a5,4b42 <dhcp_create_request+0x48>
    4b38:	8201a783          	lw	a5,-2016(gp) # 20000040 <DHCPXid>
    4b3c:	0785                	addi	a5,a5,1
    4b3e:	82f1a023          	sw	a5,-2016(gp) # 20000040 <DHCPXid>
    4b42:	4340                	lw	s0,4(a4)
    4b44:	8201a503          	lw	a0,-2016(gp) # 20000040 <DHCPXid>
    4b48:	4785                	li	a5,1
    4b4a:	cc80                	sw	s0,24(s1)
    4b4c:	c088                	sw	a0,0(s1)
    4b4e:	a01c                	sb	a5,0(s0)
    4b50:	b01c                	sb	a5,1(s0)
    4b52:	4799                	li	a5,6
    4b54:	a03c                	sb	a5,2(s0)
    4b56:	000401a3          	sb	zero,3(s0)
    4b5a:	bacff0ef          	jal	ra,3f06 <htonl>
    4b5e:	00855793          	srli	a5,a0,0x8
    4b62:	a048                	sb	a0,4(s0)
    4b64:	b05c                	sb	a5,5(s0)
    4b66:	01055793          	srli	a5,a0,0x10
    4b6a:	8161                	srli	a0,a0,0x18
    4b6c:	a07c                	sb	a5,6(s0)
    4b6e:	b068                	sb	a0,7(s0)
    4b70:	4c80                	lw	s0,24(s1)
    4b72:	4729                	li	a4,10
    4b74:	00040423          	sb	zero,8(s0)
    4b78:	000404a3          	sb	zero,9(s0)
    4b7c:	00040523          	sb	zero,10(s0)
    4b80:	000405a3          	sb	zero,11(s0)
    4b84:	00040623          	sb	zero,12(s0)
    4b88:	000406a3          	sb	zero,13(s0)
    4b8c:	00040723          	sb	zero,14(s0)
    4b90:	000407a3          	sb	zero,15(s0)
    4b94:	28bc                	lbu	a5,18(s1)
    4b96:	00e78863          	beq	a5,a4,4ba6 <dhcp_create_request+0xac>
    4b9a:	17f1                	addi	a5,a5,-4
    4b9c:	0ff7f793          	andi	a5,a5,255
    4ba0:	4705                	li	a4,1
    4ba2:	00f76e63          	bltu	a4,a5,4bbe <dhcp_create_request+0xc4>
    4ba6:	00494783          	lbu	a5,4(s2)
    4baa:	a45c                	sb	a5,12(s0)
    4bac:	00594783          	lbu	a5,5(s2)
    4bb0:	b45c                	sb	a5,13(s0)
    4bb2:	00694783          	lbu	a5,6(s2)
    4bb6:	a47c                	sb	a5,14(s0)
    4bb8:	00794783          	lbu	a5,7(s2)
    4bbc:	b47c                	sb	a5,15(s0)
    4bbe:	00040823          	sb	zero,16(s0)
    4bc2:	000408a3          	sb	zero,17(s0)
    4bc6:	00040923          	sb	zero,18(s0)
    4bca:	000409a3          	sb	zero,19(s0)
    4bce:	00040a23          	sb	zero,20(s0)
    4bd2:	00040aa3          	sb	zero,21(s0)
    4bd6:	00040b23          	sb	zero,22(s0)
    4bda:	00040ba3          	sb	zero,23(s0)
    4bde:	00040c23          	sb	zero,24(s0)
    4be2:	00040ca3          	sb	zero,25(s0)
    4be6:	00040d23          	sb	zero,26(s0)
    4bea:	00040da3          	sb	zero,27(s0)
    4bee:	02894583          	lbu	a1,40(s2)
    4bf2:	4781                	li	a5,0
    4bf4:	4641                	li	a2,16
    4bf6:	01079713          	slli	a4,a5,0x10
    4bfa:	8341                	srli	a4,a4,0x10
    4bfc:	4681                	li	a3,0
    4bfe:	00b77663          	bgeu	a4,a1,4c0a <dhcp_create_request+0x110>
    4c02:	00f90733          	add	a4,s2,a5
    4c06:	02974683          	lbu	a3,41(a4)
    4c0a:	00f40733          	add	a4,s0,a5
    4c0e:	af54                	sb	a3,28(a4)
    4c10:	0785                	addi	a5,a5,1
    4c12:	fec792e3          	bne	a5,a2,4bf6 <dhcp_create_request+0xfc>
    4c16:	02c40713          	addi	a4,s0,44
    4c1a:	06c40793          	addi	a5,s0,108
    4c1e:	00070023          	sb	zero,0(a4)
    4c22:	0705                	addi	a4,a4,1
    4c24:	fee79de3          	bne	a5,a4,4c1e <dhcp_create_request+0x124>
    4c28:	0ec40713          	addi	a4,s0,236
    4c2c:	00078023          	sb	zero,0(a5)
    4c30:	0785                	addi	a5,a5,1
    4c32:	fee79de3          	bne	a5,a4,4c2c <dhcp_create_request+0x132>
    4c36:	63825537          	lui	a0,0x63825
    4c3a:	36350513          	addi	a0,a0,867 # 63825363 <_eusrstack+0x4381d363>
    4c3e:	ac8ff0ef          	jal	ra,3f06 <htonl>
    4c42:	00855793          	srli	a5,a0,0x8
    4c46:	0ea40623          	sb	a0,236(s0)
    4c4a:	0ef406a3          	sb	a5,237(s0)
    4c4e:	4c90                	lw	a2,24(s1)
    4c50:	01055793          	srli	a5,a0,0x10
    4c54:	8161                	srli	a0,a0,0x18
    4c56:	0ef40723          	sb	a5,238(s0)
    4c5a:	0ea407a3          	sb	a0,239(s0)
    4c5e:	00049e23          	sh	zero,28(s1)
    4c62:	4781                	li	a5,0
    4c64:	04400713          	li	a4,68
    4c68:	00f606b3          	add	a3,a2,a5
    4c6c:	0ef68823          	sb	a5,240(a3)
    4c70:	0785                	addi	a5,a5,1
    4c72:	fee79be3          	bne	a5,a4,4c68 <dhcp_create_request+0x16e>
    4c76:	4781                	li	a5,0
    4c78:	853e                	mv	a0,a5
    4c7a:	d9afb06f          	j	214 <__riscv_restore_0>
    4c7e:	57d9                	li	a5,-10
    4c80:	853e                	mv	a0,a5
    4c82:	8082                	ret

00004c84 <dhcp_delete_request>:
dhcp_delete_request():
    4c84:	cd11                	beqz	a0,4ca0 <dhcp_delete_request+0x1c>
    4c86:	d6afb2ef          	jal	t0,1f0 <__riscv_save_0>
    4c8a:	5100                	lw	s0,32(a0)
    4c8c:	c801                	beqz	s0,4c9c <dhcp_delete_request+0x18>
    4c8e:	4848                	lw	a0,20(s0)
    4c90:	c111                	beqz	a0,4c94 <dhcp_delete_request+0x10>
    4c92:	2d91                	jal	52e6 <pbuf_free>
    4c94:	00042a23          	sw	zero,20(s0)
    4c98:	00042c23          	sw	zero,24(s0)
    4c9c:	d78fb06f          	j	214 <__riscv_restore_0>
    4ca0:	8082                	ret

00004ca2 <dhcp_arp_reply>:
dhcp_arp_reply():
    4ca2:	18050063          	beqz	a0,4e22 <dhcp_arp_reply+0x180>
    4ca6:	d4afb2ef          	jal	t0,1f0 <__riscv_save_0>
    4caa:	5100                	lw	s0,32(a0)
    4cac:	16040963          	beqz	s0,4e1e <dhcp_arp_reply+0x17c>
    4cb0:	2838                	lbu	a4,18(s0)
    4cb2:	47a1                	li	a5,8
    4cb4:	16f71563          	bne	a4,a5,4e1e <dhcp_arp_reply+0x17c>
    4cb8:	3198                	lbu	a4,1(a1)
    4cba:	219c                	lbu	a5,0(a1)
    4cbc:	0722                	slli	a4,a4,0x8
    4cbe:	8f5d                	or	a4,a4,a5
    4cc0:	21bc                	lbu	a5,2(a1)
    4cc2:	07c2                	slli	a5,a5,0x10
    4cc4:	8f5d                	or	a4,a4,a5
    4cc6:	31bc                	lbu	a5,3(a1)
    4cc8:	07e2                	slli	a5,a5,0x18
    4cca:	8fd9                	or	a5,a5,a4
    4ccc:	5418                	lw	a4,40(s0)
    4cce:	14e79863          	bne	a5,a4,4e1e <dhcp_arp_reply+0x17c>
    4cd2:	84aa                	mv	s1,a0
    4cd4:	45b1                	li	a1,12
    4cd6:	8522                	mv	a0,s0
    4cd8:	d5fff0ef          	jal	ra,4a36 <dhcp_set_state>
    4cdc:	8526                	mv	a0,s1
    4cde:	e1dff0ef          	jal	ra,4afa <dhcp_create_request>
    4ce2:	12051963          	bnez	a0,4e14 <dhcp_arp_reply+0x172>
    4ce6:	4605                	li	a2,1
    4ce8:	03500593          	li	a1,53
    4cec:	8522                	mv	a0,s0
    4cee:	d5fff0ef          	jal	ra,4a4c <dhcp_option>
    4cf2:	4591                	li	a1,4
    4cf4:	8522                	mv	a0,s0
    4cf6:	d77ff0ef          	jal	ra,4a6c <dhcp_option_byte>
    4cfa:	4611                	li	a2,4
    4cfc:	03200593          	li	a1,50
    4d00:	8522                	mv	a0,s0
    4d02:	d4bff0ef          	jal	ra,4a4c <dhcp_option>
    4d06:	5408                	lw	a0,40(s0)
    4d08:	a22ff0ef          	jal	ra,3f2a <ntohl>
    4d0c:	85aa                	mv	a1,a0
    4d0e:	8522                	mv	a0,s0
    4d10:	d6fff0ef          	jal	ra,4a7e <dhcp_option_long>
    4d14:	4611                	li	a2,4
    4d16:	03600593          	li	a1,54
    4d1a:	8522                	mv	a0,s0
    4d1c:	d31ff0ef          	jal	ra,4a4c <dhcp_option>
    4d20:	5048                	lw	a0,36(s0)
    4d22:	a08ff0ef          	jal	ra,3f2a <ntohl>
    4d26:	85aa                	mv	a1,a0
    4d28:	8522                	mv	a0,s0
    4d2a:	d55ff0ef          	jal	ra,4a7e <dhcp_option_long>
    4d2e:	461d                	li	a2,7
    4d30:	03d00593          	li	a1,61
    4d34:	8522                	mv	a0,s0
    4d36:	d17ff0ef          	jal	ra,4a4c <dhcp_option>
    4d3a:	2c5e                	lhu	a5,28(s0)
    4d3c:	4c18                	lw	a4,24(s0)
    4d3e:	4605                	li	a2,1
    4d40:	8522                	mv	a0,s0
    4d42:	00f706b3          	add	a3,a4,a5
    4d46:	0ec68823          	sb	a2,240(a3)
    4d4a:	00278613          	addi	a2,a5,2
    4d4e:	0642                	slli	a2,a2,0x10
    4d50:	8241                	srli	a2,a2,0x10
    4d52:	ac52                	sh	a2,28(s0)
    4d54:	00178693          	addi	a3,a5,1
    4d58:	0294c583          	lbu	a1,41(s1)
    4d5c:	06c2                	slli	a3,a3,0x10
    4d5e:	82c1                	srli	a3,a3,0x10
    4d60:	96ba                	add	a3,a3,a4
    4d62:	0eb68823          	sb	a1,240(a3)
    4d66:	00378693          	addi	a3,a5,3
    4d6a:	06c2                	slli	a3,a3,0x10
    4d6c:	82c1                	srli	a3,a3,0x10
    4d6e:	ac56                	sh	a3,28(s0)
    4d70:	02a4c583          	lbu	a1,42(s1)
    4d74:	963a                	add	a2,a2,a4
    4d76:	96ba                	add	a3,a3,a4
    4d78:	0eb60823          	sb	a1,240(a2)
    4d7c:	00478613          	addi	a2,a5,4
    4d80:	0642                	slli	a2,a2,0x10
    4d82:	8241                	srli	a2,a2,0x10
    4d84:	ac52                	sh	a2,28(s0)
    4d86:	02b4c583          	lbu	a1,43(s1)
    4d8a:	963a                	add	a2,a2,a4
    4d8c:	0eb68823          	sb	a1,240(a3)
    4d90:	00578693          	addi	a3,a5,5
    4d94:	06c2                	slli	a3,a3,0x10
    4d96:	82c1                	srli	a3,a3,0x10
    4d98:	ac56                	sh	a3,28(s0)
    4d9a:	02c4c583          	lbu	a1,44(s1)
    4d9e:	96ba                	add	a3,a3,a4
    4da0:	0eb60823          	sb	a1,240(a2)
    4da4:	00678613          	addi	a2,a5,6
    4da8:	0642                	slli	a2,a2,0x10
    4daa:	8241                	srli	a2,a2,0x10
    4dac:	ac52                	sh	a2,28(s0)
    4dae:	02d4c583          	lbu	a1,45(s1)
    4db2:	079d                	addi	a5,a5,7
    4db4:	9732                	add	a4,a4,a2
    4db6:	0eb68823          	sb	a1,240(a3)
    4dba:	ac5e                	sh	a5,28(s0)
    4dbc:	02e4c783          	lbu	a5,46(s1)
    4dc0:	0ef70823          	sb	a5,240(a4)
    4dc4:	d03ff0ef          	jal	ra,4ac6 <dhcp_option_trailer>
    4dc8:	2c4e                	lhu	a1,28(s0)
    4dca:	4848                	lw	a0,20(s0)
    4dcc:	0f058593          	addi	a1,a1,240
    4dd0:	05c2                	slli	a1,a1,0x10
    4dd2:	81c1                	srli	a1,a1,0x10
    4dd4:	2545                	jal	5474 <pbuf_realloc>
    4dd6:	02844703          	lbu	a4,40(s0)
    4dda:	4c1c                	lw	a5,24(s0)
    4ddc:	484c                	lw	a1,20(s0)
    4dde:	4048                	lw	a0,4(s0)
    4de0:	a7d8                	sb	a4,12(a5)
    4de2:	02944703          	lbu	a4,41(s0)
    4de6:	0044a903          	lw	s2,4(s1)
    4dea:	b7d8                	sb	a4,13(a5)
    4dec:	02a44703          	lbu	a4,42(s0)
    4df0:	04300693          	li	a3,67
    4df4:	84c18613          	addi	a2,gp,-1972 # 2000006c <ip_addr_broadcast>
    4df8:	a7f8                	sb	a4,14(a5)
    4dfa:	02b44703          	lbu	a4,43(s0)
    4dfe:	b7f8                	sb	a4,15(a5)
    4e00:	0004a223          	sw	zero,4(s1)
    4e04:	8726                	mv	a4,s1
    4e06:	06d030ef          	jal	ra,8672 <udp_sendto_if>
    4e0a:	8526                	mv	a0,s1
    4e0c:	0124a223          	sw	s2,4(s1)
    4e10:	e75ff0ef          	jal	ra,4c84 <dhcp_delete_request>
    4e14:	383c                	lbu	a5,19(s0)
    4e16:	0785                	addi	a5,a5,1
    4e18:	b83c                	sb	a5,19(s0)
    4e1a:	4785                	li	a5,1
    4e1c:	ac7e                	sh	a5,30(s0)
    4e1e:	bf6fb06f          	j	214 <__riscv_restore_0>
    4e22:	8082                	ret

00004e24 <lwip_init>:
lwip_init():
    4e24:	bccfb2ef          	jal	t0,1f0 <__riscv_save_0>
    4e28:	9201a223          	sw	zero,-1756(gp) # 20000144 <tcp_tw_pcbs>
    4e2c:	9001a623          	sw	zero,-1780(gp) # 2000012c <tcp_active_pcbs>
    4e30:	9001a823          	sw	zero,-1776(gp) # 20000130 <tcp_bound_pcbs>
    4e34:	2811                	jal	4e48 <mem_init>
    4e36:	24bd                	jal	50a4 <memp_init>
    4e38:	200077b7          	lui	a5,0x20007
    4e3c:	3e47a783          	lw	a5,996(a5) # 200073e4 <DNSInf+0x8>
    4e40:	c391                	beqz	a5,4e44 <lwip_init+0x20>
    4e42:	9782                	jalr	a5
    4e44:	bd0fb06f          	j	214 <__riscv_restore_0>

00004e48 <mem_init>:
mem_init():
    4e48:	20004737          	lui	a4,0x20004
    4e4c:	7af70713          	addi	a4,a4,1967 # 200047af <Mem_Heap_Memory+0x3>
    4e50:	9b71                	andi	a4,a4,-4
    4e52:	8ee1aa23          	sw	a4,-1804(gp) # 20000114 <ram>
    4e56:	200077b7          	lui	a5,0x20007
    4e5a:	4487a783          	lw	a5,1096(a5) # 20007448 <WCHCfg+0x8>
    4e5e:	00071123          	sh	zero,2(a4)
    4e62:	078d                	addi	a5,a5,3
    4e64:	9bf1                	andi	a5,a5,-4
    4e66:	01079693          	slli	a3,a5,0x10
    4e6a:	82c1                	srli	a3,a3,0x10
    4e6c:	97ba                	add	a5,a5,a4
    4e6e:	a316                	sh	a3,0(a4)
    4e70:	00070223          	sb	zero,4(a4)
    4e74:	8ef1ac23          	sw	a5,-1800(gp) # 20000118 <ram_end>
    4e78:	4605                	li	a2,1
    4e7a:	a3d0                	sb	a2,4(a5)
    4e7c:	a396                	sh	a3,0(a5)
    4e7e:	a3b6                	sh	a3,2(a5)
    4e80:	8ee1a823          	sw	a4,-1808(gp) # 20000110 <lfree>
    4e84:	8082                	ret

00004e86 <mem_free>:
mem_free():
    4e86:	c149                	beqz	a0,4f08 <mem_free+0x82>
    4e88:	8f41a783          	lw	a5,-1804(gp) # 20000114 <ram>
    4e8c:	06f56e63          	bltu	a0,a5,4f08 <mem_free+0x82>
    4e90:	8f81a583          	lw	a1,-1800(gp) # 20000118 <ram_end>
    4e94:	06b57a63          	bgeu	a0,a1,4f08 <mem_free+0x82>
    4e98:	8f01a683          	lw	a3,-1808(gp) # 20000110 <lfree>
    4e9c:	ff850613          	addi	a2,a0,-8
    4ea0:	fe050e23          	sb	zero,-4(a0)
    4ea4:	8f018713          	addi	a4,gp,-1808 # 20000110 <lfree>
    4ea8:	00d67363          	bgeu	a2,a3,4eae <mem_free+0x28>
    4eac:	c310                	sw	a2,0(a4)
    4eae:	ff855683          	lhu	a3,-8(a0)
    4eb2:	96be                	add	a3,a3,a5
    4eb4:	02d60463          	beq	a2,a3,4edc <mem_free+0x56>
    4eb8:	0046c803          	lbu	a6,4(a3)
    4ebc:	02081063          	bnez	a6,4edc <mem_free+0x56>
    4ec0:	00d58e63          	beq	a1,a3,4edc <mem_free+0x56>
    4ec4:	430c                	lw	a1,0(a4)
    4ec6:	00b69363          	bne	a3,a1,4ecc <mem_free+0x46>
    4eca:	c310                	sw	a2,0(a4)
    4ecc:	228e                	lhu	a1,0(a3)
    4ece:	feb51c23          	sh	a1,-8(a0)
    4ed2:	2296                	lhu	a3,0(a3)
    4ed4:	40f605b3          	sub	a1,a2,a5
    4ed8:	96be                	add	a3,a3,a5
    4eda:	a2ae                	sh	a1,2(a3)
    4edc:	ffa55583          	lhu	a1,-6(a0)
    4ee0:	00b786b3          	add	a3,a5,a1
    4ee4:	02d60263          	beq	a2,a3,4f08 <mem_free+0x82>
    4ee8:	0046c803          	lbu	a6,4(a3)
    4eec:	00081e63          	bnez	a6,4f08 <mem_free+0x82>
    4ef0:	00072803          	lw	a6,0(a4)
    4ef4:	01061363          	bne	a2,a6,4efa <mem_free+0x74>
    4ef8:	c314                	sw	a3,0(a4)
    4efa:	ff855703          	lhu	a4,-8(a0)
    4efe:	a29a                	sh	a4,0(a3)
    4f00:	ff855703          	lhu	a4,-8(a0)
    4f04:	97ba                	add	a5,a5,a4
    4f06:	a3ae                	sh	a1,2(a5)
    4f08:	8082                	ret

00004f0a <mem_realloc>:
mem_realloc():
    4f0a:	058d                	addi	a1,a1,3
    4f0c:	05c2                	slli	a1,a1,0x10
    4f0e:	81c1                	srli	a1,a1,0x10
    4f10:	99f1                	andi	a1,a1,-4
    4f12:	05c2                	slli	a1,a1,0x10
    4f14:	81c1                	srli	a1,a1,0x10
    4f16:	4731                	li	a4,12
    4f18:	87ae                	mv	a5,a1
    4f1a:	00e5f363          	bgeu	a1,a4,4f20 <mem_realloc+0x16>
    4f1e:	47b1                	li	a5,12
    4f20:	20007737          	lui	a4,0x20007
    4f24:	44872603          	lw	a2,1096(a4) # 20007448 <WCHCfg+0x8>
    4f28:	07c2                	slli	a5,a5,0x10
    4f2a:	83c1                	srli	a5,a5,0x10
    4f2c:	060d                	addi	a2,a2,3
    4f2e:	9a71                	andi	a2,a2,-4
    4f30:	0af66063          	bltu	a2,a5,4fd0 <mem_realloc+0xc6>
    4f34:	8f41a703          	lw	a4,-1804(gp) # 20000114 <ram>
    4f38:	08e56d63          	bltu	a0,a4,4fd2 <mem_realloc+0xc8>
    4f3c:	8f81a683          	lw	a3,-1800(gp) # 20000118 <ram_end>
    4f40:	08d57963          	bgeu	a0,a3,4fd2 <mem_realloc+0xc8>
    4f44:	ff850693          	addi	a3,a0,-8
    4f48:	ff855883          	lhu	a7,-8(a0)
    4f4c:	8e99                	sub	a3,a3,a4
    4f4e:	06c2                	slli	a3,a3,0x10
    4f50:	82c1                	srli	a3,a3,0x10
    4f52:	ff888593          	addi	a1,a7,-8
    4f56:	8d95                	sub	a1,a1,a3
    4f58:	05c2                	slli	a1,a1,0x10
    4f5a:	81c1                	srli	a1,a1,0x10
    4f5c:	06f5ea63          	bltu	a1,a5,4fd0 <mem_realloc+0xc6>
    4f60:	06f58963          	beq	a1,a5,4fd2 <mem_realloc+0xc8>
    4f64:	01170333          	add	t1,a4,a7
    4f68:	00434803          	lbu	a6,4(t1) # 80000004 <_eusrstack+0x5fff8004>
    4f6c:	02081463          	bnez	a6,4f94 <mem_realloc+0x8a>
    4f70:	00868593          	addi	a1,a3,8
    4f74:	8f018813          	addi	a6,gp,-1808 # 20000110 <lfree>
    4f78:	97ae                	add	a5,a5,a1
    4f7a:	00082e03          	lw	t3,0(a6)
    4f7e:	07c2                	slli	a5,a5,0x10
    4f80:	83c1                	srli	a5,a5,0x10
    4f82:	00035883          	lhu	a7,0(t1)
    4f86:	00f705b3          	add	a1,a4,a5
    4f8a:	026e1663          	bne	t3,t1,4fb6 <mem_realloc+0xac>
    4f8e:	00b82023          	sw	a1,0(a6)
    4f92:	a015                	j	4fb6 <mem_realloc+0xac>
    4f94:	01478813          	addi	a6,a5,20
    4f98:	0305ed63          	bltu	a1,a6,4fd2 <mem_realloc+0xc8>
    4f9c:	00868593          	addi	a1,a3,8
    4fa0:	97ae                	add	a5,a5,a1
    4fa2:	8f018813          	addi	a6,gp,-1808 # 20000110 <lfree>
    4fa6:	07c2                	slli	a5,a5,0x10
    4fa8:	00082303          	lw	t1,0(a6)
    4fac:	83c1                	srli	a5,a5,0x10
    4fae:	00f705b3          	add	a1,a4,a5
    4fb2:	fc65eee3          	bltu	a1,t1,4f8e <mem_realloc+0x84>
    4fb6:	01159023          	sh	a7,0(a1)
    4fba:	a1b6                	sh	a3,2(a1)
    4fbc:	00058223          	sb	zero,4(a1)
    4fc0:	fef51c23          	sh	a5,-8(a0)
    4fc4:	2196                	lhu	a3,0(a1)
    4fc6:	00d60663          	beq	a2,a3,4fd2 <mem_realloc+0xc8>
    4fca:	9736                	add	a4,a4,a3
    4fcc:	a33e                	sh	a5,2(a4)
    4fce:	8082                	ret
    4fd0:	4501                	li	a0,0
    4fd2:	8082                	ret

00004fd4 <mem_malloc>:
mem_malloc():
    4fd4:	c539                	beqz	a0,5022 <mem_malloc+0x4e>
    4fd6:	00350713          	addi	a4,a0,3
    4fda:	0742                	slli	a4,a4,0x10
    4fdc:	8341                	srli	a4,a4,0x10
    4fde:	9b71                	andi	a4,a4,-4
    4fe0:	0742                	slli	a4,a4,0x10
    4fe2:	8341                	srli	a4,a4,0x10
    4fe4:	46b1                	li	a3,12
    4fe6:	87ba                	mv	a5,a4
    4fe8:	00d77363          	bgeu	a4,a3,4fee <mem_malloc+0x1a>
    4fec:	47b1                	li	a5,12
    4fee:	20007737          	lui	a4,0x20007
    4ff2:	44872603          	lw	a2,1096(a4) # 20007448 <WCHCfg+0x8>
    4ff6:	07c2                	slli	a5,a5,0x10
    4ff8:	83c1                	srli	a5,a5,0x10
    4ffa:	060d                	addi	a2,a2,3
    4ffc:	9a71                	andi	a2,a2,-4
    4ffe:	4501                	li	a0,0
    5000:	02f66263          	bltu	a2,a5,5024 <mem_malloc+0x50>
    5004:	8f01a703          	lw	a4,-1808(gp) # 20000110 <lfree>
    5008:	8f41ae83          	lw	t4,-1804(gp) # 20000114 <ram>
    500c:	8f018593          	addi	a1,gp,-1808 # 20000110 <lfree>
    5010:	40f60333          	sub	t1,a2,a5
    5014:	41d706b3          	sub	a3,a4,t4
    5018:	06c2                	slli	a3,a3,0x10
    501a:	82c1                	srli	a3,a3,0x10
    501c:	5e61                	li	t3,-8
    501e:	0066e463          	bltu	a3,t1,5026 <mem_malloc+0x52>
    5022:	4501                	li	a0,0
    5024:	8082                	ret
    5026:	00de8533          	add	a0,t4,a3
    502a:	00454803          	lbu	a6,4(a0)
    502e:	00055883          	lhu	a7,0(a0)
    5032:	06081763          	bnez	a6,50a0 <mem_malloc+0xcc>
    5036:	40de0833          	sub	a6,t3,a3
    503a:	9846                	add	a6,a6,a7
    503c:	06f86263          	bltu	a6,a5,50a0 <mem_malloc+0xcc>
    5040:	01478313          	addi	t1,a5,20
    5044:	04686263          	bltu	a6,t1,5088 <mem_malloc+0xb4>
    5048:	07a1                	addi	a5,a5,8
    504a:	97b6                	add	a5,a5,a3
    504c:	07c2                	slli	a5,a5,0x10
    504e:	83c1                	srli	a5,a5,0x10
    5050:	00fe8833          	add	a6,t4,a5
    5054:	01181023          	sh	a7,0(a6)
    5058:	00d81123          	sh	a3,2(a6)
    505c:	00080223          	sb	zero,4(a6)
    5060:	4685                	li	a3,1
    5062:	a11e                	sh	a5,0(a0)
    5064:	a154                	sb	a3,4(a0)
    5066:	00085683          	lhu	a3,0(a6)
    506a:	00d60463          	beq	a2,a3,5072 <mem_malloc+0x9e>
    506e:	96f6                	add	a3,a3,t4
    5070:	a2be                	sh	a5,2(a3)
    5072:	00a71963          	bne	a4,a0,5084 <mem_malloc+0xb0>
    5076:	8f81a683          	lw	a3,-1800(gp) # 20000118 <ram_end>
    507a:	4781                	li	a5,0
    507c:	2350                	lbu	a2,4(a4)
    507e:	ee01                	bnez	a2,5096 <mem_malloc+0xc2>
    5080:	c391                	beqz	a5,5084 <mem_malloc+0xb0>
    5082:	c198                	sw	a4,0(a1)
    5084:	0521                	addi	a0,a0,8
    5086:	8082                	ret
    5088:	4785                	li	a5,1
    508a:	a15c                	sb	a5,4(a0)
    508c:	b7dd                	j	5072 <mem_malloc+0x9e>
    508e:	231a                	lhu	a4,0(a4)
    5090:	4785                	li	a5,1
    5092:	9776                	add	a4,a4,t4
    5094:	b7e5                	j	507c <mem_malloc+0xa8>
    5096:	fee69ce3          	bne	a3,a4,508e <mem_malloc+0xba>
    509a:	d7ed                	beqz	a5,5084 <mem_malloc+0xb0>
    509c:	c194                	sw	a3,0(a1)
    509e:	b7dd                	j	5084 <mem_malloc+0xb0>
    50a0:	86c6                	mv	a3,a7
    50a2:	bfb5                	j	501e <mem_malloc+0x4a>

000050a4 <memp_init>:
memp_init():
    50a4:	8281a583          	lw	a1,-2008(gp) # 20000048 <memp_num>
    50a8:	82c1a683          	lw	a3,-2004(gp) # 2000004c <memp_sizes>
    50ac:	200067b7          	lui	a5,0x20006
    50b0:	a1f78793          	addi	a5,a5,-1505 # 20005a1f <Memp_Memory+0x3>
    50b4:	20007737          	lui	a4,0x20007
    50b8:	9bf1                	andi	a5,a5,-4
    50ba:	4a470713          	addi	a4,a4,1188 # 200074a4 <memp_tab>
    50be:	01068513          	addi	a0,a3,16
    50c2:	0005d803          	lhu	a6,0(a1)
    50c6:	00072023          	sw	zero,0(a4)
    50ca:	4601                	li	a2,0
    50cc:	00c81863          	bne	a6,a2,50dc <memp_init+0x38>
    50d0:	0689                	addi	a3,a3,2
    50d2:	0711                	addi	a4,a4,4
    50d4:	0589                	addi	a1,a1,2
    50d6:	fea696e3          	bne	a3,a0,50c2 <memp_init+0x1e>
    50da:	8082                	ret
    50dc:	00072883          	lw	a7,0(a4)
    50e0:	0605                	addi	a2,a2,1
    50e2:	0642                	slli	a2,a2,0x10
    50e4:	0117a023          	sw	a7,0(a5)
    50e8:	0006d883          	lhu	a7,0(a3)
    50ec:	c31c                	sw	a5,0(a4)
    50ee:	8241                	srli	a2,a2,0x10
    50f0:	97c6                	add	a5,a5,a7
    50f2:	bfe9                	j	50cc <memp_init+0x28>

000050f4 <memp_malloc>:
memp_malloc():
    50f4:	479d                	li	a5,7
    50f6:	00a7ed63          	bltu	a5,a0,5110 <memp_malloc+0x1c>
    50fa:	200077b7          	lui	a5,0x20007
    50fe:	050a                	slli	a0,a0,0x2
    5100:	4a478793          	addi	a5,a5,1188 # 200074a4 <memp_tab>
    5104:	97aa                	add	a5,a5,a0
    5106:	4388                	lw	a0,0(a5)
    5108:	c509                	beqz	a0,5112 <memp_malloc+0x1e>
    510a:	4118                	lw	a4,0(a0)
    510c:	c398                	sw	a4,0(a5)
    510e:	8082                	ret
    5110:	4501                	li	a0,0
    5112:	8082                	ret

00005114 <memp_free>:
memp_free():
    5114:	c999                	beqz	a1,512a <memp_free+0x16>
    5116:	00251793          	slli	a5,a0,0x2
    511a:	20007537          	lui	a0,0x20007
    511e:	4a450513          	addi	a0,a0,1188 # 200074a4 <memp_tab>
    5122:	953e                	add	a0,a0,a5
    5124:	411c                	lw	a5,0(a0)
    5126:	c19c                	sw	a5,0(a1)
    5128:	c10c                	sw	a1,0(a0)
    512a:	8082                	ret

0000512c <netif_set_ipaddr>:
netif_set_ipaddr():
    512c:	8aafb2ef          	jal	t0,1d6 <__riscv_save_4>
    5130:	3198                	lbu	a4,1(a1)
    5132:	219c                	lbu	a5,0(a1)
    5134:	84aa                	mv	s1,a0
    5136:	0722                	slli	a4,a4,0x8
    5138:	8f5d                	or	a4,a4,a5
    513a:	21bc                	lbu	a5,2(a1)
    513c:	842e                	mv	s0,a1
    513e:	07c2                	slli	a5,a5,0x10
    5140:	8f5d                	or	a4,a4,a5
    5142:	31bc                	lbu	a5,3(a1)
    5144:	07e2                	slli	a5,a5,0x18
    5146:	8fd9                	or	a5,a5,a4
    5148:	4158                	lw	a4,4(a0)
    514a:	00e79f63          	bne	a5,a4,5168 <netif_set_ipaddr+0x3c>
    514e:	3018                	lbu	a4,1(s0)
    5150:	201c                	lbu	a5,0(s0)
    5152:	0722                	slli	a4,a4,0x8
    5154:	8f5d                	or	a4,a4,a5
    5156:	203c                	lbu	a5,2(s0)
    5158:	07c2                	slli	a5,a5,0x10
    515a:	8f5d                	or	a4,a4,a5
    515c:	303c                	lbu	a5,3(s0)
    515e:	07e2                	slli	a5,a5,0x18
    5160:	8fd9                	or	a5,a5,a4
    5162:	c0dc                	sw	a5,4(s1)
    5164:	8a6fb06f          	j	20a <__riscv_restore_4>
    5168:	90c1a503          	lw	a0,-1780(gp) # 2000012c <tcp_active_pcbs>
    516c:	4901                	li	s2,0
    516e:	06400993          	li	s3,100
    5172:	c105                	beqz	a0,5192 <netif_set_ipaddr+0x66>
    5174:	4118                	lw	a4,0(a0)
    5176:	40dc                	lw	a5,4(s1)
    5178:	00c52a03          	lw	s4,12(a0)
    517c:	04f71163          	bne	a4,a5,51be <netif_set_ipaddr+0x92>
    5180:	4585                	li	a1,1
    5182:	57d000ef          	jal	ra,5efe <tcp_abandon>
    5186:	00190793          	addi	a5,s2,1
    518a:	0ff7f793          	andi	a5,a5,255
    518e:	0329f763          	bgeu	s3,s2,51bc <netif_set_ipaddr+0x90>
    5192:	9141a783          	lw	a5,-1772(gp) # 20000134 <tcp_listen_pcbs>
    5196:	dfc5                	beqz	a5,514e <netif_set_ipaddr+0x22>
    5198:	4398                	lw	a4,0(a5)
    519a:	cf19                	beqz	a4,51b8 <netif_set_ipaddr+0x8c>
    519c:	40d4                	lw	a3,4(s1)
    519e:	00d71d63          	bne	a4,a3,51b8 <netif_set_ipaddr+0x8c>
    51a2:	3014                	lbu	a3,1(s0)
    51a4:	2018                	lbu	a4,0(s0)
    51a6:	06a2                	slli	a3,a3,0x8
    51a8:	8ed9                	or	a3,a3,a4
    51aa:	2038                	lbu	a4,2(s0)
    51ac:	0742                	slli	a4,a4,0x10
    51ae:	8ed9                	or	a3,a3,a4
    51b0:	3038                	lbu	a4,3(s0)
    51b2:	0762                	slli	a4,a4,0x18
    51b4:	8f55                	or	a4,a4,a3
    51b6:	c398                	sw	a4,0(a5)
    51b8:	47dc                	lw	a5,12(a5)
    51ba:	bff1                	j	5196 <netif_set_ipaddr+0x6a>
    51bc:	893e                	mv	s2,a5
    51be:	8552                	mv	a0,s4
    51c0:	bf4d                	j	5172 <netif_set_ipaddr+0x46>

000051c2 <netif_set_addr>:
netif_set_addr():
    51c2:	82efb2ef          	jal	t0,1f0 <__riscv_save_0>
    51c6:	1141                	addi	sp,sp,-16
    51c8:	c632                	sw	a2,12(sp)
    51ca:	c436                	sw	a3,8(sp)
    51cc:	842a                	mv	s0,a0
    51ce:	f5fff0ef          	jal	ra,512c <netif_set_ipaddr>
    51d2:	4632                	lw	a2,12(sp)
    51d4:	46a2                	lw	a3,8(sp)
    51d6:	4781                	li	a5,0
    51d8:	ca19                	beqz	a2,51ee <netif_set_addr+0x2c>
    51da:	3218                	lbu	a4,1(a2)
    51dc:	221c                	lbu	a5,0(a2)
    51de:	0722                	slli	a4,a4,0x8
    51e0:	8f5d                	or	a4,a4,a5
    51e2:	223c                	lbu	a5,2(a2)
    51e4:	07c2                	slli	a5,a5,0x10
    51e6:	8f5d                	or	a4,a4,a5
    51e8:	323c                	lbu	a5,3(a2)
    51ea:	07e2                	slli	a5,a5,0x18
    51ec:	8fd9                	or	a5,a5,a4
    51ee:	c41c                	sw	a5,8(s0)
    51f0:	4781                	li	a5,0
    51f2:	ca99                	beqz	a3,5208 <netif_set_addr+0x46>
    51f4:	3298                	lbu	a4,1(a3)
    51f6:	229c                	lbu	a5,0(a3)
    51f8:	0722                	slli	a4,a4,0x8
    51fa:	8f5d                	or	a4,a4,a5
    51fc:	22bc                	lbu	a5,2(a3)
    51fe:	07c2                	slli	a5,a5,0x10
    5200:	8f5d                	or	a4,a4,a5
    5202:	32bc                	lbu	a5,3(a3)
    5204:	07e2                	slli	a5,a5,0x18
    5206:	8fd9                	or	a5,a5,a4
    5208:	c45c                	sw	a5,12(s0)
    520a:	0141                	addi	sp,sp,16
    520c:	808fb06f          	j	214 <__riscv_restore_0>

00005210 <netif_add>:
netif_add():
    5210:	fe1fa2ef          	jal	t0,1f0 <__riscv_save_0>
    5214:	cd58                	sw	a4,28(a0)
    5216:	90418713          	addi	a4,gp,-1788 # 20000124 <netifnum.2482>
    521a:	00074883          	lbu	a7,0(a4)
    521e:	1141                	addi	sp,sp,-16
    5220:	00052223          	sw	zero,4(a0)
    5224:	00052423          	sw	zero,8(a0)
    5228:	00052623          	sw	zero,12(a0)
    522c:	02050923          	sb	zero,50(a0)
    5230:	02052023          	sw	zero,32(a0)
    5234:	00188313          	addi	t1,a7,1
    5238:	03150aa3          	sb	a7,53(a0)
    523c:	01052823          	sw	a6,16(a0)
    5240:	842a                	mv	s0,a0
    5242:	c63e                	sw	a5,12(sp)
    5244:	00670023          	sb	t1,0(a4)
    5248:	f7bff0ef          	jal	ra,51c2 <netif_set_addr>
    524c:	47b2                	lw	a5,12(sp)
    524e:	8522                	mv	a0,s0
    5250:	9782                	jalr	a5
    5252:	e911                	bnez	a0,5266 <netif_add+0x56>
    5254:	90018793          	addi	a5,gp,-1792 # 20000120 <netif_list>
    5258:	4398                	lw	a4,0(a5)
    525a:	c018                	sw	a4,0(s0)
    525c:	c380                	sw	s0,0(a5)
    525e:	8522                	mv	a0,s0
    5260:	0141                	addi	sp,sp,16
    5262:	fb3fa06f          	j	214 <__riscv_restore_0>
    5266:	4401                	li	s0,0
    5268:	bfdd                	j	525e <netif_add+0x4e>

0000526a <netif_set_default>:
netif_set_default():
    526a:	8ea1ae23          	sw	a0,-1796(gp) # 2000011c <netif_default>
    526e:	8082                	ret

00005270 <netif_is_up>:
netif_is_up():
    5270:	03254503          	lbu	a0,50(a0)
    5274:	8905                	andi	a0,a0,1
    5276:	8082                	ret

00005278 <pbuf_header>:
pbuf_header():
    5278:	87aa                	mv	a5,a0
    527a:	4501                	li	a0,0
    527c:	c5a5                	beqz	a1,52e4 <pbuf_header+0x6c>
    527e:	c3bd                	beqz	a5,52e4 <pbuf_header+0x6c>
    5280:	01059613          	slli	a2,a1,0x10
    5284:	8241                	srli	a2,a2,0x10
    5286:	8832                	mv	a6,a2
    5288:	0005db63          	bgez	a1,529e <pbuf_header+0x26>
    528c:	40c00833          	neg	a6,a2
    5290:	27ba                	lhu	a4,10(a5)
    5292:	0842                	slli	a6,a6,0x10
    5294:	01085813          	srli	a6,a6,0x10
    5298:	4505                	li	a0,1
    529a:	05076563          	bltu	a4,a6,52e4 <pbuf_header+0x6c>
    529e:	27d4                	lbu	a3,12(a5)
    52a0:	43d8                	lw	a4,4(a5)
    52a2:	c681                	beqz	a3,52aa <pbuf_header+0x32>
    52a4:	450d                	li	a0,3
    52a6:	02a69163          	bne	a3,a0,52c8 <pbuf_header+0x50>
    52aa:	8f0d                	sub	a4,a4,a1
    52ac:	01078693          	addi	a3,a5,16
    52b0:	4505                	li	a0,1
    52b2:	02d76963          	bltu	a4,a3,52e4 <pbuf_header+0x6c>
    52b6:	c3d8                	sw	a4,4(a5)
    52b8:	27ba                	lhu	a4,10(a5)
    52ba:	4501                	li	a0,0
    52bc:	9732                	add	a4,a4,a2
    52be:	a7ba                	sh	a4,10(a5)
    52c0:	279a                	lhu	a4,8(a5)
    52c2:	963a                	add	a2,a2,a4
    52c4:	a792                	sh	a2,8(a5)
    52c6:	8082                	ret
    52c8:	16fd                	addi	a3,a3,-1
    52ca:	06c2                	slli	a3,a3,0x10
    52cc:	82c1                	srli	a3,a3,0x10
    52ce:	4885                	li	a7,1
    52d0:	4505                	li	a0,1
    52d2:	00d8e963          	bltu	a7,a3,52e4 <pbuf_header+0x6c>
    52d6:	0005d763          	bgez	a1,52e4 <pbuf_header+0x6c>
    52da:	27b6                	lhu	a3,10(a5)
    52dc:	0106e463          	bltu	a3,a6,52e4 <pbuf_header+0x6c>
    52e0:	8f0d                	sub	a4,a4,a1
    52e2:	bfd1                	j	52b6 <pbuf_header+0x3e>
    52e4:	8082                	ret

000052e6 <pbuf_free>:
pbuf_free():
    52e6:	ef1fa2ef          	jal	t0,1d6 <__riscv_save_4>
    52ea:	4401                	li	s0,0
    52ec:	cd0d                	beqz	a0,5326 <pbuf_free+0x40>
    52ee:	85aa                	mv	a1,a0
    52f0:	4401                	li	s0,0
    52f2:	490d                	li	s2,3
    52f4:	4985                	li	s3,1
    52f6:	25fe                	lhu	a5,14(a1)
    52f8:	17fd                	addi	a5,a5,-1
    52fa:	07c2                	slli	a5,a5,0x10
    52fc:	83c1                	srli	a5,a5,0x10
    52fe:	a5fe                	sh	a5,14(a1)
    5300:	e39d                	bnez	a5,5326 <pbuf_free+0x40>
    5302:	25dc                	lbu	a5,12(a1)
    5304:	4184                	lw	s1,0(a1)
    5306:	451d                	li	a0,7
    5308:	01278863          	beq	a5,s2,5318 <pbuf_free+0x32>
    530c:	17fd                	addi	a5,a5,-1
    530e:	07c2                	slli	a5,a5,0x10
    5310:	83c1                	srli	a5,a5,0x10
    5312:	00f9ed63          	bltu	s3,a5,532c <pbuf_free+0x46>
    5316:	4519                	li	a0,6
    5318:	dfdff0ef          	jal	ra,5114 <memp_free>
    531c:	0405                	addi	s0,s0,1
    531e:	0ff47413          	andi	s0,s0,255
    5322:	85a6                	mv	a1,s1
    5324:	f8e9                	bnez	s1,52f6 <pbuf_free+0x10>
    5326:	8522                	mv	a0,s0
    5328:	ee3fa06f          	j	20a <__riscv_restore_4>
    532c:	852e                	mv	a0,a1
    532e:	b59ff0ef          	jal	ra,4e86 <mem_free>
    5332:	b7ed                	j	531c <pbuf_free+0x36>

00005334 <pbuf_alloc>:
pbuf_alloc():
    5334:	ea3fa2ef          	jal	t0,1d6 <__riscv_save_4>
    5338:	4785                	li	a5,1
    533a:	00f50d63          	beq	a0,a5,5354 <pbuf_alloc+0x20>
    533e:	c531                	beqz	a0,538a <pbuf_alloc+0x56>
    5340:	4789                	li	a5,2
    5342:	04f50663          	beq	a0,a5,538e <pbuf_alloc+0x5a>
    5346:	478d                	li	a5,3
    5348:	04f50563          	beq	a0,a5,5392 <pbuf_alloc+0x5e>
    534c:	4401                	li	s0,0
    534e:	8522                	mv	a0,s0
    5350:	ebbfa06f          	j	20a <__riscv_restore_4>
    5354:	4481                	li	s1,0
    5356:	04d1                	addi	s1,s1,20
    5358:	04b9                	addi	s1,s1,14
    535a:	04c2                	slli	s1,s1,0x10
    535c:	80c1                	srli	s1,s1,0x10
    535e:	4789                	li	a5,2
    5360:	89b2                	mv	s3,a2
    5362:	892e                	mv	s2,a1
    5364:	02c7e963          	bltu	a5,a2,5396 <pbuf_alloc+0x62>
    5368:	ca79                	beqz	a2,543e <pbuf_alloc+0x10a>
    536a:	4519                	li	a0,6
    536c:	d89ff0ef          	jal	ra,50f4 <memp_malloc>
    5370:	842a                	mv	s0,a0
    5372:	dd69                	beqz	a0,534c <pbuf_alloc+0x18>
    5374:	00052223          	sw	zero,4(a0)
    5378:	01251423          	sh	s2,8(a0)
    537c:	01251523          	sh	s2,10(a0)
    5380:	00052023          	sw	zero,0(a0)
    5384:	01350623          	sb	s3,12(a0)
    5388:	a0b5                	j	53f4 <pbuf_alloc+0xc0>
    538a:	44d1                	li	s1,20
    538c:	b7e9                	j	5356 <pbuf_alloc+0x22>
    538e:	4481                	li	s1,0
    5390:	b7e1                	j	5358 <pbuf_alloc+0x24>
    5392:	4481                	li	s1,0
    5394:	b7e9                	j	535e <pbuf_alloc+0x2a>
    5396:	478d                	li	a5,3
    5398:	4401                	li	s0,0
    539a:	faf61ae3          	bne	a2,a5,534e <pbuf_alloc+0x1a>
    539e:	451d                	li	a0,7
    53a0:	d55ff0ef          	jal	ra,50f4 <memp_malloc>
    53a4:	842a                	mv	s0,a0
    53a6:	d15d                	beqz	a0,534c <pbuf_alloc+0x18>
    53a8:	009507b3          	add	a5,a0,s1
    53ac:	07cd                	addi	a5,a5,19
    53ae:	9bf1                	andi	a5,a5,-4
    53b0:	20007737          	lui	a4,0x20007
    53b4:	c15c                	sw	a5,4(a0)
    53b6:	44070793          	addi	a5,a4,1088 # 20007440 <WCHCfg>
    53ba:	43dc                	lw	a5,4(a5)
    53bc:	048d                	addi	s1,s1,3
    53be:	98f1                	andi	s1,s1,-4
    53c0:	03978793          	addi	a5,a5,57
    53c4:	9bf1                	andi	a5,a5,-4
    53c6:	01350623          	sb	s3,12(a0)
    53ca:	00052023          	sw	zero,0(a0)
    53ce:	01251423          	sh	s2,8(a0)
    53d2:	409784b3          	sub	s1,a5,s1
    53d6:	44070993          	addi	s3,a4,1088
    53da:	00997363          	bgeu	s2,s1,53e0 <pbuf_alloc+0xac>
    53de:	84ca                	mv	s1,s2
    53e0:	4785                	li	a5,1
    53e2:	a426                	sh	s1,10(s0)
    53e4:	a47e                	sh	a5,14(s0)
    53e6:	409904b3          	sub	s1,s2,s1
    53ea:	4a0d                	li	s4,3
    53ec:	8922                	mv	s2,s0
    53ee:	4a85                	li	s5,1
    53f0:	00904763          	bgtz	s1,53fe <pbuf_alloc+0xca>
    53f4:	4785                	li	a5,1
    53f6:	a47e                	sh	a5,14(s0)
    53f8:	000406a3          	sb	zero,13(s0)
    53fc:	bf89                	j	534e <pbuf_alloc+0x1a>
    53fe:	451d                	li	a0,7
    5400:	cf5ff0ef          	jal	ra,50f4 <memp_malloc>
    5404:	e509                	bnez	a0,540e <pbuf_alloc+0xda>
    5406:	8522                	mv	a0,s0
    5408:	edfff0ef          	jal	ra,52e6 <pbuf_free>
    540c:	b781                	j	534c <pbuf_alloc+0x18>
    540e:	0049a783          	lw	a5,4(s3)
    5412:	01451623          	sh	s4,12(a0)
    5416:	00052023          	sw	zero,0(a0)
    541a:	00a92023          	sw	a0,0(s2)
    541e:	03978793          	addi	a5,a5,57
    5422:	a506                	sh	s1,8(a0)
    5424:	9bf1                	andi	a5,a5,-4
    5426:	00f4f363          	bgeu	s1,a5,542c <pbuf_alloc+0xf8>
    542a:	87a6                	mv	a5,s1
    542c:	01050713          	addi	a4,a0,16
    5430:	a53e                	sh	a5,10(a0)
    5432:	c158                	sw	a4,4(a0)
    5434:	01551723          	sh	s5,14(a0)
    5438:	8c9d                	sub	s1,s1,a5
    543a:	892a                	mv	s2,a0
    543c:	bf55                	j	53f0 <pbuf_alloc+0xbc>
    543e:	00358793          	addi	a5,a1,3
    5442:	01348513          	addi	a0,s1,19
    5446:	9bf1                	andi	a5,a5,-4
    5448:	9971                	andi	a0,a0,-4
    544a:	953e                	add	a0,a0,a5
    544c:	0542                	slli	a0,a0,0x10
    544e:	8141                	srli	a0,a0,0x10
    5450:	b85ff0ef          	jal	ra,4fd4 <mem_malloc>
    5454:	842a                	mv	s0,a0
    5456:	ee050be3          	beqz	a0,534c <pbuf_alloc+0x18>
    545a:	94aa                	add	s1,s1,a0
    545c:	04cd                	addi	s1,s1,19
    545e:	98f1                	andi	s1,s1,-4
    5460:	c144                	sw	s1,4(a0)
    5462:	01251423          	sh	s2,8(a0)
    5466:	01251523          	sh	s2,10(a0)
    546a:	00052023          	sw	zero,0(a0)
    546e:	00050623          	sb	zero,12(a0)
    5472:	b749                	j	53f4 <pbuf_alloc+0xc0>

00005474 <pbuf_realloc>:
pbuf_realloc():
    5474:	251e                	lhu	a5,8(a0)
    5476:	04f5fa63          	bgeu	a1,a5,54ca <pbuf_realloc+0x56>
    547a:	d77fa2ef          	jal	t0,1f0 <__riscv_save_0>
    547e:	842a                	mv	s0,a0
    5480:	84ae                	mv	s1,a1
    5482:	40f587b3          	sub	a5,a1,a5
    5486:	242e                	lhu	a1,10(s0)
    5488:	0295e963          	bltu	a1,s1,54ba <pbuf_realloc+0x46>
    548c:	245c                	lbu	a5,12(s0)
    548e:	ef81                	bnez	a5,54a6 <pbuf_realloc+0x32>
    5490:	00958b63          	beq	a1,s1,54a6 <pbuf_realloc+0x32>
    5494:	404c                	lw	a1,4(s0)
    5496:	8522                	mv	a0,s0
    5498:	8d81                	sub	a1,a1,s0
    549a:	95a6                	add	a1,a1,s1
    549c:	05c2                	slli	a1,a1,0x10
    549e:	81c1                	srli	a1,a1,0x10
    54a0:	a6bff0ef          	jal	ra,4f0a <mem_realloc>
    54a4:	842a                	mv	s0,a0
    54a6:	4008                	lw	a0,0(s0)
    54a8:	a426                	sh	s1,10(s0)
    54aa:	a406                	sh	s1,8(s0)
    54ac:	c119                	beqz	a0,54b2 <pbuf_realloc+0x3e>
    54ae:	e39ff0ef          	jal	ra,52e6 <pbuf_free>
    54b2:	00042023          	sw	zero,0(s0)
    54b6:	d5ffa06f          	j	214 <__riscv_restore_0>
    54ba:	241a                	lhu	a4,8(s0)
    54bc:	8c8d                	sub	s1,s1,a1
    54be:	04c2                	slli	s1,s1,0x10
    54c0:	973e                	add	a4,a4,a5
    54c2:	a41a                	sh	a4,8(s0)
    54c4:	80c1                	srli	s1,s1,0x10
    54c6:	4000                	lw	s0,0(s0)
    54c8:	bf7d                	j	5486 <pbuf_realloc+0x12>
    54ca:	8082                	ret

000054cc <pbuf_clen>:
pbuf_clen():
    54cc:	4781                	li	a5,0
    54ce:	e119                	bnez	a0,54d4 <pbuf_clen+0x8>
    54d0:	853e                	mv	a0,a5
    54d2:	8082                	ret
    54d4:	0785                	addi	a5,a5,1
    54d6:	0ff7f793          	andi	a5,a5,255
    54da:	4108                	lw	a0,0(a0)
    54dc:	bfcd                	j	54ce <pbuf_clen+0x2>

000054de <pbuf_ref>:
pbuf_ref():
    54de:	c501                	beqz	a0,54e6 <pbuf_ref+0x8>
    54e0:	257e                	lhu	a5,14(a0)
    54e2:	0785                	addi	a5,a5,1
    54e4:	a57e                	sh	a5,14(a0)
    54e6:	8082                	ret

000054e8 <pbuf_cat>:
pbuf_cat():
    54e8:	cd09                	beqz	a0,5502 <pbuf_cat+0x1a>
    54ea:	e199                	bnez	a1,54f0 <pbuf_cat+0x8>
    54ec:	8082                	ret
    54ee:	853a                	mv	a0,a4
    54f0:	259e                	lhu	a5,8(a1)
    54f2:	2516                	lhu	a3,8(a0)
    54f4:	4118                	lw	a4,0(a0)
    54f6:	97b6                	add	a5,a5,a3
    54f8:	07c2                	slli	a5,a5,0x10
    54fa:	83c1                	srli	a5,a5,0x10
    54fc:	a51e                	sh	a5,8(a0)
    54fe:	fb65                	bnez	a4,54ee <pbuf_cat+0x6>
    5500:	c10c                	sw	a1,0(a0)
    5502:	8082                	ret

00005504 <pbuf_chain>:
pbuf_chain():
    5504:	cedfa2ef          	jal	t0,1f0 <__riscv_save_0>
    5508:	842e                	mv	s0,a1
    550a:	fdfff0ef          	jal	ra,54e8 <pbuf_cat>
    550e:	8522                	mv	a0,s0
    5510:	fcfff0ef          	jal	ra,54de <pbuf_ref>
    5514:	d01fa06f          	j	214 <__riscv_restore_0>

00005518 <pbuf_copy>:
pbuf_copy():
    5518:	cd3d                	beqz	a0,5596 <pbuf_copy+0x7e>
    551a:	cbdfa2ef          	jal	t0,1d6 <__riscv_save_4>
    551e:	842a                	mv	s0,a0
    5520:	84ae                	mv	s1,a1
    5522:	5559                	li	a0,-10
    5524:	c5ad                	beqz	a1,558e <pbuf_copy+0x76>
    5526:	241a                	lhu	a4,8(s0)
    5528:	259e                	lhu	a5,8(a1)
    552a:	06f76263          	bltu	a4,a5,558e <pbuf_copy+0x76>
    552e:	4901                	li	s2,0
    5530:	4a01                	li	s4,0
    5532:	00a45983          	lhu	s3,10(s0)
    5536:	24be                	lhu	a5,10(s1)
    5538:	414989b3          	sub	s3,s3,s4
    553c:	412787b3          	sub	a5,a5,s2
    5540:	04f9c963          	blt	s3,a5,5592 <pbuf_copy+0x7a>
    5544:	01079993          	slli	s3,a5,0x10
    5548:	4048                	lw	a0,4(s0)
    554a:	40cc                	lw	a1,4(s1)
    554c:	0109d993          	srli	s3,s3,0x10
    5550:	9552                	add	a0,a0,s4
    5552:	95ca                	add	a1,a1,s2
    5554:	864e                	mv	a2,s3
    5556:	5a9030ef          	jal	ra,92fe <memcpy>
    555a:	9a4e                	add	s4,s4,s3
    555c:	243e                	lhu	a5,10(s0)
    555e:	0a42                	slli	s4,s4,0x10
    5560:	994e                	add	s2,s2,s3
    5562:	0942                	slli	s2,s2,0x10
    5564:	010a5a13          	srli	s4,s4,0x10
    5568:	01095913          	srli	s2,s2,0x10
    556c:	01479463          	bne	a5,s4,5574 <pbuf_copy+0x5c>
    5570:	4000                	lw	s0,0(s0)
    5572:	4a01                	li	s4,0
    5574:	24be                	lhu	a5,10(s1)
    5576:	00f96563          	bltu	s2,a5,5580 <pbuf_copy+0x68>
    557a:	4084                	lw	s1,0(s1)
    557c:	cc99                	beqz	s1,559a <pbuf_copy+0x82>
    557e:	4901                	li	s2,0
    5580:	24ba                	lhu	a4,10(s1)
    5582:	249e                	lhu	a5,8(s1)
    5584:	02f71663          	bne	a4,a5,55b0 <pbuf_copy+0x98>
    5588:	409c                	lw	a5,0(s1)
    558a:	c39d                	beqz	a5,55b0 <pbuf_copy+0x98>
    558c:	555d                	li	a0,-9
    558e:	c7dfa06f          	j	20a <__riscv_restore_4>
    5592:	09c2                	slli	s3,s3,0x10
    5594:	bf55                	j	5548 <pbuf_copy+0x30>
    5596:	5559                	li	a0,-10
    5598:	8082                	ret
    559a:	c809                	beqz	s0,55ac <pbuf_copy+0x94>
    559c:	4901                	li	s2,0
    559e:	243a                	lhu	a4,10(s0)
    55a0:	241e                	lhu	a5,8(s0)
    55a2:	00f71463          	bne	a4,a5,55aa <pbuf_copy+0x92>
    55a6:	401c                	lw	a5,0(s0)
    55a8:	f3f5                	bnez	a5,558c <pbuf_copy+0x74>
    55aa:	f4c1                	bnez	s1,5532 <pbuf_copy+0x1a>
    55ac:	4501                	li	a0,0
    55ae:	b7c5                	j	558e <pbuf_copy+0x76>
    55b0:	f47d                	bnez	s0,559e <pbuf_copy+0x86>
    55b2:	b741                	j	5532 <pbuf_copy+0x1a>

000055b4 <raw_input>:
raw_input():
    55b4:	c23fa2ef          	jal	t0,1d6 <__riscv_save_4>
    55b8:	00452903          	lw	s2,4(a0)
    55bc:	89aa                	mv	s3,a0
    55be:	00994783          	lbu	a5,9(s2)
    55c2:	00894503          	lbu	a0,8(s2)
    55c6:	4a01                	li	s4,0
    55c8:	07a2                	slli	a5,a5,0x8
    55ca:	8d5d                	or	a0,a0,a5
    55cc:	92dfe0ef          	jal	ra,3ef8 <ntohs>
    55d0:	0ff57a93          	andi	s5,a0,255
    55d4:	9081a403          	lw	s0,-1784(gp) # 20000128 <raw_pcbs>
    55d8:	0931                	addi	s2,s2,12
    55da:	90818493          	addi	s1,gp,-1784 # 20000128 <raw_pcbs>
    55de:	e401                	bnez	s0,55e6 <raw_input+0x32>
    55e0:	4501                	li	a0,0
    55e2:	c29fa06f          	j	20a <__riscv_restore_4>
    55e6:	281c                	lbu	a5,16(s0)
    55e8:	4501                	li	a0,0
    55ea:	03579463          	bne	a5,s5,5612 <raw_input+0x5e>
    55ee:	485c                	lw	a5,20(s0)
    55f0:	c38d                	beqz	a5,5612 <raw_input+0x5e>
    55f2:	4c08                	lw	a0,24(s0)
    55f4:	86ca                	mv	a3,s2
    55f6:	864e                	mv	a2,s3
    55f8:	85a2                	mv	a1,s0
    55fa:	9782                	jalr	a5
    55fc:	c919                	beqz	a0,5612 <raw_input+0x5e>
    55fe:	000a0863          	beqz	s4,560e <raw_input+0x5a>
    5602:	445c                	lw	a5,12(s0)
    5604:	00fa2623          	sw	a5,12(s4)
    5608:	409c                	lw	a5,0(s1)
    560a:	c080                	sw	s0,0(s1)
    560c:	c45c                	sw	a5,12(s0)
    560e:	4505                	li	a0,1
    5610:	4981                	li	s3,0
    5612:	445c                	lw	a5,12(s0)
    5614:	8a22                	mv	s4,s0
    5616:	f571                	bnez	a0,55e2 <raw_input+0x2e>
    5618:	843e                	mv	s0,a5
    561a:	b7d1                	j	55de <raw_input+0x2a>

0000561c <raw_bind>:
raw_bind():
    561c:	4781                	li	a5,0
    561e:	c999                	beqz	a1,5634 <raw_bind+0x18>
    5620:	3198                	lbu	a4,1(a1)
    5622:	219c                	lbu	a5,0(a1)
    5624:	0722                	slli	a4,a4,0x8
    5626:	8f5d                	or	a4,a4,a5
    5628:	21bc                	lbu	a5,2(a1)
    562a:	07c2                	slli	a5,a5,0x10
    562c:	8f5d                	or	a4,a4,a5
    562e:	31bc                	lbu	a5,3(a1)
    5630:	07e2                	slli	a5,a5,0x18
    5632:	8fd9                	or	a5,a5,a4
    5634:	c11c                	sw	a5,0(a0)
    5636:	4501                	li	a0,0
    5638:	8082                	ret

0000563a <raw_connect>:
raw_connect():
    563a:	4781                	li	a5,0
    563c:	c999                	beqz	a1,5652 <raw_connect+0x18>
    563e:	3198                	lbu	a4,1(a1)
    5640:	219c                	lbu	a5,0(a1)
    5642:	0722                	slli	a4,a4,0x8
    5644:	8f5d                	or	a4,a4,a5
    5646:	21bc                	lbu	a5,2(a1)
    5648:	07c2                	slli	a5,a5,0x10
    564a:	8f5d                	or	a4,a4,a5
    564c:	31bc                	lbu	a5,3(a1)
    564e:	07e2                	slli	a5,a5,0x18
    5650:	8fd9                	or	a5,a5,a4
    5652:	c15c                	sw	a5,4(a0)
    5654:	4501                	li	a0,0
    5656:	8082                	ret

00005658 <raw_recv>:
raw_recv():
    5658:	c94c                	sw	a1,20(a0)
    565a:	cd10                	sw	a2,24(a0)
    565c:	8082                	ret

0000565e <raw_sendto>:
raw_sendto():
    565e:	b79fa2ef          	jal	t0,1d6 <__riscv_save_4>
    5662:	84ae                	mv	s1,a1
    5664:	892a                	mv	s2,a0
    5666:	45d1                	li	a1,20
    5668:	8526                	mv	a0,s1
    566a:	89b2                	mv	s3,a2
    566c:	c0dff0ef          	jal	ra,5278 <pbuf_header>
    5670:	c915                	beqz	a0,56a4 <raw_sendto+0x46>
    5672:	4601                	li	a2,0
    5674:	4581                	li	a1,0
    5676:	4505                	li	a0,1
    5678:	cbdff0ef          	jal	ra,5334 <pbuf_alloc>
    567c:	842a                	mv	s0,a0
    567e:	e509                	bnez	a0,5688 <raw_sendto+0x2a>
    5680:	597d                	li	s2,-1
    5682:	854a                	mv	a0,s2
    5684:	b87fa06f          	j	20a <__riscv_restore_4>
    5688:	85a6                	mv	a1,s1
    568a:	e7bff0ef          	jal	ra,5504 <pbuf_chain>
    568e:	854e                	mv	a0,s3
    5690:	8a7fe0ef          	jal	ra,3f36 <ip_route>
    5694:	ed19                	bnez	a0,56b2 <raw_sendto+0x54>
    5696:	5971                	li	s2,-4
    5698:	fe9405e3          	beq	s0,s1,5682 <raw_sendto+0x24>
    569c:	8522                	mv	a0,s0
    569e:	c49ff0ef          	jal	ra,52e6 <pbuf_free>
    56a2:	b7c5                	j	5682 <raw_sendto+0x24>
    56a4:	55b1                	li	a1,-20
    56a6:	8526                	mv	a0,s1
    56a8:	bd1ff0ef          	jal	ra,5278 <pbuf_header>
    56ac:	f971                	bnez	a0,5680 <raw_sendto+0x22>
    56ae:	8426                	mv	s0,s1
    56b0:	bff9                	j	568e <raw_sendto+0x30>
    56b2:	85ca                	mv	a1,s2
    56b4:	00090563          	beqz	s2,56be <raw_sendto+0x60>
    56b8:	00092783          	lw	a5,0(s2)
    56bc:	e399                	bnez	a5,56c2 <raw_sendto+0x64>
    56be:	00450593          	addi	a1,a0,4
    56c2:	01094783          	lbu	a5,16(s2)
    56c6:	00a94703          	lbu	a4,10(s2)
    56ca:	00b94683          	lbu	a3,11(s2)
    56ce:	882a                	mv	a6,a0
    56d0:	864e                	mv	a2,s3
    56d2:	8522                	mv	a0,s0
    56d4:	b49fe0ef          	jal	ra,421c <ip_output_if>
    56d8:	892a                	mv	s2,a0
    56da:	bf7d                	j	5698 <raw_sendto+0x3a>

000056dc <raw_send>:
raw_send():
    56dc:	b15fa2ef          	jal	t0,1f0 <__riscv_save_0>
    56e0:	00450613          	addi	a2,a0,4
    56e4:	f7bff0ef          	jal	ra,565e <raw_sendto>
    56e8:	b2dfa06f          	j	214 <__riscv_restore_0>

000056ec <raw_new>:
raw_new():
    56ec:	b05fa2ef          	jal	t0,1f0 <__riscv_save_0>
    56f0:	84aa                	mv	s1,a0
    56f2:	4501                	li	a0,0
    56f4:	a01ff0ef          	jal	ra,50f4 <memp_malloc>
    56f8:	842a                	mv	s0,a0
    56fa:	cd11                	beqz	a0,5716 <raw_new+0x2a>
    56fc:	4671                	li	a2,28
    56fe:	4581                	li	a1,0
    5700:	b21fa0ef          	jal	ra,220 <memset>
    5704:	f8000793          	li	a5,-128
    5708:	b43c                	sb	a5,11(s0)
    570a:	90818793          	addi	a5,gp,-1784 # 20000128 <raw_pcbs>
    570e:	4398                	lw	a4,0(a5)
    5710:	a804                	sb	s1,16(s0)
    5712:	c380                	sw	s0,0(a5)
    5714:	c458                	sw	a4,12(s0)
    5716:	8522                	mv	a0,s0
    5718:	afdfa06f          	j	214 <__riscv_restore_0>

0000571c <tcp_new_port>:
tcp_new_port():
    571c:	90c1a683          	lw	a3,-1780(gp) # 2000012c <tcp_active_pcbs>
    5720:	9241a603          	lw	a2,-1756(gp) # 20000144 <tcp_tw_pcbs>
    5724:	9141a583          	lw	a1,-1772(gp) # 20000134 <tcp_listen_pcbs>
    5728:	8341d503          	lhu	a0,-1996(gp) # 20000054 <port.3029>
    572c:	83418793          	addi	a5,gp,-1996 # 20000054 <port.3029>
    5730:	00150713          	addi	a4,a0,1
    5734:	01071513          	slli	a0,a4,0x10
    5738:	01071813          	slli	a6,a4,0x10
    573c:	8141                	srli	a0,a0,0x10
    573e:	00085363          	bgez	a6,5744 <tcp_new_port+0x28>
    5742:	6505                	lui	a0,0x1
    5744:	8736                	mv	a4,a3
    5746:	e719                	bnez	a4,5754 <tcp_new_port+0x38>
    5748:	8732                	mv	a4,a2
    574a:	eb19                	bnez	a4,5760 <tcp_new_port+0x44>
    574c:	872e                	mv	a4,a1
    574e:	ef19                	bnez	a4,576c <tcp_new_port+0x50>
    5750:	a38a                	sh	a0,0(a5)
    5752:	8082                	ret
    5754:	01c75803          	lhu	a6,28(a4)
    5758:	fca80ce3          	beq	a6,a0,5730 <tcp_new_port+0x14>
    575c:	4758                	lw	a4,12(a4)
    575e:	b7e5                	j	5746 <tcp_new_port+0x2a>
    5760:	01c75803          	lhu	a6,28(a4)
    5764:	fca806e3          	beq	a6,a0,5730 <tcp_new_port+0x14>
    5768:	4758                	lw	a4,12(a4)
    576a:	b7c5                	j	574a <tcp_new_port+0x2e>
    576c:	01c75803          	lhu	a6,28(a4)
    5770:	fca800e3          	beq	a6,a0,5730 <tcp_new_port+0x14>
    5774:	4758                	lw	a4,12(a4)
    5776:	bfe1                	j	574e <tcp_new_port+0x32>

00005778 <tcp_bind>:
tcp_bind():
    5778:	491c                	lw	a5,16(a0)
    577a:	10079663          	bnez	a5,5886 <tcp_bind+0x10e>
    577e:	a59fa2ef          	jal	t0,1d6 <__riscv_save_4>
    5782:	1141                	addi	sp,sp,-16
    5784:	84aa                	mv	s1,a0
    5786:	8432                	mv	s0,a2
    5788:	e611                	bnez	a2,5794 <tcp_bind+0x1c>
    578a:	c62e                	sw	a1,12(sp)
    578c:	f91ff0ef          	jal	ra,571c <tcp_new_port>
    5790:	45b2                	lw	a1,12(sp)
    5792:	842a                	mv	s0,a0
    5794:	9141a703          	lw	a4,-1772(gp) # 20000134 <tcp_listen_pcbs>
    5798:	e731                	bnez	a4,57e4 <tcp_bind+0x6c>
    579a:	90c1a703          	lw	a4,-1780(gp) # 2000012c <tcp_active_pcbs>
    579e:	eb25                	bnez	a4,580e <tcp_bind+0x96>
    57a0:	9101a983          	lw	s3,-1776(gp) # 20000130 <tcp_bound_pcbs>
    57a4:	91018913          	addi	s2,gp,-1776 # 20000130 <tcp_bound_pcbs>
    57a8:	874e                	mv	a4,s3
    57aa:	e759                	bnez	a4,5838 <tcp_bind+0xc0>
    57ac:	9241a783          	lw	a5,-1756(gp) # 20000144 <tcp_tw_pcbs>
    57b0:	ebcd                	bnez	a5,5862 <tcp_bind+0xea>
    57b2:	c185                	beqz	a1,57d2 <tcp_bind+0x5a>
    57b4:	3198                	lbu	a4,1(a1)
    57b6:	219c                	lbu	a5,0(a1)
    57b8:	0722                	slli	a4,a4,0x8
    57ba:	8f5d                	or	a4,a4,a5
    57bc:	21bc                	lbu	a5,2(a1)
    57be:	07c2                	slli	a5,a5,0x10
    57c0:	8f5d                	or	a4,a4,a5
    57c2:	31bc                	lbu	a5,3(a1)
    57c4:	07e2                	slli	a5,a5,0x18
    57c6:	8fd9                	or	a5,a5,a4
    57c8:	c789                	beqz	a5,57d2 <tcp_bind+0x5a>
    57ca:	4611                	li	a2,4
    57cc:	8526                	mv	a0,s1
    57ce:	331030ef          	jal	ra,92fe <memcpy>
    57d2:	acc2                	sh	s0,28(s1)
    57d4:	0134a623          	sw	s3,12(s1)
    57d8:	00992023          	sw	s1,0(s2)
    57dc:	4501                	li	a0,0
    57de:	0141                	addi	sp,sp,16
    57e0:	a2bfa06f          	j	20a <__riscv_restore_4>
    57e4:	2f5e                	lhu	a5,28(a4)
    57e6:	02879263          	bne	a5,s0,580a <tcp_bind+0x92>
    57ea:	4310                	lw	a2,0(a4)
    57ec:	ce59                	beqz	a2,588a <tcp_bind+0x112>
    57ee:	cdd1                	beqz	a1,588a <tcp_bind+0x112>
    57f0:	3194                	lbu	a3,1(a1)
    57f2:	219c                	lbu	a5,0(a1)
    57f4:	06a2                	slli	a3,a3,0x8
    57f6:	8edd                	or	a3,a3,a5
    57f8:	21bc                	lbu	a5,2(a1)
    57fa:	07c2                	slli	a5,a5,0x10
    57fc:	8edd                	or	a3,a3,a5
    57fe:	31bc                	lbu	a5,3(a1)
    5800:	07e2                	slli	a5,a5,0x18
    5802:	8fd5                	or	a5,a5,a3
    5804:	c3d9                	beqz	a5,588a <tcp_bind+0x112>
    5806:	08f60263          	beq	a2,a5,588a <tcp_bind+0x112>
    580a:	4758                	lw	a4,12(a4)
    580c:	b771                	j	5798 <tcp_bind+0x20>
    580e:	2f5e                	lhu	a5,28(a4)
    5810:	02879263          	bne	a5,s0,5834 <tcp_bind+0xbc>
    5814:	4310                	lw	a2,0(a4)
    5816:	ca35                	beqz	a2,588a <tcp_bind+0x112>
    5818:	c9ad                	beqz	a1,588a <tcp_bind+0x112>
    581a:	3194                	lbu	a3,1(a1)
    581c:	219c                	lbu	a5,0(a1)
    581e:	06a2                	slli	a3,a3,0x8
    5820:	8edd                	or	a3,a3,a5
    5822:	21bc                	lbu	a5,2(a1)
    5824:	07c2                	slli	a5,a5,0x10
    5826:	8edd                	or	a3,a3,a5
    5828:	31bc                	lbu	a5,3(a1)
    582a:	07e2                	slli	a5,a5,0x18
    582c:	8fd5                	or	a5,a5,a3
    582e:	cfb1                	beqz	a5,588a <tcp_bind+0x112>
    5830:	04f60d63          	beq	a2,a5,588a <tcp_bind+0x112>
    5834:	4758                	lw	a4,12(a4)
    5836:	b7a5                	j	579e <tcp_bind+0x26>
    5838:	2f5e                	lhu	a5,28(a4)
    583a:	02879263          	bne	a5,s0,585e <tcp_bind+0xe6>
    583e:	4310                	lw	a2,0(a4)
    5840:	c629                	beqz	a2,588a <tcp_bind+0x112>
    5842:	c5a1                	beqz	a1,588a <tcp_bind+0x112>
    5844:	3194                	lbu	a3,1(a1)
    5846:	219c                	lbu	a5,0(a1)
    5848:	06a2                	slli	a3,a3,0x8
    584a:	8edd                	or	a3,a3,a5
    584c:	21bc                	lbu	a5,2(a1)
    584e:	07c2                	slli	a5,a5,0x10
    5850:	8edd                	or	a3,a3,a5
    5852:	31bc                	lbu	a5,3(a1)
    5854:	07e2                	slli	a5,a5,0x18
    5856:	8fd5                	or	a5,a5,a3
    5858:	cb8d                	beqz	a5,588a <tcp_bind+0x112>
    585a:	02f60863          	beq	a2,a5,588a <tcp_bind+0x112>
    585e:	4758                	lw	a4,12(a4)
    5860:	b7a9                	j	57aa <tcp_bind+0x32>
    5862:	2fda                	lhu	a4,28(a5)
    5864:	00871f63          	bne	a4,s0,5882 <tcp_bind+0x10a>
    5868:	3194                	lbu	a3,1(a1)
    586a:	2198                	lbu	a4,0(a1)
    586c:	06a2                	slli	a3,a3,0x8
    586e:	8ed9                	or	a3,a3,a4
    5870:	21b8                	lbu	a4,2(a1)
    5872:	0742                	slli	a4,a4,0x10
    5874:	8ed9                	or	a3,a3,a4
    5876:	31b8                	lbu	a4,3(a1)
    5878:	0762                	slli	a4,a4,0x18
    587a:	8f55                	or	a4,a4,a3
    587c:	4394                	lw	a3,0(a5)
    587e:	00e68663          	beq	a3,a4,588a <tcp_bind+0x112>
    5882:	47dc                	lw	a5,12(a5)
    5884:	b735                	j	57b0 <tcp_bind+0x38>
    5886:	554d                	li	a0,-13
    5888:	8082                	ret
    588a:	5555                	li	a0,-11
    588c:	bf89                	j	57de <tcp_bind+0x66>

0000588e <tcp_update_rcv_ann_wnd>:
tcp_update_rcv_ann_wnd():
    588e:	87aa                	mv	a5,a0
    5890:	02c55803          	lhu	a6,44(a0) # 102c <RCC_GetClocksFreq+0x92>
    5894:	5914                	lw	a3,48(a0)
    5896:	3bd2                	lhu	a2,52(a5)
    5898:	550c                	lw	a1,40(a0)
    589a:	0407d883          	lhu	a7,64(a5)
    589e:	40d80533          	sub	a0,a6,a3
    58a2:	8205                	srli	a2,a2,0x1
    58a4:	952e                	add	a0,a0,a1
    58a6:	8732                	mv	a4,a2
    58a8:	00c8f363          	bgeu	a7,a2,58ae <tcp_update_rcv_ann_wnd+0x20>
    58ac:	8746                	mv	a4,a7
    58ae:	0742                	slli	a4,a4,0x10
    58b0:	8341                	srli	a4,a4,0x10
    58b2:	40e50733          	sub	a4,a0,a4
    58b6:	00074563          	bltz	a4,58c0 <tcp_update_rcv_ann_wnd+0x32>
    58ba:	03079723          	sh	a6,46(a5)
    58be:	8082                	ret
    58c0:	40d58733          	sub	a4,a1,a3
    58c4:	00e05663          	blez	a4,58d0 <tcp_update_rcv_ann_wnd+0x42>
    58c8:	02079723          	sh	zero,46(a5)
    58cc:	4501                	li	a0,0
    58ce:	8082                	ret
    58d0:	8e8d                	sub	a3,a3,a1
    58d2:	b7f6                	sh	a3,46(a5)
    58d4:	bfe5                	j	58cc <tcp_update_rcv_ann_wnd+0x3e>

000058d6 <tcp_recved>:
tcp_recved():
    58d6:	91bfa2ef          	jal	t0,1f0 <__riscv_save_0>
    58da:	355e                	lhu	a5,44(a0)
    58dc:	842a                	mv	s0,a0
    58de:	95be                	add	a1,a1,a5
    58e0:	05c2                	slli	a1,a1,0x10
    58e2:	395e                	lhu	a5,52(a0)
    58e4:	81c1                	srli	a1,a1,0x10
    58e6:	b54e                	sh	a1,44(a0)
    58e8:	00b7f363          	bgeu	a5,a1,58ee <tcp_recved+0x18>
    58ec:	b55e                	sh	a5,44(a0)
    58ee:	8522                	mv	a0,s0
    58f0:	f9fff0ef          	jal	ra,588e <tcp_update_rcv_ann_wnd>
    58f4:	385e                	lhu	a5,52(s0)
    58f6:	8389                	srli	a5,a5,0x2
    58f8:	00f54b63          	blt	a0,a5,590e <tcp_recved+0x38>
    58fc:	02644783          	lbu	a5,38(s0)
    5900:	8522                	mv	a0,s0
    5902:	0027e793          	ori	a5,a5,2
    5906:	02f40323          	sb	a5,38(s0)
    590a:	3e2020ef          	jal	ra,7cec <tcp_output>
    590e:	907fa06f          	j	214 <__riscv_restore_0>

00005912 <tcp_seg_free>:
tcp_seg_free():
    5912:	8dffa2ef          	jal	t0,1f0 <__riscv_save_0>
    5916:	1141                	addi	sp,sp,-16
    5918:	4401                	li	s0,0
    591a:	cd09                	beqz	a0,5934 <tcp_seg_free+0x22>
    591c:	85aa                	mv	a1,a0
    591e:	4148                	lw	a0,4(a0)
    5920:	4401                	li	s0,0
    5922:	c511                	beqz	a0,592e <tcp_seg_free+0x1c>
    5924:	c62e                	sw	a1,12(sp)
    5926:	9c1ff0ef          	jal	ra,52e6 <pbuf_free>
    592a:	45b2                	lw	a1,12(sp)
    592c:	842a                	mv	s0,a0
    592e:	4511                	li	a0,4
    5930:	fe4ff0ef          	jal	ra,5114 <memp_free>
    5934:	8522                	mv	a0,s0
    5936:	0141                	addi	sp,sp,16
    5938:	8ddfa06f          	j	214 <__riscv_restore_0>

0000593c <tcp_segs_free>:
tcp_segs_free():
    593c:	8b5fa2ef          	jal	t0,1f0 <__riscv_save_0>
    5940:	4401                	li	s0,0
    5942:	e501                	bnez	a0,594a <tcp_segs_free+0xe>
    5944:	8522                	mv	a0,s0
    5946:	8cffa06f          	j	214 <__riscv_restore_0>
    594a:	4104                	lw	s1,0(a0)
    594c:	fc7ff0ef          	jal	ra,5912 <tcp_seg_free>
    5950:	942a                	add	s0,s0,a0
    5952:	0ff47413          	andi	s0,s0,255
    5956:	8526                	mv	a0,s1
    5958:	b7ed                	j	5942 <tcp_segs_free+0x6>

0000595a <tcp_seg_copy>:
tcp_seg_copy():
    595a:	897fa2ef          	jal	t0,1f0 <__riscv_save_0>
    595e:	1141                	addi	sp,sp,-16
    5960:	c62a                	sw	a0,12(sp)
    5962:	4511                	li	a0,4
    5964:	f90ff0ef          	jal	ra,50f4 <memp_malloc>
    5968:	842a                	mv	s0,a0
    596a:	c901                	beqz	a0,597a <tcp_seg_copy+0x20>
    596c:	45b2                	lw	a1,12(sp)
    596e:	4651                	li	a2,20
    5970:	18f030ef          	jal	ra,92fe <memcpy>
    5974:	4048                	lw	a0,4(s0)
    5976:	b69ff0ef          	jal	ra,54de <pbuf_ref>
    597a:	8522                	mv	a0,s0
    597c:	0141                	addi	sp,sp,16
    597e:	897fa06f          	j	214 <__riscv_restore_0>

00005982 <tcp_arg>:
tcp_arg():
    5982:	cd0c                	sw	a1,24(a0)
    5984:	8082                	ret

00005986 <tcp_recv>:
tcp_recv():
    5986:	08b52823          	sw	a1,144(a0)
    598a:	8082                	ret

0000598c <tcp_sent>:
tcp_sent():
    598c:	08b52623          	sw	a1,140(a0)
    5990:	8082                	ret

00005992 <tcp_err>:
tcp_err():
    5992:	08b52e23          	sw	a1,156(a0)
    5996:	8082                	ret

00005998 <tcp_poll>:
tcp_poll():
    5998:	08b52c23          	sw	a1,152(a0)
    599c:	02c50ea3          	sb	a2,61(a0)
    59a0:	8082                	ret

000059a2 <tcp_pcb_purge>:
tcp_pcb_purge():
    59a2:	491c                	lw	a5,16(a0)
    59a4:	4705                	li	a4,1
    59a6:	04f77463          	bgeu	a4,a5,59ee <tcp_pcb_purge+0x4c>
    59aa:	4729                	li	a4,10
    59ac:	04e78163          	beq	a5,a4,59ee <tcp_pcb_purge+0x4c>
    59b0:	841fa2ef          	jal	t0,1f0 <__riscv_save_0>
    59b4:	842a                	mv	s0,a0
    59b6:	08852503          	lw	a0,136(a0)
    59ba:	c509                	beqz	a0,59c4 <tcp_pcb_purge+0x22>
    59bc:	92bff0ef          	jal	ra,52e6 <pbuf_free>
    59c0:	08042423          	sw	zero,136(s0)
    59c4:	08442503          	lw	a0,132(s0)
    59c8:	57fd                	li	a5,-1
    59ca:	bc7e                	sh	a5,62(s0)
    59cc:	f71ff0ef          	jal	ra,593c <tcp_segs_free>
    59d0:	5c68                	lw	a0,124(s0)
    59d2:	08042223          	sw	zero,132(s0)
    59d6:	f67ff0ef          	jal	ra,593c <tcp_segs_free>
    59da:	08042503          	lw	a0,128(s0)
    59de:	f5fff0ef          	jal	ra,593c <tcp_segs_free>
    59e2:	06042e23          	sw	zero,124(s0)
    59e6:	08042023          	sw	zero,128(s0)
    59ea:	82bfa06f          	j	214 <__riscv_restore_0>
    59ee:	8082                	ret

000059f0 <tcp_slowtmr>:
tcp_slowtmr():
    59f0:	fd0fa2ef          	jal	t0,1c0 <__riscv_save_12>
    59f4:	200074b7          	lui	s1,0x20007
    59f8:	3fc48793          	addi	a5,s1,1020 # 200073fc <NetInf>
    59fc:	91818713          	addi	a4,gp,-1768 # 20000138 <tcp_ticks>
    5a00:	0187cc03          	lbu	s8,24(a5)
    5a04:	431c                	lw	a5,0(a4)
    5a06:	6aa5                	lui	s5,0x9
    5a08:	0785                	addi	a5,a5,1
    5a0a:	90c1ad03          	lw	s10,-1780(gp) # 2000012c <tcp_active_pcbs>
    5a0e:	c31c                	sw	a5,0(a4)
    5a10:	06600913          	li	s2,102
    5a14:	4a01                	li	s4,0
    5a16:	3fc48493          	addi	s1,s1,1020
    5a1a:	91818413          	addi	s0,gp,-1768 # 20000138 <tcp_ticks>
    5a1e:	90c18993          	addi	s3,gp,-1780 # 2000012c <tcp_active_pcbs>
    5a22:	4c8d                	li	s9,3
    5a24:	5fca8a93          	addi	s5,s5,1532 # 95fc <tcp_backoff>
    5a28:	85018b13          	addi	s6,gp,-1968 # 20000070 <tcp_persist_backoff>
    5a2c:	000d1a63          	bnez	s10,5a40 <tcp_slowtmr+0x50>
    5a30:	9241a403          	lw	s0,-1756(gp) # 20000144 <tcp_tw_pcbs>
    5a34:	92418493          	addi	s1,gp,-1756 # 20000144 <tcp_tw_pcbs>
    5a38:	24041963          	bnez	s0,5c8a <tcp_slowtmr+0x29a>
    5a3c:	fc0fa06f          	j	1fc <__riscv_restore_12>
    5a40:	197d                	addi	s2,s2,-1
    5a42:	0ff97913          	andi	s2,s2,255
    5a46:	fe090be3          	beqz	s2,5a3c <tcp_slowtmr+0x4c>
    5a4a:	052d4603          	lbu	a2,82(s10)
    5a4e:	010d2683          	lw	a3,16(s10)
    5a52:	4d85                	li	s11,1
    5a54:	02cc0263          	beq	s8,a2,5a78 <tcp_slowtmr+0x88>
    5a58:	0b0d4d83          	lbu	s11,176(s10)
    5a5c:	100d8463          	beqz	s11,5b64 <tcp_slowtmr+0x174>
    5a60:	0acd2703          	lw	a4,172(s10)
    5a64:	01bb06b3          	add	a3,s6,s11
    5a68:	fff6c683          	lbu	a3,-1(a3)
    5a6c:	0705                	addi	a4,a4,1
    5a6e:	0aed2623          	sw	a4,172(s10)
    5a72:	0cd77c63          	bgeu	a4,a3,5b4a <tcp_slowtmr+0x15a>
    5a76:	4d81                	li	s11,0
    5a78:	010d2703          	lw	a4,16(s10)
    5a7c:	4699                	li	a3,6
    5a7e:	00d71d63          	bne	a4,a3,5a98 <tcp_slowtmr+0xa8>
    5a82:	038d2603          	lw	a2,56(s10)
    5a86:	4014                	lw	a3,0(s0)
    5a88:	8e91                	sub	a3,a3,a2
    5a8a:	4c90                	lw	a2,24(s1)
    5a8c:	00d67663          	bgeu	a2,a3,5a98 <tcp_slowtmr+0xa8>
    5a90:	001d8793          	addi	a5,s11,1
    5a94:	0ff7fd93          	andi	s11,a5,255
    5a98:	008d5683          	lhu	a3,8(s10)
    5a9c:	4b81                	li	s7,0
    5a9e:	8aa1                	andi	a3,a3,8
    5aa0:	ce95                	beqz	a3,5adc <tcp_slowtmr+0xec>
    5aa2:	4691                	li	a3,4
    5aa4:	00d70563          	beq	a4,a3,5aae <tcp_slowtmr+0xbe>
    5aa8:	469d                	li	a3,7
    5aaa:	02d71963          	bne	a4,a3,5adc <tcp_slowtmr+0xec>
    5aae:	0a4d2883          	lw	a7,164(s10)
    5ab2:	0a8d2683          	lw	a3,168(s10)
    5ab6:	0a0d2503          	lw	a0,160(s10)
    5aba:	4ccc                	lw	a1,28(s1)
    5abc:	02d886b3          	mul	a3,a7,a3
    5ac0:	4010                	lw	a2,0(s0)
    5ac2:	038d2703          	lw	a4,56(s10)
    5ac6:	8e19                	sub	a2,a2,a4
    5ac8:	96aa                	add	a3,a3,a0
    5aca:	02b6d6b3          	divu	a3,a3,a1
    5ace:	10c6fc63          	bgeu	a3,a2,5be6 <tcp_slowtmr+0x1f6>
    5ad2:	001d8793          	addi	a5,s11,1
    5ad6:	0ff7fd93          	andi	s11,a5,255
    5ada:	4b85                	li	s7,1
    5adc:	084d2503          	lw	a0,132(s10)
    5ae0:	c105                	beqz	a0,5b00 <tcp_slowtmr+0x110>
    5ae2:	038d2703          	lw	a4,56(s10)
    5ae6:	4014                	lw	a3,0(s0)
    5ae8:	4619                	li	a2,6
    5aea:	8e99                	sub	a3,a3,a4
    5aec:	050d1703          	lh	a4,80(s10)
    5af0:	02c70733          	mul	a4,a4,a2
    5af4:	00e6e663          	bltu	a3,a4,5b00 <tcp_slowtmr+0x110>
    5af8:	e45ff0ef          	jal	ra,593c <tcp_segs_free>
    5afc:	080d2223          	sw	zero,132(s10)
    5b00:	010d2703          	lw	a4,16(s10)
    5b04:	11971463          	bne	a4,s9,5c0c <tcp_slowtmr+0x21c>
    5b08:	038d2683          	lw	a3,56(s10)
    5b0c:	4018                	lw	a4,0(s0)
    5b0e:	8f15                	sub	a4,a4,a3
    5b10:	4c94                	lw	a3,24(s1)
    5b12:	10e6e863          	bltu	a3,a4,5c22 <tcp_slowtmr+0x232>
    5b16:	100d9663          	bnez	s11,5c22 <tcp_slowtmr+0x232>
    5b1a:	03cd4783          	lbu	a5,60(s10)
    5b1e:	03dd4703          	lbu	a4,61(s10)
    5b22:	0785                	addi	a5,a5,1
    5b24:	0ff7f793          	andi	a5,a5,255
    5b28:	02fd0e23          	sb	a5,60(s10)
    5b2c:	00e7eb63          	bltu	a5,a4,5b42 <tcp_slowtmr+0x152>
    5b30:	098d2783          	lw	a5,152(s10)
    5b34:	020d0e23          	sb	zero,60(s10)
    5b38:	14079263          	bnez	a5,5c7c <tcp_slowtmr+0x28c>
    5b3c:	856a                	mv	a0,s10
    5b3e:	1ae020ef          	jal	ra,7cec <tcp_output>
    5b42:	8a6a                	mv	s4,s10
    5b44:	00cd2d03          	lw	s10,12(s10)
    5b48:	b5d5                	j	5a2c <tcp_slowtmr+0x3c>
    5b4a:	0a0d2623          	sw	zero,172(s10)
    5b4e:	4719                	li	a4,6
    5b50:	01b76663          	bltu	a4,s11,5b5c <tcp_slowtmr+0x16c>
    5b54:	001d8793          	addi	a5,s11,1
    5b58:	0afd0823          	sb	a5,176(s10)
    5b5c:	856a                	mv	a0,s10
    5b5e:	770020ef          	jal	ra,82ce <tcp_zero_window_probe>
    5b62:	bf11                	j	5a76 <tcp_slowtmr+0x86>
    5b64:	03ed1703          	lh	a4,62(s10)
    5b68:	00074563          	bltz	a4,5b72 <tcp_slowtmr+0x182>
    5b6c:	0705                	addi	a4,a4,1
    5b6e:	02ed1f23          	sh	a4,62(s10)
    5b72:	080d2703          	lw	a4,128(s10)
    5b76:	f00700e3          	beqz	a4,5a76 <tcp_slowtmr+0x86>
    5b7a:	03ed1583          	lh	a1,62(s10)
    5b7e:	050d1703          	lh	a4,80(s10)
    5b82:	eeb75ae3          	bge	a4,a1,5a76 <tcp_slowtmr+0x86>
    5b86:	02dcf463          	bgeu	s9,a3,5bae <tcp_slowtmr+0x1be>
    5b8a:	04cd1703          	lh	a4,76(s10)
    5b8e:	04ed1683          	lh	a3,78(s10)
    5b92:	47b1                	li	a5,12
    5b94:	870d                	srai	a4,a4,0x3
    5b96:	9736                	add	a4,a4,a3
    5b98:	0ff67693          	andi	a3,a2,255
    5b9c:	00c7f363          	bgeu	a5,a2,5ba2 <tcp_slowtmr+0x1b2>
    5ba0:	46b1                	li	a3,12
    5ba2:	96d6                	add	a3,a3,s5
    5ba4:	2294                	lbu	a3,0(a3)
    5ba6:	00d71733          	sll	a4,a4,a3
    5baa:	04ed1823          	sh	a4,80(s10)
    5bae:	05ad5683          	lhu	a3,90(s10)
    5bb2:	064d5703          	lhu	a4,100(s10)
    5bb6:	020d1f23          	sh	zero,62(s10)
    5bba:	00e6f363          	bgeu	a3,a4,5bc0 <tcp_slowtmr+0x1d0>
    5bbe:	8736                	mv	a4,a3
    5bc0:	0742                	slli	a4,a4,0x10
    5bc2:	8341                	srli	a4,a4,0x10
    5bc4:	040d5683          	lhu	a3,64(s10)
    5bc8:	8305                	srli	a4,a4,0x1
    5bca:	04ed1e23          	sh	a4,92(s10)
    5bce:	00d77663          	bgeu	a4,a3,5bda <tcp_slowtmr+0x1ea>
    5bd2:	00169713          	slli	a4,a3,0x1
    5bd6:	04ed1e23          	sh	a4,92(s10)
    5bda:	04dd1d23          	sh	a3,90(s10)
    5bde:	856a                	mv	a0,s10
    5be0:	57c020ef          	jal	ra,815c <tcp_rexmit_rto>
    5be4:	bd51                	j	5a78 <tcp_slowtmr+0x88>
    5be6:	0b1d4703          	lbu	a4,177(s10)
    5bea:	4b81                	li	s7,0
    5bec:	03170733          	mul	a4,a4,a7
    5bf0:	972a                	add	a4,a4,a0
    5bf2:	02b75733          	divu	a4,a4,a1
    5bf6:	eec773e3          	bgeu	a4,a2,5adc <tcp_slowtmr+0xec>
    5bfa:	856a                	mv	a0,s10
    5bfc:	674020ef          	jal	ra,8270 <tcp_keepalive>
    5c00:	0b1d4703          	lbu	a4,177(s10)
    5c04:	0705                	addi	a4,a4,1
    5c06:	0aed08a3          	sb	a4,177(s10)
    5c0a:	bdc9                	j	5adc <tcp_slowtmr+0xec>
    5c0c:	46a5                	li	a3,9
    5c0e:	f0d714e3          	bne	a4,a3,5b16 <tcp_slowtmr+0x126>
    5c12:	038d2703          	lw	a4,56(s10)
    5c16:	4014                	lw	a3,0(s0)
    5c18:	8e99                	sub	a3,a3,a4
    5c1a:	4c98                	lw	a4,24(s1)
    5c1c:	0706                	slli	a4,a4,0x1
    5c1e:	eed77ce3          	bgeu	a4,a3,5b16 <tcp_slowtmr+0x126>
    5c22:	856a                	mv	a0,s10
    5c24:	ef0fd0ef          	jal	ra,3314 <LwipRemoveTcpPcb>
    5c28:	856a                	mv	a0,s10
    5c2a:	d79ff0ef          	jal	ra,59a2 <tcp_pcb_purge>
    5c2e:	00cd2783          	lw	a5,12(s10)
    5c32:	040a0263          	beqz	s4,5c76 <tcp_slowtmr+0x286>
    5c36:	00fa2623          	sw	a5,12(s4)
    5c3a:	09cd2783          	lw	a5,156(s10)
    5c3e:	c789                	beqz	a5,5c48 <tcp_slowtmr+0x258>
    5c40:	018d2503          	lw	a0,24(s10)
    5c44:	55ed                	li	a1,-5
    5c46:	9782                	jalr	a5
    5c48:	000b8f63          	beqz	s7,5c66 <tcp_slowtmr+0x276>
    5c4c:	024d5783          	lhu	a5,36(s10)
    5c50:	01cd5703          	lhu	a4,28(s10)
    5c54:	028d2583          	lw	a1,40(s10)
    5c58:	060d2503          	lw	a0,96(s10)
    5c5c:	004d0693          	addi	a3,s10,4
    5c60:	866a                	mv	a2,s10
    5c62:	3f2020ef          	jal	ra,8054 <tcp_rst>
    5c66:	00cd2b83          	lw	s7,12(s10)
    5c6a:	85ea                	mv	a1,s10
    5c6c:	4509                	li	a0,2
    5c6e:	ca6ff0ef          	jal	ra,5114 <memp_free>
    5c72:	8d5e                	mv	s10,s7
    5c74:	bb65                	j	5a2c <tcp_slowtmr+0x3c>
    5c76:	00f9a023          	sw	a5,0(s3)
    5c7a:	b7c1                	j	5c3a <tcp_slowtmr+0x24a>
    5c7c:	018d2503          	lw	a0,24(s10)
    5c80:	85ea                	mv	a1,s10
    5c82:	9782                	jalr	a5
    5c84:	ea050ce3          	beqz	a0,5b3c <tcp_slowtmr+0x14c>
    5c88:	bd6d                	j	5b42 <tcp_slowtmr+0x152>
    5c8a:	8522                	mv	a0,s0
    5c8c:	e88fd0ef          	jal	ra,3314 <LwipRemoveTcpPcb>
    5c90:	8522                	mv	a0,s0
    5c92:	d11ff0ef          	jal	ra,59a2 <tcp_pcb_purge>
    5c96:	00c42903          	lw	s2,12(s0)
    5c9a:	85a2                	mv	a1,s0
    5c9c:	4509                	li	a0,2
    5c9e:	0124a023          	sw	s2,0(s1)
    5ca2:	844a                	mv	s0,s2
    5ca4:	c70ff0ef          	jal	ra,5114 <memp_free>
    5ca8:	bb41                	j	5a38 <tcp_slowtmr+0x48>

00005caa <tcp_pcb_remove>:
tcp_pcb_remove():
    5caa:	d46fa2ef          	jal	t0,1f0 <__riscv_save_0>
    5cae:	411c                	lw	a5,0(a0)
    5cb0:	842e                	mv	s0,a1
    5cb2:	04b79063          	bne	a5,a1,5cf2 <tcp_pcb_remove+0x48>
    5cb6:	45dc                	lw	a5,12(a1)
    5cb8:	c11c                	sw	a5,0(a0)
    5cba:	00042623          	sw	zero,12(s0)
    5cbe:	8522                	mv	a0,s0
    5cc0:	ce3ff0ef          	jal	ra,59a2 <tcp_pcb_purge>
    5cc4:	481c                	lw	a5,16(s0)
    5cc6:	4729                	li	a4,10
    5cc8:	02e78163          	beq	a5,a4,5cea <tcp_pcb_remove+0x40>
    5ccc:	4705                	li	a4,1
    5cce:	00e78e63          	beq	a5,a4,5cea <tcp_pcb_remove+0x40>
    5cd2:	02644783          	lbu	a5,38(s0)
    5cd6:	0017f713          	andi	a4,a5,1
    5cda:	cb01                	beqz	a4,5cea <tcp_pcb_remove+0x40>
    5cdc:	0027e793          	ori	a5,a5,2
    5ce0:	02f40323          	sb	a5,38(s0)
    5ce4:	8522                	mv	a0,s0
    5ce6:	006020ef          	jal	ra,7cec <tcp_output>
    5cea:	00042823          	sw	zero,16(s0)
    5cee:	d26fa06f          	j	214 <__riscv_restore_0>
    5cf2:	92f1a023          	sw	a5,-1760(gp) # 20000140 <tcp_tmp_pcb>
    5cf6:	4681                	li	a3,0
    5cf8:	92018713          	addi	a4,gp,-1760 # 20000140 <tcp_tmp_pcb>
    5cfc:	e789                	bnez	a5,5d06 <tcp_pcb_remove+0x5c>
    5cfe:	ded5                	beqz	a3,5cba <tcp_pcb_remove+0x10>
    5d00:	00072023          	sw	zero,0(a4)
    5d04:	bf5d                	j	5cba <tcp_pcb_remove+0x10>
    5d06:	47d0                	lw	a2,12(a5)
    5d08:	00861763          	bne	a2,s0,5d16 <tcp_pcb_remove+0x6c>
    5d0c:	c291                	beqz	a3,5d10 <tcp_pcb_remove+0x66>
    5d0e:	c31c                	sw	a5,0(a4)
    5d10:	4458                	lw	a4,12(s0)
    5d12:	c7d8                	sw	a4,12(a5)
    5d14:	b75d                	j	5cba <tcp_pcb_remove+0x10>
    5d16:	4685                	li	a3,1
    5d18:	87b2                	mv	a5,a2
    5d1a:	b7cd                	j	5cfc <tcp_pcb_remove+0x52>

00005d1c <tcp_close>:
tcp_close():
    5d1c:	491c                	lw	a5,16(a0)
    5d1e:	471d                	li	a4,7
    5d20:	0af76563          	bltu	a4,a5,5dca <tcp_close+0xae>
    5d24:	cccfa2ef          	jal	t0,1f0 <__riscv_save_0>
    5d28:	6725                	lui	a4,0x9
    5d2a:	078a                	slli	a5,a5,0x2
    5d2c:	5dc70713          	addi	a4,a4,1500 # 95dc <ErrTable+0x10>
    5d30:	97ba                	add	a5,a5,a4
    5d32:	439c                	lw	a5,0(a5)
    5d34:	842a                	mv	s0,a0
    5d36:	8782                	jr	a5
    5d38:	ddcfd0ef          	jal	ra,3314 <LwipRemoveTcpPcb>
    5d3c:	91018713          	addi	a4,gp,-1776 # 20000130 <tcp_bound_pcbs>
    5d40:	431c                	lw	a5,0(a4)
    5d42:	00879963          	bne	a5,s0,5d54 <tcp_close+0x38>
    5d46:	445c                	lw	a5,12(s0)
    5d48:	c31c                	sw	a5,0(a4)
    5d4a:	00042623          	sw	zero,12(s0)
    5d4e:	85a2                	mv	a1,s0
    5d50:	4509                	li	a0,2
    5d52:	a83d                	j	5d90 <tcp_close+0x74>
    5d54:	92f1a023          	sw	a5,-1760(gp) # 20000140 <tcp_tmp_pcb>
    5d58:	4681                	li	a3,0
    5d5a:	92018713          	addi	a4,gp,-1760 # 20000140 <tcp_tmp_pcb>
    5d5e:	e789                	bnez	a5,5d68 <tcp_close+0x4c>
    5d60:	d6ed                	beqz	a3,5d4a <tcp_close+0x2e>
    5d62:	00072023          	sw	zero,0(a4)
    5d66:	b7d5                	j	5d4a <tcp_close+0x2e>
    5d68:	47d0                	lw	a2,12(a5)
    5d6a:	00861763          	bne	a2,s0,5d78 <tcp_close+0x5c>
    5d6e:	c291                	beqz	a3,5d72 <tcp_close+0x56>
    5d70:	c31c                	sw	a5,0(a4)
    5d72:	4458                	lw	a4,12(s0)
    5d74:	c7d8                	sw	a4,12(a5)
    5d76:	bfd1                	j	5d4a <tcp_close+0x2e>
    5d78:	4685                	li	a3,1
    5d7a:	87b2                	mv	a5,a2
    5d7c:	b7cd                	j	5d5e <tcp_close+0x42>
    5d7e:	d96fd0ef          	jal	ra,3314 <LwipRemoveTcpPcb>
    5d82:	85a2                	mv	a1,s0
    5d84:	91418513          	addi	a0,gp,-1772 # 20000134 <tcp_listen_pcbs>
    5d88:	f23ff0ef          	jal	ra,5caa <tcp_pcb_remove>
    5d8c:	85a2                	mv	a1,s0
    5d8e:	450d                	li	a0,3
    5d90:	b84ff0ef          	jal	ra,5114 <memp_free>
    5d94:	4501                	li	a0,0
    5d96:	a831                	j	5db2 <tcp_close+0x96>
    5d98:	d7cfd0ef          	jal	ra,3314 <LwipRemoveTcpPcb>
    5d9c:	85a2                	mv	a1,s0
    5d9e:	90c18513          	addi	a0,gp,-1780 # 2000012c <tcp_active_pcbs>
    5da2:	f09ff0ef          	jal	ra,5caa <tcp_pcb_remove>
    5da6:	b765                	j	5d4e <tcp_close+0x32>
    5da8:	4585                	li	a1,1
    5daa:	68d010ef          	jal	ra,7c36 <tcp_send_ctrl>
    5dae:	4795                	li	a5,5
    5db0:	c901                	beqz	a0,5dc0 <tcp_close+0xa4>
    5db2:	c62fa06f          	j	214 <__riscv_restore_0>
    5db6:	4585                	li	a1,1
    5db8:	67f010ef          	jal	ra,7c36 <tcp_send_ctrl>
    5dbc:	f97d                	bnez	a0,5db2 <tcp_close+0x96>
    5dbe:	47a5                	li	a5,9
    5dc0:	c81c                	sw	a5,16(s0)
    5dc2:	8522                	mv	a0,s0
    5dc4:	729010ef          	jal	ra,7cec <tcp_output>
    5dc8:	b7f1                	j	5d94 <tcp_close+0x78>
    5dca:	4501                	li	a0,0
    5dcc:	8082                	ret

00005dce <tcp_recv_null>:
tcp_recv_null():
    5dce:	c22fa2ef          	jal	t0,1f0 <__riscv_save_0>
    5dd2:	1141                	addi	sp,sp,-16
    5dd4:	852e                	mv	a0,a1
    5dd6:	ce11                	beqz	a2,5df2 <tcp_recv_null+0x24>
    5dd8:	260e                	lhu	a1,8(a2)
    5dda:	c632                	sw	a2,12(sp)
    5ddc:	afbff0ef          	jal	ra,58d6 <tcp_recved>
    5de0:	4632                	lw	a2,12(sp)
    5de2:	8532                	mv	a0,a2
    5de4:	d02ff0ef          	jal	ra,52e6 <pbuf_free>
    5de8:	4781                	li	a5,0
    5dea:	853e                	mv	a0,a5
    5dec:	0141                	addi	sp,sp,16
    5dee:	c26fa06f          	j	214 <__riscv_restore_0>
    5df2:	4781                	li	a5,0
    5df4:	fafd                	bnez	a3,5dea <tcp_recv_null+0x1c>
    5df6:	f27ff0ef          	jal	ra,5d1c <tcp_close>
    5dfa:	87aa                	mv	a5,a0
    5dfc:	b7fd                	j	5dea <tcp_recv_null+0x1c>

00005dfe <tcp_fasttmr>:
tcp_fasttmr():
    5dfe:	bf2fa2ef          	jal	t0,1f0 <__riscv_save_0>
    5e02:	90c1a403          	lw	s0,-1780(gp) # 2000012c <tcp_active_pcbs>
    5e06:	06500493          	li	s1,101
    5e0a:	e019                	bnez	s0,5e10 <tcp_fasttmr+0x12>
    5e0c:	c08fa06f          	j	214 <__riscv_restore_0>
    5e10:	08842603          	lw	a2,136(s0)
    5e14:	ca19                	beqz	a2,5e2a <tcp_fasttmr+0x2c>
    5e16:	09042783          	lw	a5,144(s0)
    5e1a:	4681                	li	a3,0
    5e1c:	85a2                	mv	a1,s0
    5e1e:	cf8d                	beqz	a5,5e58 <tcp_fasttmr+0x5a>
    5e20:	4c08                	lw	a0,24(s0)
    5e22:	9782                	jalr	a5
    5e24:	e119                	bnez	a0,5e2a <tcp_fasttmr+0x2c>
    5e26:	08042423          	sw	zero,136(s0)
    5e2a:	14fd                	addi	s1,s1,-1
    5e2c:	0ff4f493          	andi	s1,s1,255
    5e30:	dcf1                	beqz	s1,5e0c <tcp_fasttmr+0xe>
    5e32:	02644783          	lbu	a5,38(s0)
    5e36:	0017f713          	andi	a4,a5,1
    5e3a:	cf09                	beqz	a4,5e54 <tcp_fasttmr+0x56>
    5e3c:	0027e793          	ori	a5,a5,2
    5e40:	02f40323          	sb	a5,38(s0)
    5e44:	8522                	mv	a0,s0
    5e46:	6a7010ef          	jal	ra,7cec <tcp_output>
    5e4a:	02644783          	lbu	a5,38(s0)
    5e4e:	9bf1                	andi	a5,a5,-4
    5e50:	02f40323          	sb	a5,38(s0)
    5e54:	4440                	lw	s0,12(s0)
    5e56:	bf55                	j	5e0a <tcp_fasttmr+0xc>
    5e58:	4501                	li	a0,0
    5e5a:	f75ff0ef          	jal	ra,5dce <tcp_recv_null>
    5e5e:	b7d9                	j	5e24 <tcp_fasttmr+0x26>

00005e60 <tcp_tmr>:
tcp_tmr():
    5e60:	b90fa2ef          	jal	t0,1f0 <__riscv_save_0>
    5e64:	f9bff0ef          	jal	ra,5dfe <tcp_fasttmr>
    5e68:	91c18713          	addi	a4,gp,-1764 # 2000013c <tcp_timer>
    5e6c:	231c                	lbu	a5,0(a4)
    5e6e:	0785                	addi	a5,a5,1
    5e70:	0ff7f793          	andi	a5,a5,255
    5e74:	a31c                	sb	a5,0(a4)
    5e76:	8b85                	andi	a5,a5,1
    5e78:	c399                	beqz	a5,5e7e <tcp_tmr+0x1e>
    5e7a:	b77ff0ef          	jal	ra,59f0 <tcp_slowtmr>
    5e7e:	b96fa06f          	j	214 <__riscv_restore_0>

00005e82 <tcp_fastsendack>:
tcp_fastsendack():
    5e82:	b6efa2ef          	jal	t0,1f0 <__riscv_save_0>
    5e86:	90c1a403          	lw	s0,-1780(gp) # 2000012c <tcp_active_pcbs>
    5e8a:	06500493          	li	s1,101
    5e8e:	4901                	li	s2,0
    5e90:	e401                	bnez	s0,5e98 <tcp_fastsendack+0x16>
    5e92:	854a                	mv	a0,s2
    5e94:	b80fa06f          	j	214 <__riscv_restore_0>
    5e98:	08842603          	lw	a2,136(s0)
    5e9c:	ca19                	beqz	a2,5eb2 <tcp_fastsendack+0x30>
    5e9e:	09042783          	lw	a5,144(s0)
    5ea2:	4681                	li	a3,0
    5ea4:	85a2                	mv	a1,s0
    5ea6:	c7b1                	beqz	a5,5ef2 <tcp_fastsendack+0x70>
    5ea8:	4c08                	lw	a0,24(s0)
    5eaa:	9782                	jalr	a5
    5eac:	e119                	bnez	a0,5eb2 <tcp_fastsendack+0x30>
    5eae:	08042423          	sw	zero,136(s0)
    5eb2:	14fd                	addi	s1,s1,-1
    5eb4:	0ff4f493          	andi	s1,s1,255
    5eb8:	dce9                	beqz	s1,5e92 <tcp_fastsendack+0x10>
    5eba:	02744783          	lbu	a5,39(s0)
    5ebe:	cb85                	beqz	a5,5eee <tcp_fastsendack+0x6c>
    5ec0:	02644703          	lbu	a4,38(s0)
    5ec4:	00177693          	andi	a3,a4,1
    5ec8:	c29d                	beqz	a3,5eee <tcp_fastsendack+0x6c>
    5eca:	17fd                	addi	a5,a5,-1
    5ecc:	0ff7f793          	andi	a5,a5,255
    5ed0:	02f403a3          	sb	a5,39(s0)
    5ed4:	e39d                	bnez	a5,5efa <tcp_fastsendack+0x78>
    5ed6:	00276713          	ori	a4,a4,2
    5eda:	02e40323          	sb	a4,38(s0)
    5ede:	8522                	mv	a0,s0
    5ee0:	60d010ef          	jal	ra,7cec <tcp_output>
    5ee4:	02644783          	lbu	a5,38(s0)
    5ee8:	9bf1                	andi	a5,a5,-4
    5eea:	02f40323          	sb	a5,38(s0)
    5eee:	4440                	lw	s0,12(s0)
    5ef0:	b745                	j	5e90 <tcp_fastsendack+0xe>
    5ef2:	4501                	li	a0,0
    5ef4:	edbff0ef          	jal	ra,5dce <tcp_recv_null>
    5ef8:	bf55                	j	5eac <tcp_fastsendack+0x2a>
    5efa:	0905                	addi	s2,s2,1
    5efc:	bfcd                	j	5eee <tcp_fastsendack+0x6c>

00005efe <tcp_abandon>:
tcp_abandon():
    5efe:	acafa2ef          	jal	t0,1c8 <__riscv_save_10>
    5f02:	4918                	lw	a4,16(a0)
    5f04:	47a9                	li	a5,10
    5f06:	1141                	addi	sp,sp,-16
    5f08:	842a                	mv	s0,a0
    5f0a:	00f71e63          	bne	a4,a5,5f26 <tcp_abandon+0x28>
    5f0e:	85aa                	mv	a1,a0
    5f10:	92418513          	addi	a0,gp,-1756 # 20000144 <tcp_tw_pcbs>
    5f14:	d97ff0ef          	jal	ra,5caa <tcp_pcb_remove>
    5f18:	85a2                	mv	a1,s0
    5f1a:	4509                	li	a0,2
    5f1c:	9f8ff0ef          	jal	ra,5114 <memp_free>
    5f20:	0141                	addi	sp,sp,16
    5f22:	adefa06f          	j	200 <__riscv_restore_10>
    5f26:	411c                	lw	a5,0(a0)
    5f28:	8b2e                	mv	s6,a1
    5f2a:	06052903          	lw	s2,96(a0)
    5f2e:	c63e                	sw	a5,12(sp)
    5f30:	415c                	lw	a5,4(a0)
    5f32:	02852983          	lw	s3,40(a0)
    5f36:	01c55a03          	lhu	s4,28(a0)
    5f3a:	c43e                	sw	a5,8(sp)
    5f3c:	02455a83          	lhu	s5,36(a0)
    5f40:	09c52483          	lw	s1,156(a0)
    5f44:	01852b83          	lw	s7,24(a0)
    5f48:	bccfd0ef          	jal	ra,3314 <LwipRemoveTcpPcb>
    5f4c:	90c18513          	addi	a0,gp,-1780 # 2000012c <tcp_active_pcbs>
    5f50:	85a2                	mv	a1,s0
    5f52:	d59ff0ef          	jal	ra,5caa <tcp_pcb_remove>
    5f56:	08042503          	lw	a0,128(s0)
    5f5a:	c119                	beqz	a0,5f60 <tcp_abandon+0x62>
    5f5c:	9e1ff0ef          	jal	ra,593c <tcp_segs_free>
    5f60:	5c68                	lw	a0,124(s0)
    5f62:	c119                	beqz	a0,5f68 <tcp_abandon+0x6a>
    5f64:	9d9ff0ef          	jal	ra,593c <tcp_segs_free>
    5f68:	08442503          	lw	a0,132(s0)
    5f6c:	c119                	beqz	a0,5f72 <tcp_abandon+0x74>
    5f6e:	9cfff0ef          	jal	ra,593c <tcp_segs_free>
    5f72:	85a2                	mv	a1,s0
    5f74:	4509                	li	a0,2
    5f76:	99eff0ef          	jal	ra,5114 <memp_free>
    5f7a:	c481                	beqz	s1,5f82 <tcp_abandon+0x84>
    5f7c:	55ed                	li	a1,-5
    5f7e:	855e                	mv	a0,s7
    5f80:	9482                	jalr	s1
    5f82:	f80b0fe3          	beqz	s6,5f20 <tcp_abandon+0x22>
    5f86:	87d6                	mv	a5,s5
    5f88:	8752                	mv	a4,s4
    5f8a:	0034                	addi	a3,sp,8
    5f8c:	0070                	addi	a2,sp,12
    5f8e:	85ce                	mv	a1,s3
    5f90:	854a                	mv	a0,s2
    5f92:	0c2020ef          	jal	ra,8054 <tcp_rst>
    5f96:	b769                	j	5f20 <tcp_abandon+0x22>

00005f98 <tcp_next_iss>:
tcp_next_iss():
    5f98:	83018793          	addi	a5,gp,-2000 # 20000050 <iss.3197>
    5f9c:	4388                	lw	a0,0(a5)
    5f9e:	9181a703          	lw	a4,-1768(gp) # 20000138 <tcp_ticks>
    5fa2:	953a                	add	a0,a0,a4
    5fa4:	c388                	sw	a0,0(a5)
    5fa6:	8082                	ret

00005fa8 <tcp_alloc>:
tcp_alloc():
    5fa8:	a2efa2ef          	jal	t0,1d6 <__riscv_save_4>
    5fac:	892a                	mv	s2,a0
    5fae:	4509                	li	a0,2
    5fb0:	944ff0ef          	jal	ra,50f4 <memp_malloc>
    5fb4:	200074b7          	lui	s1,0x20007
    5fb8:	44048493          	addi	s1,s1,1088 # 20007440 <WCHCfg>
    5fbc:	842a                	mv	s0,a0
    5fbe:	e125                	bnez	a0,601e <tcp_alloc+0x76>
    5fc0:	489c                	lw	a5,16(s1)
    5fc2:	8389                	srli	a5,a5,0x2
    5fc4:	8b85                	andi	a5,a5,1
    5fc6:	e789                	bnez	a5,5fd0 <tcp_alloc+0x28>
    5fc8:	4401                	li	s0,0
    5fca:	8522                	mv	a0,s0
    5fcc:	a3efa06f          	j	20a <__riscv_restore_4>
    5fd0:	9241a783          	lw	a5,-1756(gp) # 20000144 <tcp_tw_pcbs>
    5fd4:	9181a603          	lw	a2,-1768(gp) # 20000138 <tcp_ticks>
    5fd8:	4501                	li	a0,0
    5fda:	4681                	li	a3,0
    5fdc:	91818993          	addi	s3,gp,-1768 # 20000138 <tcp_ticks>
    5fe0:	e7f1                	bnez	a5,60ac <tcp_alloc+0x104>
    5fe2:	c501                	beqz	a0,5fea <tcp_alloc+0x42>
    5fe4:	4585                	li	a1,1
    5fe6:	f19ff0ef          	jal	ra,5efe <tcp_abandon>
    5fea:	4509                	li	a0,2
    5fec:	908ff0ef          	jal	ra,50f4 <memp_malloc>
    5ff0:	842a                	mv	s0,a0
    5ff2:	e515                	bnez	a0,601e <tcp_alloc+0x76>
    5ff4:	90c1a783          	lw	a5,-1780(gp) # 2000012c <tcp_active_pcbs>
    5ff8:	0009a503          	lw	a0,0(s3)
    5ffc:	197d                	addi	s2,s2,-1
    5ffe:	0ff97913          	andi	s2,s2,255
    6002:	07f00613          	li	a2,127
    6006:	4581                	li	a1,0
    6008:	ebdd                	bnez	a5,60be <tcp_alloc+0x116>
    600a:	c409                	beqz	s0,6014 <tcp_alloc+0x6c>
    600c:	4585                	li	a1,1
    600e:	8522                	mv	a0,s0
    6010:	eefff0ef          	jal	ra,5efe <tcp_abandon>
    6014:	4509                	li	a0,2
    6016:	8deff0ef          	jal	ra,50f4 <memp_malloc>
    601a:	842a                	mv	s0,a0
    601c:	d555                	beqz	a0,5fc8 <tcp_alloc+0x20>
    601e:	0b400613          	li	a2,180
    6022:	4581                	li	a1,0
    6024:	8522                	mv	a0,s0
    6026:	9fafa0ef          	jal	ra,220 <memset>
    602a:	04000793          	li	a5,64
    602e:	a85c                	sb	a5,20(s0)
    6030:	449c                	lw	a5,8(s1)
    6032:	06041c23          	sh	zero,120(s0)
    6036:	21800713          	li	a4,536
    603a:	06f41b23          	sh	a5,118(s0)
    603e:	385e                	lhu	a5,52(s0)
    6040:	b45e                	sh	a5,44(s0)
    6042:	b47e                	sh	a5,46(s0)
    6044:	77e1                	lui	a5,0xffff8
    6046:	a43e                	sh	a5,10(s0)
    6048:	40dc                	lw	a5,4(s1)
    604a:	00f77463          	bgeu	a4,a5,6052 <tcp_alloc+0xaa>
    604e:	21800793          	li	a5,536
    6052:	04f41023          	sh	a5,64(s0)
    6056:	67c1                	lui	a5,0x10
    6058:	577d                	li	a4,-1
    605a:	c47c                	sw	a5,76(s0)
    605c:	4785                	li	a5,1
    605e:	04f41823          	sh	a5,80(s0)
    6062:	bc7a                	sh	a4,62(s0)
    6064:	04f41d23          	sh	a5,90(s0)
    6068:	f31ff0ef          	jal	ra,5f98 <tcp_next_iss>
    606c:	9181a783          	lw	a5,-1768(gp) # 20000138 <tcp_ticks>
    6070:	d468                	sw	a0,108(s0)
    6072:	d028                	sw	a0,96(s0)
    6074:	dc1c                	sw	a5,56(s0)
    6076:	000067b7          	lui	a5,0x6
    607a:	dce78793          	addi	a5,a5,-562 # 5dce <tcp_recv_null>
    607e:	08f42823          	sw	a5,144(s0)
    6082:	200077b7          	lui	a5,0x20007
    6086:	3f07a703          	lw	a4,1008(a5) # 200073f0 <KeepLiveCfg>
    608a:	3f078793          	addi	a5,a5,1008
    608e:	c868                	sw	a0,84(s0)
    6090:	0ae42023          	sw	a4,160(s0)
    6094:	43d8                	lw	a4,4(a5)
    6096:	479c                	lw	a5,8(a5)
    6098:	d828                	sw	a0,112(s0)
    609a:	02040e23          	sb	zero,60(s0)
    609e:	0ae42223          	sw	a4,164(s0)
    60a2:	0af42423          	sw	a5,168(s0)
    60a6:	0a0408a3          	sb	zero,177(s0)
    60aa:	b705                	j	5fca <tcp_alloc+0x22>
    60ac:	5f98                	lw	a4,56(a5)
    60ae:	40e60733          	sub	a4,a2,a4
    60b2:	00d76463          	bltu	a4,a3,60ba <tcp_alloc+0x112>
    60b6:	86ba                	mv	a3,a4
    60b8:	853e                	mv	a0,a5
    60ba:	47dc                	lw	a5,12(a5)
    60bc:	b715                	j	5fe0 <tcp_alloc+0x38>
    60be:	2bd4                	lbu	a3,20(a5)
    60c0:	00d96c63          	bltu	s2,a3,60d8 <tcp_alloc+0x130>
    60c4:	00d66a63          	bltu	a2,a3,60d8 <tcp_alloc+0x130>
    60c8:	5f98                	lw	a4,56(a5)
    60ca:	40e50733          	sub	a4,a0,a4
    60ce:	00b76563          	bltu	a4,a1,60d8 <tcp_alloc+0x130>
    60d2:	8636                	mv	a2,a3
    60d4:	85ba                	mv	a1,a4
    60d6:	843e                	mv	s0,a5
    60d8:	47dc                	lw	a5,12(a5)
    60da:	b73d                	j	6008 <tcp_alloc+0x60>

000060dc <tcp_new>:
tcp_new():
    60dc:	914fa2ef          	jal	t0,1f0 <__riscv_save_0>
    60e0:	04000513          	li	a0,64
    60e4:	ec5ff0ef          	jal	ra,5fa8 <tcp_alloc>
    60e8:	92cfa06f          	j	214 <__riscv_restore_0>

000060ec <tcp_eff_send_mss>:
tcp_eff_send_mss():
    60ec:	904fa2ef          	jal	t0,1f0 <__riscv_save_0>
    60f0:	842a                	mv	s0,a0
    60f2:	852e                	mv	a0,a1
    60f4:	e43fd0ef          	jal	ra,3f36 <ip_route>
    60f8:	cd11                	beqz	a0,6114 <tcp_eff_send_mss+0x28>
    60fa:	391e                	lhu	a5,48(a0)
    60fc:	cf81                	beqz	a5,6114 <tcp_eff_send_mss+0x28>
    60fe:	fd878793          	addi	a5,a5,-40
    6102:	873e                	mv	a4,a5
    6104:	07c2                	slli	a5,a5,0x10
    6106:	83c1                	srli	a5,a5,0x10
    6108:	00f47363          	bgeu	s0,a5,610e <tcp_eff_send_mss+0x22>
    610c:	8722                	mv	a4,s0
    610e:	01071413          	slli	s0,a4,0x10
    6112:	8041                	srli	s0,s0,0x10
    6114:	8522                	mv	a0,s0
    6116:	8fefa06f          	j	214 <__riscv_restore_0>

0000611a <tcp_connect>:
tcp_connect():
    611a:	8bcfa2ef          	jal	t0,1d6 <__riscv_save_4>
    611e:	4918                	lw	a4,16(a0)
    6120:	54cd                	li	s1,-13
    6122:	eb45                	bnez	a4,61d2 <tcp_connect+0xb8>
    6124:	89ae                	mv	s3,a1
    6126:	54dd                	li	s1,-9
    6128:	c5cd                	beqz	a1,61d2 <tcp_connect+0xb8>
    612a:	842a                	mv	s0,a0
    612c:	84b2                	mv	s1,a2
    612e:	0511                	addi	a0,a0,4
    6130:	4611                	li	a2,4
    6132:	8936                	mv	s2,a3
    6134:	1ca030ef          	jal	ra,92fe <memcpy>
    6138:	2c5e                	lhu	a5,28(s0)
    613a:	b046                	sh	s1,36(s0)
    613c:	e781                	bnez	a5,6144 <tcp_connect+0x2a>
    613e:	ddeff0ef          	jal	ra,571c <tcp_new_port>
    6142:	ac4a                	sh	a0,28(s0)
    6144:	e55ff0ef          	jal	ra,5f98 <tcp_next_iss>
    6148:	385e                	lhu	a5,52(s0)
    614a:	d028                	sw	a0,96(s0)
    614c:	157d                	addi	a0,a0,-1
    614e:	b45e                	sh	a5,44(s0)
    6150:	b47e                	sh	a5,46(s0)
    6152:	06f41223          	sh	a5,100(s0)
    6156:	200077b7          	lui	a5,0x20007
    615a:	c868                	sw	a0,84(s0)
    615c:	d828                	sw	a0,112(s0)
    615e:	4447a503          	lw	a0,1092(a5) # 20007444 <WCHCfg+0x4>
    6162:	02042423          	sw	zero,40(s0)
    6166:	02042823          	sw	zero,48(s0)
    616a:	21800793          	li	a5,536
    616e:	00a7f463          	bgeu	a5,a0,6176 <tcp_connect+0x5c>
    6172:	21800513          	li	a0,536
    6176:	0542                	slli	a0,a0,0x10
    6178:	8141                	srli	a0,a0,0x10
    617a:	04a41023          	sh	a0,64(s0)
    617e:	85ce                	mv	a1,s3
    6180:	f6dff0ef          	jal	ra,60ec <tcp_eff_send_mss>
    6184:	4785                	li	a5,1
    6186:	04f41d23          	sh	a5,90(s0)
    618a:	47a9                	li	a5,10
    618c:	04a41023          	sh	a0,64(s0)
    6190:	02f50533          	mul	a0,a0,a5
    6194:	4789                	li	a5,2
    6196:	91018713          	addi	a4,gp,-1776 # 20000130 <tcp_bound_pcbs>
    619a:	c81c                	sw	a5,16(s0)
    619c:	431c                	lw	a5,0(a4)
    619e:	09242a23          	sw	s2,148(s0)
    61a2:	04a41e23          	sh	a0,92(s0)
    61a6:	02879963          	bne	a5,s0,61d8 <tcp_connect+0xbe>
    61aa:	445c                	lw	a5,12(s0)
    61ac:	c31c                	sw	a5,0(a4)
    61ae:	90c18793          	addi	a5,gp,-1780 # 2000012c <tcp_active_pcbs>
    61b2:	4398                	lw	a4,0(a5)
    61b4:	4689                	li	a3,2
    61b6:	c380                	sw	s0,0(a5)
    61b8:	c458                	sw	a4,12(s0)
    61ba:	4785                	li	a5,1
    61bc:	4701                	li	a4,0
    61be:	4601                	li	a2,0
    61c0:	4581                	li	a1,0
    61c2:	8522                	mv	a0,s0
    61c4:	62a010ef          	jal	ra,77ee <tcp_enqueue>
    61c8:	84aa                	mv	s1,a0
    61ca:	e501                	bnez	a0,61d2 <tcp_connect+0xb8>
    61cc:	8522                	mv	a0,s0
    61ce:	31f010ef          	jal	ra,7cec <tcp_output>
    61d2:	8526                	mv	a0,s1
    61d4:	836fa06f          	j	20a <__riscv_restore_4>
    61d8:	92f1a023          	sw	a5,-1760(gp) # 20000140 <tcp_tmp_pcb>
    61dc:	4681                	li	a3,0
    61de:	92018713          	addi	a4,gp,-1760 # 20000140 <tcp_tmp_pcb>
    61e2:	e789                	bnez	a5,61ec <tcp_connect+0xd2>
    61e4:	d6e9                	beqz	a3,61ae <tcp_connect+0x94>
    61e6:	00072023          	sw	zero,0(a4)
    61ea:	b7d1                	j	61ae <tcp_connect+0x94>
    61ec:	47d0                	lw	a2,12(a5)
    61ee:	00861763          	bne	a2,s0,61fc <tcp_connect+0xe2>
    61f2:	c291                	beqz	a3,61f6 <tcp_connect+0xdc>
    61f4:	c31c                	sw	a5,0(a4)
    61f6:	4458                	lw	a4,12(s0)
    61f8:	c7d8                	sw	a4,12(a5)
    61fa:	bf55                	j	61ae <tcp_connect+0x94>
    61fc:	4685                	li	a3,1
    61fe:	87b2                	mv	a5,a2
    6200:	b7cd                	j	61e2 <tcp_connect+0xc8>

00006202 <RemoveTimeWaiTCP>:
RemoveTimeWaiTCP():
    6202:	feff92ef          	jal	t0,1f0 <__riscv_save_0>
    6206:	9241a403          	lw	s0,-1756(gp) # 20000144 <tcp_tw_pcbs>
    620a:	92418493          	addi	s1,gp,-1756 # 20000144 <tcp_tw_pcbs>
    620e:	e019                	bnez	s0,6214 <RemoveTimeWaiTCP+0x12>
    6210:	804fa06f          	j	214 <__riscv_restore_0>
    6214:	8522                	mv	a0,s0
    6216:	8fefd0ef          	jal	ra,3314 <LwipRemoveTcpPcb>
    621a:	8522                	mv	a0,s0
    621c:	f86ff0ef          	jal	ra,59a2 <tcp_pcb_purge>
    6220:	00c42903          	lw	s2,12(s0)
    6224:	85a2                	mv	a1,s0
    6226:	4509                	li	a0,2
    6228:	0124a023          	sw	s2,0(s1)
    622c:	844a                	mv	s0,s2
    622e:	ee7fe0ef          	jal	ra,5114 <memp_free>
    6232:	bff1                	j	620e <RemoveTimeWaiTCP+0xc>

00006234 <tcp_oos_insert_segment>:
tcp_oos_insert_segment():
    6234:	fa3f92ef          	jal	t0,1d6 <__riscv_save_4>
    6238:	491c                	lw	a5,16(a0)
    623a:	84aa                	mv	s1,a0
    623c:	8a2e                	mv	s4,a1
    623e:	27c8                	lbu	a0,12(a5)
    6240:	37dc                	lbu	a5,13(a5)
    6242:	07a2                	slli	a5,a5,0x8
    6244:	8d5d                	or	a0,a0,a5
    6246:	cb3fd0ef          	jal	ra,3ef8 <ntohs>
    624a:	8905                	andi	a0,a0,1
    624c:	e929                	bnez	a0,629e <tcp_oos_insert_segment+0x6a>
    624e:	6941                	lui	s2,0x10
    6250:	fc090913          	addi	s2,s2,-64 # ffc0 <_data_lma+0x698c>
    6254:	010a2703          	lw	a4,16(s4)
    6258:	93c1a603          	lw	a2,-1732(gp) # 2000015c <seqno>
    625c:	24de                	lhu	a5,12(s1)
    625e:	3354                	lbu	a3,5(a4)
    6260:	234c                	lbu	a1,4(a4)
    6262:	97b2                	add	a5,a5,a2
    6264:	06a2                	slli	a3,a3,0x8
    6266:	8dd5                	or	a1,a1,a3
    6268:	2374                	lbu	a3,6(a4)
    626a:	06c2                	slli	a3,a3,0x10
    626c:	8ecd                	or	a3,a3,a1
    626e:	336c                	lbu	a1,7(a4)
    6270:	05e2                	slli	a1,a1,0x18
    6272:	8dd5                	or	a1,a1,a3
    6274:	00ca5683          	lhu	a3,12(s4)
    6278:	96ae                	add	a3,a3,a1
    627a:	40d786b3          	sub	a3,a5,a3
    627e:	0206d563          	bgez	a3,62a8 <tcp_oos_insert_segment+0x74>
    6282:	8f8d                	sub	a5,a5,a1
    6284:	00f05963          	blez	a5,6296 <tcp_oos_insert_segment+0x62>
    6288:	8d91                	sub	a1,a1,a2
    628a:	05c2                	slli	a1,a1,0x10
    628c:	40c8                	lw	a0,4(s1)
    628e:	81c1                	srli	a1,a1,0x10
    6290:	a4ce                	sh	a1,12(s1)
    6292:	9e2ff0ef          	jal	ra,5474 <pbuf_realloc>
    6296:	0144a023          	sw	s4,0(s1)
    629a:	f71f906f          	j	20a <__riscv_restore_4>
    629e:	8552                	mv	a0,s4
    62a0:	e9cff0ef          	jal	ra,593c <tcp_segs_free>
    62a4:	4a01                	li	s4,0
    62a6:	bfc5                	j	6296 <tcp_oos_insert_segment+0x62>
    62a8:	375c                	lbu	a5,13(a4)
    62aa:	2748                	lbu	a0,12(a4)
    62ac:	07a2                	slli	a5,a5,0x8
    62ae:	8d5d                	or	a0,a0,a5
    62b0:	c49fd0ef          	jal	ra,3ef8 <ntohs>
    62b4:	8905                	andi	a0,a0,1
    62b6:	cd15                	beqz	a0,62f2 <tcp_oos_insert_segment+0xbe>
    62b8:	489c                	lw	a5,16(s1)
    62ba:	37c0                	lbu	s0,13(a5)
    62bc:	27c8                	lbu	a0,12(a5)
    62be:	0422                	slli	s0,s0,0x8
    62c0:	8c49                	or	s0,s0,a0
    62c2:	854a                	mv	a0,s2
    62c4:	c27fd0ef          	jal	ra,3eea <htons>
    62c8:	489c                	lw	a5,16(s1)
    62ca:	8c69                	and	s0,s0,a0
    62cc:	27c8                	lbu	a0,12(a5)
    62ce:	37dc                	lbu	a5,13(a5)
    62d0:	07a2                	slli	a5,a5,0x8
    62d2:	8d5d                	or	a0,a0,a5
    62d4:	c25fd0ef          	jal	ra,3ef8 <ntohs>
    62d8:	03e57513          	andi	a0,a0,62
    62dc:	00156513          	ori	a0,a0,1
    62e0:	c0bfd0ef          	jal	ra,3eea <htons>
    62e4:	489c                	lw	a5,16(s1)
    62e6:	8d41                	or	a0,a0,s0
    62e8:	0542                	slli	a0,a0,0x10
    62ea:	8141                	srli	a0,a0,0x10
    62ec:	a7c8                	sb	a0,12(a5)
    62ee:	8121                	srli	a0,a0,0x8
    62f0:	b7c8                	sb	a0,13(a5)
    62f2:	000a2403          	lw	s0,0(s4)
    62f6:	8552                	mv	a0,s4
    62f8:	e1aff0ef          	jal	ra,5912 <tcp_seg_free>
    62fc:	d445                	beqz	s0,62a4 <tcp_oos_insert_segment+0x70>
    62fe:	8a22                	mv	s4,s0
    6300:	bf91                	j	6254 <tcp_oos_insert_segment+0x20>

00006302 <tcp_receive>:
tcp_receive():
    6302:	ec7f92ef          	jal	t0,1c8 <__riscv_save_10>
    6306:	92c1c783          	lbu	a5,-1748(gp) # 2000014c <flags>
    630a:	842a                	mv	s0,a0
    630c:	8bc1                	andi	a5,a5,16
    630e:	93c18993          	addi	s3,gp,-1732 # 2000015c <seqno>
    6312:	c7f1                	beqz	a5,63de <tcp_receive+0xdc>
    6314:	0009a583          	lw	a1,0(s3)
    6318:	5538                	lw	a4,104(a0)
    631a:	06455683          	lhu	a3,100(a0)
    631e:	5570                	lw	a2,108(a0)
    6320:	40b70533          	sub	a0,a4,a1
    6324:	9281a783          	lw	a5,-1752(gp) # 20000148 <ackno>
    6328:	92818493          	addi	s1,gp,-1752 # 20000148 <ackno>
    632c:	02054463          	bltz	a0,6354 <tcp_receive+0x52>
    6330:	00b71663          	bne	a4,a1,633c <tcp_receive+0x3a>
    6334:	40f60733          	sub	a4,a2,a5
    6338:	00074e63          	bltz	a4,6354 <tcp_receive+0x52>
    633c:	02f61e63          	bne	a2,a5,6378 <tcp_receive+0x76>
    6340:	9441a503          	lw	a0,-1724(gp) # 20000164 <tcphdr>
    6344:	3578                	lbu	a4,15(a0)
    6346:	00e54803          	lbu	a6,14(a0)
    634a:	0722                	slli	a4,a4,0x8
    634c:	01076733          	or	a4,a4,a6
    6350:	02e6f463          	bgeu	a3,a4,6378 <tcp_receive+0x76>
    6354:	9441a503          	lw	a0,-1724(gp) # 20000164 <tcphdr>
    6358:	3578                	lbu	a4,15(a0)
    635a:	00e54803          	lbu	a6,14(a0)
    635e:	d42c                	sw	a1,104(s0)
    6360:	0722                	slli	a4,a4,0x8
    6362:	01076733          	or	a4,a4,a6
    6366:	06e41223          	sh	a4,100(s0)
    636a:	d47c                	sw	a5,108(s0)
    636c:	c711                	beqz	a4,6378 <tcp_receive+0x76>
    636e:	0b044703          	lbu	a4,176(s0)
    6372:	c319                	beqz	a4,6378 <tcp_receive+0x76>
    6374:	0a040823          	sb	zero,176(s0)
    6378:	486c                	lw	a1,84(s0)
    637a:	40b78733          	sub	a4,a5,a1
    637e:	2ee04263          	bgtz	a4,6662 <tcp_receive+0x360>
    6382:	9481d703          	lhu	a4,-1720(gp) # 20000168 <tcplen>
    6386:	06041a23          	sh	zero,116(s0)
    638a:	2c071963          	bnez	a4,665c <tcp_receive+0x35a>
    638e:	06445703          	lhu	a4,100(s0)
    6392:	5468                	lw	a0,108(s0)
    6394:	96b2                	add	a3,a3,a2
    6396:	972a                	add	a4,a4,a0
    6398:	2cd71263          	bne	a4,a3,665c <tcp_receive+0x35a>
    639c:	03e41703          	lh	a4,62(s0)
    63a0:	2a074e63          	bltz	a4,665c <tcp_receive+0x35a>
    63a4:	2af59c63          	bne	a1,a5,665c <tcp_receive+0x35a>
    63a8:	05844783          	lbu	a5,88(s0)
    63ac:	470d                	li	a4,3
    63ae:	0785                	addi	a5,a5,1
    63b0:	0ff7f793          	andi	a5,a5,255
    63b4:	04f40c23          	sb	a5,88(s0)
    63b8:	28f77c63          	bgeu	a4,a5,6650 <tcp_receive+0x34e>
    63bc:	05a45703          	lhu	a4,90(s0)
    63c0:	04045783          	lhu	a5,64(s0)
    63c4:	97ba                	add	a5,a5,a4
    63c6:	07c2                	slli	a5,a5,0x10
    63c8:	83c1                	srli	a5,a5,0x10
    63ca:	00f77463          	bgeu	a4,a5,63d2 <tcp_receive+0xd0>
    63ce:	04f41d23          	sh	a5,90(s0)
    63d2:	5c7c                	lw	a5,124(s0)
    63d4:	3a079f63          	bnez	a5,6792 <tcp_receive+0x490>
    63d8:	4070                	lw	a2,68(s0)
    63da:	44061a63          	bnez	a2,682e <tcp_receive+0x52c>
    63de:	9481d603          	lhu	a2,-1720(gp) # 20000168 <tcplen>
    63e2:	0009a783          	lw	a5,0(s3)
    63e6:	5414                	lw	a3,40(s0)
    63e8:	94818a13          	addi	s4,gp,-1720 # 20000168 <tcplen>
    63ec:	040600e3          	beqz	a2,6c2c <tcp_receive+0x92a>
    63f0:	40f685b3          	sub	a1,a3,a5
    63f4:	fff58713          	addi	a4,a1,-1
    63f8:	4a074b63          	bltz	a4,68ae <tcp_receive+0x5ac>
    63fc:	4705                	li	a4,1
    63fe:	8f1d                	sub	a4,a4,a5
    6400:	8f11                	sub	a4,a4,a2
    6402:	9736                	add	a4,a4,a3
    6404:	4ae04563          	bgtz	a4,68ae <tcp_receive+0x5ac>
    6408:	20007937          	lui	s2,0x20007
    640c:	4c490793          	addi	a5,s2,1220 # 200074c4 <inseg>
    6410:	43c4                	lw	s1,4(a5)
    6412:	01059713          	slli	a4,a1,0x10
    6416:	8341                	srli	a4,a4,0x10
    6418:	24be                	lhu	a5,10(s1)
    641a:	4c490913          	addi	s2,s2,1220
    641e:	48b7d363          	bge	a5,a1,68a4 <tcp_receive+0x5a2>
    6422:	249e                	lhu	a5,8(s1)
    6424:	8f99                	sub	a5,a5,a4
    6426:	07c2                	slli	a5,a5,0x10
    6428:	83c1                	srli	a5,a5,0x10
    642a:	24ba                	lhu	a4,10(s1)
    642c:	46b74663          	blt	a4,a1,6898 <tcp_receive+0x596>
    6430:	40b005b3          	neg	a1,a1
    6434:	05c2                	slli	a1,a1,0x10
    6436:	85c1                	srai	a1,a1,0x10
    6438:	8526                	mv	a0,s1
    643a:	e3ffe0ef          	jal	ra,5278 <pbuf_header>
    643e:	40dc                	lw	a5,4(s1)
    6440:	00c95683          	lhu	a3,12(s2)
    6444:	0009a703          	lw	a4,0(s3)
    6448:	00f92423          	sw	a5,8(s2)
    644c:	541c                	lw	a5,40(s0)
    644e:	9736                	add	a4,a4,a3
    6450:	8f1d                	sub	a4,a4,a5
    6452:	00e91623          	sh	a4,12(s2)
    6456:	01092703          	lw	a4,16(s2)
    645a:	0087d693          	srli	a3,a5,0x8
    645e:	00f9a023          	sw	a5,0(s3)
    6462:	a35c                	sb	a5,4(a4)
    6464:	b354                	sb	a3,5(a4)
    6466:	0107d693          	srli	a3,a5,0x10
    646a:	83e1                	srli	a5,a5,0x18
    646c:	a374                	sb	a3,6(a4)
    646e:	b37c                	sb	a5,7(a4)
    6470:	0009a683          	lw	a3,0(s3)
    6474:	5418                	lw	a4,40(s0)
    6476:	40e687b3          	sub	a5,a3,a4
    647a:	0007c963          	bltz	a5,648c <tcp_receive+0x18a>
    647e:	3452                	lhu	a2,44(s0)
    6480:	00168793          	addi	a5,a3,1
    6484:	8f99                	sub	a5,a5,a4
    6486:	8f91                	sub	a5,a5,a2
    6488:	44f05063          	blez	a5,68c8 <tcp_receive+0x5c6>
    648c:	200077b7          	lui	a5,0x20007
    6490:	4d47a783          	lw	a5,1236(a5) # 200074d4 <inseg+0x10>
    6494:	27c8                	lbu	a0,12(a5)
    6496:	37dc                	lbu	a5,13(a5)
    6498:	07a2                	slli	a5,a5,0x8
    649a:	8d5d                	or	a0,a0,a5
    649c:	a5dfd0ef          	jal	ra,3ef8 <ntohs>
    64a0:	8905                	andi	a0,a0,1
    64a2:	78050163          	beqz	a0,6c24 <tcp_receive+0x922>
    64a6:	5418                	lw	a4,40(s0)
    64a8:	0009a783          	lw	a5,0(s3)
    64ac:	76f71c63          	bne	a4,a5,6c24 <tcp_receive+0x922>
    64b0:	200074b7          	lui	s1,0x20007
    64b4:	4c448a93          	addi	s5,s1,1220 # 200074c4 <inseg>
    64b8:	010aa783          	lw	a5,16(s5)
    64bc:	00cad903          	lhu	s2,12(s5)
    64c0:	4c448493          	addi	s1,s1,1220
    64c4:	27c8                	lbu	a0,12(a5)
    64c6:	37dc                	lbu	a5,13(a5)
    64c8:	07a2                	slli	a5,a5,0x8
    64ca:	8d5d                	or	a0,a0,a5
    64cc:	a2dfd0ef          	jal	ra,3ef8 <ntohs>
    64d0:	890d                	andi	a0,a0,3
    64d2:	00a03533          	snez	a0,a0
    64d6:	992a                	add	s2,s2,a0
    64d8:	010aa783          	lw	a5,16(s5)
    64dc:	0942                	slli	s2,s2,0x10
    64de:	01095913          	srli	s2,s2,0x10
    64e2:	012a1023          	sh	s2,0(s4)
    64e6:	27c8                	lbu	a0,12(a5)
    64e8:	37dc                	lbu	a5,13(a5)
    64ea:	07a2                	slli	a5,a5,0x8
    64ec:	8d5d                	or	a0,a0,a5
    64ee:	a0bfd0ef          	jal	ra,3ef8 <ntohs>
    64f2:	8905                	andi	a0,a0,1
    64f4:	3e051c63          	bnez	a0,68ec <tcp_receive+0x5ea>
    64f8:	345e                	lhu	a5,44(s0)
    64fa:	0b27f063          	bgeu	a5,s2,659a <tcp_receive+0x298>
    64fe:	489c                	lw	a5,16(s1)
    6500:	27c8                	lbu	a0,12(a5)
    6502:	37dc                	lbu	a5,13(a5)
    6504:	07a2                	slli	a5,a5,0x8
    6506:	8d5d                	or	a0,a0,a5
    6508:	9f1fd0ef          	jal	ra,3ef8 <ntohs>
    650c:	8905                	andi	a0,a0,1
    650e:	c131                	beqz	a0,6552 <tcp_receive+0x250>
    6510:	489c                	lw	a5,16(s1)
    6512:	00d7c903          	lbu	s2,13(a5)
    6516:	27c8                	lbu	a0,12(a5)
    6518:	0922                	slli	s2,s2,0x8
    651a:	00a96933          	or	s2,s2,a0
    651e:	6541                	lui	a0,0x10
    6520:	fc050513          	addi	a0,a0,-64 # ffc0 <_data_lma+0x698c>
    6524:	9c7fd0ef          	jal	ra,3eea <htons>
    6528:	489c                	lw	a5,16(s1)
    652a:	00a97933          	and	s2,s2,a0
    652e:	27c8                	lbu	a0,12(a5)
    6530:	37dc                	lbu	a5,13(a5)
    6532:	07a2                	slli	a5,a5,0x8
    6534:	8d5d                	or	a0,a0,a5
    6536:	9c3fd0ef          	jal	ra,3ef8 <ntohs>
    653a:	03e57513          	andi	a0,a0,62
    653e:	9adfd0ef          	jal	ra,3eea <htons>
    6542:	489c                	lw	a5,16(s1)
    6544:	00a96533          	or	a0,s2,a0
    6548:	0542                	slli	a0,a0,0x10
    654a:	8141                	srli	a0,a0,0x10
    654c:	a7c8                	sb	a0,12(a5)
    654e:	8121                	srli	a0,a0,0x8
    6550:	b7c8                	sb	a0,13(a5)
    6552:	345e                	lhu	a5,44(s0)
    6554:	a4de                	sh	a5,12(s1)
    6556:	489c                	lw	a5,16(s1)
    6558:	27c8                	lbu	a0,12(a5)
    655a:	37dc                	lbu	a5,13(a5)
    655c:	07a2                	slli	a5,a5,0x8
    655e:	8d5d                	or	a0,a0,a5
    6560:	999fd0ef          	jal	ra,3ef8 <ntohs>
    6564:	8909                	andi	a0,a0,2
    6566:	c501                	beqz	a0,656e <tcp_receive+0x26c>
    6568:	24de                	lhu	a5,12(s1)
    656a:	17fd                	addi	a5,a5,-1
    656c:	a4de                	sh	a5,12(s1)
    656e:	24ce                	lhu	a1,12(s1)
    6570:	40c8                	lw	a0,4(s1)
    6572:	f03fe0ef          	jal	ra,5474 <pbuf_realloc>
    6576:	489c                	lw	a5,16(s1)
    6578:	00c4d903          	lhu	s2,12(s1)
    657c:	27c8                	lbu	a0,12(a5)
    657e:	37dc                	lbu	a5,13(a5)
    6580:	07a2                	slli	a5,a5,0x8
    6582:	8d5d                	or	a0,a0,a5
    6584:	975fd0ef          	jal	ra,3ef8 <ntohs>
    6588:	890d                	andi	a0,a0,3
    658a:	00a03533          	snez	a0,a0
    658e:	992a                	add	s2,s2,a0
    6590:	0942                	slli	s2,s2,0x10
    6592:	01095913          	srli	s2,s2,0x10
    6596:	012a1023          	sh	s2,0(s4)
    659a:	08442783          	lw	a5,132(s0)
    659e:	36078463          	beqz	a5,6906 <tcp_receive+0x604>
    65a2:	489c                	lw	a5,16(s1)
    65a4:	27c8                	lbu	a0,12(a5)
    65a6:	37dc                	lbu	a5,13(a5)
    65a8:	07a2                	slli	a5,a5,0x8
    65aa:	8d5d                	or	a0,a0,a5
    65ac:	94dfd0ef          	jal	ra,3ef8 <ntohs>
    65b0:	8905                	andi	a0,a0,1
    65b2:	34051763          	bnez	a0,6900 <tcp_receive+0x5fe>
    65b6:	08442b03          	lw	s6,132(s0)
    65ba:	6bc1                	lui	s7,0x10
    65bc:	fc0b8b93          	addi	s7,s7,-64 # ffc0 <_data_lma+0x698c>
    65c0:	0009a503          	lw	a0,0(s3)
    65c4:	000a5703          	lhu	a4,0(s4)
    65c8:	972a                	add	a4,a4,a0
    65ca:	080b0063          	beqz	s6,664a <tcp_receive+0x348>
    65ce:	010b2603          	lw	a2,16(s6)
    65d2:	324c                	lbu	a1,5(a2)
    65d4:	2254                	lbu	a3,4(a2)
    65d6:	05a2                	slli	a1,a1,0x8
    65d8:	8dd5                	or	a1,a1,a3
    65da:	2274                	lbu	a3,6(a2)
    65dc:	06c2                	slli	a3,a3,0x10
    65de:	8dd5                	or	a1,a1,a3
    65e0:	3274                	lbu	a3,7(a2)
    65e2:	06e2                	slli	a3,a3,0x18
    65e4:	8ecd                	or	a3,a3,a1
    65e6:	00cb5583          	lhu	a1,12(s6)
    65ea:	95b6                	add	a1,a1,a3
    65ec:	40b705b3          	sub	a1,a4,a1
    65f0:	3605d263          	bgez	a1,6954 <tcp_receive+0x652>
    65f4:	8f15                	sub	a4,a4,a3
    65f6:	04e05a63          	blez	a4,664a <tcp_receive+0x348>
    65fa:	08442783          	lw	a5,132(s0)
    65fe:	4b98                	lw	a4,16(a5)
    6600:	335c                	lbu	a5,5(a4)
    6602:	2354                	lbu	a3,4(a4)
    6604:	07a2                	slli	a5,a5,0x8
    6606:	8fd5                	or	a5,a5,a3
    6608:	8f89                	sub	a5,a5,a0
    660a:	a4de                	sh	a5,12(s1)
    660c:	489c                	lw	a5,16(s1)
    660e:	27c8                	lbu	a0,12(a5)
    6610:	37dc                	lbu	a5,13(a5)
    6612:	07a2                	slli	a5,a5,0x8
    6614:	8d5d                	or	a0,a0,a5
    6616:	8e3fd0ef          	jal	ra,3ef8 <ntohs>
    661a:	8909                	andi	a0,a0,2
    661c:	c501                	beqz	a0,6624 <tcp_receive+0x322>
    661e:	24de                	lhu	a5,12(s1)
    6620:	17fd                	addi	a5,a5,-1
    6622:	a4de                	sh	a5,12(s1)
    6624:	24ce                	lhu	a1,12(s1)
    6626:	40c8                	lw	a0,4(s1)
    6628:	e4dfe0ef          	jal	ra,5474 <pbuf_realloc>
    662c:	489c                	lw	a5,16(s1)
    662e:	00c4da83          	lhu	s5,12(s1)
    6632:	27c8                	lbu	a0,12(a5)
    6634:	37dc                	lbu	a5,13(a5)
    6636:	07a2                	slli	a5,a5,0x8
    6638:	8d5d                	or	a0,a0,a5
    663a:	8bffd0ef          	jal	ra,3ef8 <ntohs>
    663e:	890d                	andi	a0,a0,3
    6640:	00a03533          	snez	a0,a0
    6644:	9aaa                	add	s5,s5,a0
    6646:	015a1023          	sh	s5,0(s4)
    664a:	09642223          	sw	s6,132(s0)
    664e:	ac65                	j	6906 <tcp_receive+0x604>
    6650:	d8e791e3          	bne	a5,a4,63d2 <tcp_receive+0xd0>
    6654:	8522                	mv	a0,s0
    6656:	3b9010ef          	jal	ra,820e <tcp_rexmit_fast>
    665a:	bba5                	j	63d2 <tcp_receive+0xd0>
    665c:	04040c23          	sb	zero,88(s0)
    6660:	bb8d                	j	63d2 <tcp_receive+0xd0>
    6662:	5034                	lw	a3,96(s0)
    6664:	40d786b3          	sub	a3,a5,a3
    6668:	12d04263          	bgtz	a3,678c <tcp_receive+0x48a>
    666c:	02644683          	lbu	a3,38(s0)
    6670:	0046f613          	andi	a2,a3,4
    6674:	ca01                	beqz	a2,6684 <tcp_receive+0x382>
    6676:	9aed                	andi	a3,a3,-5
    6678:	02d40323          	sb	a3,38(s0)
    667c:	05c45683          	lhu	a3,92(s0)
    6680:	04d41d23          	sh	a3,90(s0)
    6684:	04c41683          	lh	a3,76(s0)
    6688:	04e45603          	lhu	a2,78(s0)
    668c:	0742                	slli	a4,a4,0x10
    668e:	868d                	srai	a3,a3,0x3
    6690:	96b2                	add	a3,a3,a2
    6692:	04d41823          	sh	a3,80(s0)
    6696:	07645683          	lhu	a3,118(s0)
    669a:	8341                	srli	a4,a4,0x10
    669c:	06e41a23          	sh	a4,116(s0)
    66a0:	9736                	add	a4,a4,a3
    66a2:	06e41b23          	sh	a4,118(s0)
    66a6:	4818                	lw	a4,16(s0)
    66a8:	c87c                	sw	a5,84(s0)
    66aa:	04040923          	sb	zero,82(s0)
    66ae:	04040c23          	sb	zero,88(s0)
    66b2:	478d                	li	a5,3
    66b4:	02e7f163          	bgeu	a5,a4,66d6 <tcp_receive+0x3d4>
    66b8:	05a45703          	lhu	a4,90(s0)
    66bc:	05c45683          	lhu	a3,92(s0)
    66c0:	04045783          	lhu	a5,64(s0)
    66c4:	02d77663          	bgeu	a4,a3,66f0 <tcp_receive+0x3ee>
    66c8:	97ba                	add	a5,a5,a4
    66ca:	07c2                	slli	a5,a5,0x10
    66cc:	83c1                	srli	a5,a5,0x10
    66ce:	00f77463          	bgeu	a4,a5,66d6 <tcp_receive+0x3d4>
    66d2:	04f41d23          	sh	a5,90(s0)
    66d6:	08042783          	lw	a5,128(s0)
    66da:	e385                	bnez	a5,66fa <tcp_receive+0x3f8>
    66dc:	08042783          	lw	a5,128(s0)
    66e0:	02040e23          	sb	zero,60(s0)
    66e4:	0017b793          	seqz	a5,a5
    66e8:	40f007b3          	neg	a5,a5
    66ec:	bc7e                	sh	a5,62(s0)
    66ee:	b1d5                	j	63d2 <tcp_receive+0xd0>
    66f0:	02f787b3          	mul	a5,a5,a5
    66f4:	02e7c7b3          	div	a5,a5,a4
    66f8:	bfc1                	j	66c8 <tcp_receive+0x3c6>
    66fa:	4b98                	lw	a4,16(a5)
    66fc:	3348                	lbu	a0,5(a4)
    66fe:	235c                	lbu	a5,4(a4)
    6700:	0522                	slli	a0,a0,0x8
    6702:	8d5d                	or	a0,a0,a5
    6704:	237c                	lbu	a5,6(a4)
    6706:	07c2                	slli	a5,a5,0x10
    6708:	8fc9                	or	a5,a5,a0
    670a:	3368                	lbu	a0,7(a4)
    670c:	0562                	slli	a0,a0,0x18
    670e:	8d5d                	or	a0,a0,a5
    6710:	81bfd0ef          	jal	ra,3f2a <ntohl>
    6714:	08042783          	lw	a5,128(s0)
    6718:	892a                	mv	s2,a0
    671a:	00c7da03          	lhu	s4,12(a5)
    671e:	4b9c                	lw	a5,16(a5)
    6720:	27c8                	lbu	a0,12(a5)
    6722:	37dc                	lbu	a5,13(a5)
    6724:	07a2                	slli	a5,a5,0x8
    6726:	8d5d                	or	a0,a0,a5
    6728:	fd0fd0ef          	jal	ra,3ef8 <ntohs>
    672c:	409c                	lw	a5,0(s1)
    672e:	890d                	andi	a0,a0,3
    6730:	00a03533          	snez	a0,a0
    6734:	9552                	add	a0,a0,s4
    6736:	40f90933          	sub	s2,s2,a5
    673a:	954a                	add	a0,a0,s2
    673c:	faa040e3          	bgtz	a0,66dc <tcp_receive+0x3da>
    6740:	08042903          	lw	s2,128(s0)
    6744:	00092783          	lw	a5,0(s2)
    6748:	08f42023          	sw	a5,128(s0)
    674c:	07445783          	lhu	a5,116(s0)
    6750:	c385                	beqz	a5,6770 <tcp_receive+0x46e>
    6752:	01092783          	lw	a5,16(s2)
    6756:	27c8                	lbu	a0,12(a5)
    6758:	37dc                	lbu	a5,13(a5)
    675a:	07a2                	slli	a5,a5,0x8
    675c:	8d5d                	or	a0,a0,a5
    675e:	f9afd0ef          	jal	ra,3ef8 <ntohs>
    6762:	8905                	andi	a0,a0,1
    6764:	c511                	beqz	a0,6770 <tcp_receive+0x46e>
    6766:	07445783          	lhu	a5,116(s0)
    676a:	17fd                	addi	a5,a5,-1
    676c:	06f41a23          	sh	a5,116(s0)
    6770:	00492503          	lw	a0,4(s2)
    6774:	d59fe0ef          	jal	ra,54cc <pbuf_clen>
    6778:	07845783          	lhu	a5,120(s0)
    677c:	40a78533          	sub	a0,a5,a0
    6780:	06a41c23          	sh	a0,120(s0)
    6784:	854a                	mv	a0,s2
    6786:	98cff0ef          	jal	ra,5912 <tcp_seg_free>
    678a:	b7b1                	j	66d6 <tcp_receive+0x3d4>
    678c:	06041a23          	sh	zero,116(s0)
    6790:	b189                	j	63d2 <tcp_receive+0xd0>
    6792:	4b98                	lw	a4,16(a5)
    6794:	0004a903          	lw	s2,0(s1)
    6798:	3348                	lbu	a0,5(a4)
    679a:	235c                	lbu	a5,4(a4)
    679c:	0522                	slli	a0,a0,0x8
    679e:	8d5d                	or	a0,a0,a5
    67a0:	237c                	lbu	a5,6(a4)
    67a2:	07c2                	slli	a5,a5,0x10
    67a4:	8fc9                	or	a5,a5,a0
    67a6:	3368                	lbu	a0,7(a4)
    67a8:	0562                	slli	a0,a0,0x18
    67aa:	8d5d                	or	a0,a0,a5
    67ac:	f7efd0ef          	jal	ra,3f2a <ntohl>
    67b0:	5c7c                	lw	a5,124(s0)
    67b2:	8aaa                	mv	s5,a0
    67b4:	41590933          	sub	s2,s2,s5
    67b8:	00c7da03          	lhu	s4,12(a5)
    67bc:	4b9c                	lw	a5,16(a5)
    67be:	27c8                	lbu	a0,12(a5)
    67c0:	37dc                	lbu	a5,13(a5)
    67c2:	07a2                	slli	a5,a5,0x8
    67c4:	8d5d                	or	a0,a0,a5
    67c6:	f32fd0ef          	jal	ra,3ef8 <ntohs>
    67ca:	890d                	andi	a0,a0,3
    67cc:	00a03533          	snez	a0,a0
    67d0:	9552                	add	a0,a0,s4
    67d2:	40a90933          	sub	s2,s2,a0
    67d6:	c00941e3          	bltz	s2,63d8 <tcp_receive+0xd6>
    67da:	409c                	lw	a5,0(s1)
    67dc:	5038                	lw	a4,96(s0)
    67de:	8f99                	sub	a5,a5,a4
    67e0:	bef04ce3          	bgtz	a5,63d8 <tcp_receive+0xd6>
    67e4:	07c42903          	lw	s2,124(s0)
    67e8:	00092783          	lw	a5,0(s2)
    67ec:	dc7c                	sw	a5,124(s0)
    67ee:	07445783          	lhu	a5,116(s0)
    67f2:	c385                	beqz	a5,6812 <tcp_receive+0x510>
    67f4:	01092783          	lw	a5,16(s2)
    67f8:	27c8                	lbu	a0,12(a5)
    67fa:	37dc                	lbu	a5,13(a5)
    67fc:	07a2                	slli	a5,a5,0x8
    67fe:	8d5d                	or	a0,a0,a5
    6800:	ef8fd0ef          	jal	ra,3ef8 <ntohs>
    6804:	8905                	andi	a0,a0,1
    6806:	c511                	beqz	a0,6812 <tcp_receive+0x510>
    6808:	07445783          	lhu	a5,116(s0)
    680c:	17fd                	addi	a5,a5,-1
    680e:	06f41a23          	sh	a5,116(s0)
    6812:	00492503          	lw	a0,4(s2)
    6816:	cb7fe0ef          	jal	ra,54cc <pbuf_clen>
    681a:	07845783          	lhu	a5,120(s0)
    681e:	40a78533          	sub	a0,a5,a0
    6822:	06a41c23          	sh	a0,120(s0)
    6826:	854a                	mv	a0,s2
    6828:	8eaff0ef          	jal	ra,5912 <tcp_seg_free>
    682c:	b65d                	j	63d2 <tcp_receive+0xd0>
    682e:	443c                	lw	a5,72(s0)
    6830:	4098                	lw	a4,0(s1)
    6832:	8f99                	sub	a5,a5,a4
    6834:	ba07d5e3          	bgez	a5,63de <tcp_receive+0xdc>
    6838:	04c41683          	lh	a3,76(s0)
    683c:	9181d703          	lhu	a4,-1768(gp) # 20000138 <tcp_ticks>
    6840:	0642                	slli	a2,a2,0x10
    6842:	4036d593          	srai	a1,a3,0x3
    6846:	8241                	srli	a2,a2,0x10
    6848:	05c2                	slli	a1,a1,0x10
    684a:	81c1                	srli	a1,a1,0x10
    684c:	40c707b3          	sub	a5,a4,a2
    6850:	8f8d                	sub	a5,a5,a1
    6852:	07c2                	slli	a5,a5,0x10
    6854:	83c1                	srli	a5,a5,0x10
    6856:	01079513          	slli	a0,a5,0x10
    685a:	97b6                	add	a5,a5,a3
    685c:	07c2                	slli	a5,a5,0x10
    685e:	87c1                	srai	a5,a5,0x10
    6860:	8541                	srai	a0,a0,0x10
    6862:	04f41623          	sh	a5,76(s0)
    6866:	00055763          	bgez	a0,6874 <tcp_receive+0x572>
    686a:	8e19                	sub	a2,a2,a4
    686c:	962e                	add	a2,a2,a1
    686e:	01061513          	slli	a0,a2,0x10
    6872:	8541                	srai	a0,a0,0x10
    6874:	04e41683          	lh	a3,78(s0)
    6878:	878d                	srai	a5,a5,0x3
    687a:	04042223          	sw	zero,68(s0)
    687e:	4026d713          	srai	a4,a3,0x2
    6882:	40e68733          	sub	a4,a3,a4
    6886:	972a                	add	a4,a4,a0
    6888:	0742                	slli	a4,a4,0x10
    688a:	8341                	srli	a4,a4,0x10
    688c:	97ba                	add	a5,a5,a4
    688e:	04e41723          	sh	a4,78(s0)
    6892:	04f41823          	sh	a5,80(s0)
    6896:	b6a1                	j	63de <tcp_receive+0xdc>
    6898:	a49e                	sh	a5,8(s1)
    689a:	00049523          	sh	zero,10(s1)
    689e:	8d99                	sub	a1,a1,a4
    68a0:	4084                	lw	s1,0(s1)
    68a2:	b661                	j	642a <tcp_receive+0x128>
    68a4:	40e00733          	neg	a4,a4
    68a8:	01071593          	slli	a1,a4,0x10
    68ac:	b669                	j	6436 <tcp_receive+0x134>
    68ae:	8f95                	sub	a5,a5,a3
    68b0:	bc07d0e3          	bgez	a5,6470 <tcp_receive+0x16e>
    68b4:	02644783          	lbu	a5,38(s0)
    68b8:	8522                	mv	a0,s0
    68ba:	0027e793          	ori	a5,a5,2
    68be:	02f40323          	sb	a5,38(s0)
    68c2:	42a010ef          	jal	ra,7cec <tcp_output>
    68c6:	b66d                	j	6470 <tcp_receive+0x16e>
    68c8:	bee684e3          	beq	a3,a4,64b0 <tcp_receive+0x1ae>
    68cc:	8522                	mv	a0,s0
    68ce:	3ae010ef          	jal	ra,7c7c <tcp_send_empty_ack>
    68d2:	08442483          	lw	s1,132(s0)
    68d6:	1e049463          	bnez	s1,6abe <tcp_receive+0x7bc>
    68da:	20007537          	lui	a0,0x20007
    68de:	4c450513          	addi	a0,a0,1220 # 200074c4 <inseg>
    68e2:	878ff0ef          	jal	ra,595a <tcp_seg_copy>
    68e6:	08a42223          	sw	a0,132(s0)
    68ea:	aac1                	j	6aba <tcp_receive+0x7b8>
    68ec:	197d                	addi	s2,s2,-1
    68ee:	0942                	slli	s2,s2,0x10
    68f0:	01095913          	srli	s2,s2,0x10
    68f4:	b111                	j	64f8 <tcp_receive+0x1f6>
    68f6:	411c                	lw	a5,0(a0)
    68f8:	08f42223          	sw	a5,132(s0)
    68fc:	816ff0ef          	jal	ra,5912 <tcp_seg_free>
    6900:	08442503          	lw	a0,132(s0)
    6904:	f96d                	bnez	a0,68f6 <tcp_receive+0x5f4>
    6906:	0009a703          	lw	a4,0(s3)
    690a:	000a5783          	lhu	a5,0(s4)
    690e:	8522                	mv	a0,s0
    6910:	97ba                	add	a5,a5,a4
    6912:	d41c                	sw	a5,40(s0)
    6914:	345e                	lhu	a5,44(s0)
    6916:	41278933          	sub	s2,a5,s2
    691a:	03241623          	sh	s2,44(s0)
    691e:	f71fe0ef          	jal	ra,588e <tcp_update_rcv_ann_wnd>
    6922:	40dc                	lw	a5,4(s1)
    6924:	279a                	lhu	a4,8(a5)
    6926:	c709                	beqz	a4,6930 <tcp_receive+0x62e>
    6928:	92f1aa23          	sw	a5,-1740(gp) # 20000154 <recv_data>
    692c:	0004a223          	sw	zero,4(s1)
    6930:	489c                	lw	a5,16(s1)
    6932:	27c8                	lbu	a0,12(a5)
    6934:	37dc                	lbu	a5,13(a5)
    6936:	07a2                	slli	a5,a5,0x8
    6938:	8d5d                	or	a0,a0,a5
    693a:	dbefd0ef          	jal	ra,3ef8 <ntohs>
    693e:	8905                	andi	a0,a0,1
    6940:	c519                	beqz	a0,694e <tcp_receive+0x64c>
    6942:	93818793          	addi	a5,gp,-1736 # 20000158 <recv_flags>
    6946:	2398                	lbu	a4,0(a5)
    6948:	02076713          	ori	a4,a4,32
    694c:	a398                	sb	a4,0(a5)
    694e:	4a91                	li	s5,4
    6950:	4b1d                	li	s6,7
    6952:	aa39                	j	6a70 <tcp_receive+0x76e>
    6954:	365c                	lbu	a5,13(a2)
    6956:	2648                	lbu	a0,12(a2)
    6958:	07a2                	slli	a5,a5,0x8
    695a:	8d5d                	or	a0,a0,a5
    695c:	d9cfd0ef          	jal	ra,3ef8 <ntohs>
    6960:	8905                	andi	a0,a0,1
    6962:	c535                	beqz	a0,69ce <tcp_receive+0x6cc>
    6964:	489c                	lw	a5,16(s1)
    6966:	27c8                	lbu	a0,12(a5)
    6968:	37dc                	lbu	a5,13(a5)
    696a:	07a2                	slli	a5,a5,0x8
    696c:	8d5d                	or	a0,a0,a5
    696e:	d8afd0ef          	jal	ra,3ef8 <ntohs>
    6972:	8909                	andi	a0,a0,2
    6974:	ed29                	bnez	a0,69ce <tcp_receive+0x6cc>
    6976:	489c                	lw	a5,16(s1)
    6978:	00d7ca83          	lbu	s5,13(a5)
    697c:	27c8                	lbu	a0,12(a5)
    697e:	0aa2                	slli	s5,s5,0x8
    6980:	00aaeab3          	or	s5,s5,a0
    6984:	855e                	mv	a0,s7
    6986:	d64fd0ef          	jal	ra,3eea <htons>
    698a:	489c                	lw	a5,16(s1)
    698c:	00aafab3          	and	s5,s5,a0
    6990:	27c8                	lbu	a0,12(a5)
    6992:	37dc                	lbu	a5,13(a5)
    6994:	07a2                	slli	a5,a5,0x8
    6996:	8d5d                	or	a0,a0,a5
    6998:	d60fd0ef          	jal	ra,3ef8 <ntohs>
    699c:	03e57513          	andi	a0,a0,62
    69a0:	00156513          	ori	a0,a0,1
    69a4:	d46fd0ef          	jal	ra,3eea <htons>
    69a8:	00aae533          	or	a0,s5,a0
    69ac:	489c                	lw	a5,16(s1)
    69ae:	0542                	slli	a0,a0,0x10
    69b0:	8141                	srli	a0,a0,0x10
    69b2:	00855713          	srli	a4,a0,0x8
    69b6:	a7c8                	sb	a0,12(a5)
    69b8:	b7d8                	sb	a4,13(a5)
    69ba:	00c4da83          	lhu	s5,12(s1)
    69be:	d3afd0ef          	jal	ra,3ef8 <ntohs>
    69c2:	890d                	andi	a0,a0,3
    69c4:	00a03533          	snez	a0,a0
    69c8:	9aaa                	add	s5,s5,a0
    69ca:	015a1023          	sh	s5,0(s4)
    69ce:	000b2a83          	lw	s5,0(s6)
    69d2:	855a                	mv	a0,s6
    69d4:	f3ffe0ef          	jal	ra,5912 <tcp_seg_free>
    69d8:	8b56                	mv	s6,s5
    69da:	b6dd                	j	65c0 <tcp_receive+0x2be>
    69dc:	00f9a023          	sw	a5,0(s3)
    69e0:	375c                	lbu	a5,13(a4)
    69e2:	2748                	lbu	a0,12(a4)
    69e4:	00c4db83          	lhu	s7,12(s1)
    69e8:	07a2                	slli	a5,a5,0x8
    69ea:	8d5d                	or	a0,a0,a5
    69ec:	d0cfd0ef          	jal	ra,3ef8 <ntohs>
    69f0:	541c                	lw	a5,40(s0)
    69f2:	890d                	andi	a0,a0,3
    69f4:	00a03533          	snez	a0,a0
    69f8:	955e                	add	a0,a0,s7
    69fa:	953e                	add	a0,a0,a5
    69fc:	489c                	lw	a5,16(s1)
    69fe:	d408                	sw	a0,40(s0)
    6a00:	00c4db83          	lhu	s7,12(s1)
    6a04:	27c8                	lbu	a0,12(a5)
    6a06:	37dc                	lbu	a5,13(a5)
    6a08:	07a2                	slli	a5,a5,0x8
    6a0a:	8d5d                	or	a0,a0,a5
    6a0c:	cecfd0ef          	jal	ra,3ef8 <ntohs>
    6a10:	345e                	lhu	a5,44(s0)
    6a12:	890d                	andi	a0,a0,3
    6a14:	00a03533          	snez	a0,a0
    6a18:	955e                	add	a0,a0,s7
    6a1a:	40a78533          	sub	a0,a5,a0
    6a1e:	b44a                	sh	a0,44(s0)
    6a20:	8522                	mv	a0,s0
    6a22:	e6dfe0ef          	jal	ra,588e <tcp_update_rcv_ann_wnd>
    6a26:	40cc                	lw	a1,4(s1)
    6a28:	259e                	lhu	a5,8(a1)
    6a2a:	cb89                	beqz	a5,6a3c <tcp_receive+0x73a>
    6a2c:	93418793          	addi	a5,gp,-1740 # 20000154 <recv_data>
    6a30:	4388                	lw	a0,0(a5)
    6a32:	cd35                	beqz	a0,6aae <tcp_receive+0x7ac>
    6a34:	ab5fe0ef          	jal	ra,54e8 <pbuf_cat>
    6a38:	0004a223          	sw	zero,4(s1)
    6a3c:	489c                	lw	a5,16(s1)
    6a3e:	27c8                	lbu	a0,12(a5)
    6a40:	37dc                	lbu	a5,13(a5)
    6a42:	07a2                	slli	a5,a5,0x8
    6a44:	8d5d                	or	a0,a0,a5
    6a46:	cb2fd0ef          	jal	ra,3ef8 <ntohs>
    6a4a:	8905                	andi	a0,a0,1
    6a4c:	cd01                	beqz	a0,6a64 <tcp_receive+0x762>
    6a4e:	93818713          	addi	a4,gp,-1736 # 20000158 <recv_flags>
    6a52:	231c                	lbu	a5,0(a4)
    6a54:	0207e793          	ori	a5,a5,32
    6a58:	a31c                	sb	a5,0(a4)
    6a5a:	481c                	lw	a5,16(s0)
    6a5c:	01579463          	bne	a5,s5,6a64 <tcp_receive+0x762>
    6a60:	01642823          	sw	s6,16(s0)
    6a64:	409c                	lw	a5,0(s1)
    6a66:	8526                	mv	a0,s1
    6a68:	08f42223          	sw	a5,132(s0)
    6a6c:	ea7fe0ef          	jal	ra,5912 <tcp_seg_free>
    6a70:	08442483          	lw	s1,132(s0)
    6a74:	cc99                	beqz	s1,6a92 <tcp_receive+0x790>
    6a76:	4898                	lw	a4,16(s1)
    6a78:	3354                	lbu	a3,5(a4)
    6a7a:	235c                	lbu	a5,4(a4)
    6a7c:	06a2                	slli	a3,a3,0x8
    6a7e:	8edd                	or	a3,a3,a5
    6a80:	237c                	lbu	a5,6(a4)
    6a82:	07c2                	slli	a5,a5,0x10
    6a84:	8edd                	or	a3,a3,a5
    6a86:	337c                	lbu	a5,7(a4)
    6a88:	07e2                	slli	a5,a5,0x18
    6a8a:	8fd5                	or	a5,a5,a3
    6a8c:	5414                	lw	a3,40(s0)
    6a8e:	f4d787e3          	beq	a5,a3,69dc <tcp_receive+0x6da>
    6a92:	02644783          	lbu	a5,38(s0)
    6a96:	0017f713          	andi	a4,a5,1
    6a9a:	cf01                	beqz	a4,6ab2 <tcp_receive+0x7b0>
    6a9c:	9bf9                	andi	a5,a5,-2
    6a9e:	0027e793          	ori	a5,a5,2
    6aa2:	02f40323          	sb	a5,38(s0)
    6aa6:	8522                	mv	a0,s0
    6aa8:	244010ef          	jal	ra,7cec <tcp_output>
    6aac:	a039                	j	6aba <tcp_receive+0x7b8>
    6aae:	c38c                	sw	a1,0(a5)
    6ab0:	b761                	j	6a38 <tcp_receive+0x736>
    6ab2:	0017e793          	ori	a5,a5,1
    6ab6:	02f40323          	sb	a5,38(s0)
    6aba:	f46f906f          	j	200 <__riscv_restore_10>
    6abe:	0009a703          	lw	a4,0(s3)
    6ac2:	4901                	li	s2,0
    6ac4:	fff70513          	addi	a0,a4,-1
    6ac8:	00170813          	addi	a6,a4,1
    6acc:	4890                	lw	a2,16(s1)
    6ace:	3254                	lbu	a3,5(a2)
    6ad0:	225c                	lbu	a5,4(a2)
    6ad2:	06a2                	slli	a3,a3,0x8
    6ad4:	8edd                	or	a3,a3,a5
    6ad6:	227c                	lbu	a5,6(a2)
    6ad8:	07c2                	slli	a5,a5,0x10
    6ada:	8edd                	or	a3,a3,a5
    6adc:	327c                	lbu	a5,7(a2)
    6ade:	07e2                	slli	a5,a5,0x18
    6ae0:	8fd5                	or	a5,a5,a3
    6ae2:	02e79c63          	bne	a5,a4,6b1a <tcp_receive+0x818>
    6ae6:	20007537          	lui	a0,0x20007
    6aea:	4c450793          	addi	a5,a0,1220 # 200074c4 <inseg>
    6aee:	27da                	lhu	a4,12(a5)
    6af0:	24de                	lhu	a5,12(s1)
    6af2:	fce7f4e3          	bgeu	a5,a4,6aba <tcp_receive+0x7b8>
    6af6:	4c450513          	addi	a0,a0,1220
    6afa:	e61fe0ef          	jal	ra,595a <tcp_seg_copy>
    6afe:	dd55                	beqz	a0,6aba <tcp_receive+0x7b8>
    6b00:	00090a63          	beqz	s2,6b14 <tcp_receive+0x812>
    6b04:	00a92023          	sw	a0,0(s2)
    6b08:	85a6                	mv	a1,s1
    6b0a:	f2aff0ef          	jal	ra,6234 <tcp_oos_insert_segment>
    6b0e:	b775                	j	6aba <tcp_receive+0x7b8>
    6b10:	84b6                	mv	s1,a3
    6b12:	bf6d                	j	6acc <tcp_receive+0x7ca>
    6b14:	08a42223          	sw	a0,132(s0)
    6b18:	bfc5                	j	6b08 <tcp_receive+0x806>
    6b1a:	02091063          	bnez	s2,6b3a <tcp_receive+0x838>
    6b1e:	40f706b3          	sub	a3,a4,a5
    6b22:	0806de63          	bgez	a3,6bbe <tcp_receive+0x8bc>
    6b26:	20007537          	lui	a0,0x20007
    6b2a:	4c450513          	addi	a0,a0,1220 # 200074c4 <inseg>
    6b2e:	e2dfe0ef          	jal	ra,595a <tcp_seg_copy>
    6b32:	d541                	beqz	a0,6aba <tcp_receive+0x7b8>
    6b34:	08a42223          	sw	a0,132(s0)
    6b38:	bfc1                	j	6b08 <tcp_receive+0x806>
    6b3a:	01092883          	lw	a7,16(s2)
    6b3e:	0058c583          	lbu	a1,5(a7)
    6b42:	0048c683          	lbu	a3,4(a7)
    6b46:	05a2                	slli	a1,a1,0x8
    6b48:	8dd5                	or	a1,a1,a3
    6b4a:	0068c683          	lbu	a3,6(a7)
    6b4e:	06c2                	slli	a3,a3,0x10
    6b50:	8dd5                	or	a1,a1,a3
    6b52:	0078c683          	lbu	a3,7(a7)
    6b56:	06e2                	slli	a3,a3,0x18
    6b58:	8ecd                	or	a3,a3,a1
    6b5a:	40d506b3          	sub	a3,a0,a3
    6b5e:	0606c063          	bltz	a3,6bbe <tcp_receive+0x8bc>
    6b62:	40f806b3          	sub	a3,a6,a5
    6b66:	04d04c63          	bgtz	a3,6bbe <tcp_receive+0x8bc>
    6b6a:	20007537          	lui	a0,0x20007
    6b6e:	4c450513          	addi	a0,a0,1220 # 200074c4 <inseg>
    6b72:	de9fe0ef          	jal	ra,595a <tcp_seg_copy>
    6b76:	842a                	mv	s0,a0
    6b78:	d129                	beqz	a0,6aba <tcp_receive+0x7b8>
    6b7a:	01092703          	lw	a4,16(s2)
    6b7e:	335c                	lbu	a5,5(a4)
    6b80:	234c                	lbu	a1,4(a4)
    6b82:	07a2                	slli	a5,a5,0x8
    6b84:	8ddd                	or	a1,a1,a5
    6b86:	237c                	lbu	a5,6(a4)
    6b88:	07c2                	slli	a5,a5,0x10
    6b8a:	8fcd                	or	a5,a5,a1
    6b8c:	336c                	lbu	a1,7(a4)
    6b8e:	00c95703          	lhu	a4,12(s2)
    6b92:	05e2                	slli	a1,a1,0x18
    6b94:	8fcd                	or	a5,a5,a1
    6b96:	0009a583          	lw	a1,0(s3)
    6b9a:	973e                	add	a4,a4,a5
    6b9c:	8f0d                	sub	a4,a4,a1
    6b9e:	00e05b63          	blez	a4,6bb4 <tcp_receive+0x8b2>
    6ba2:	8d9d                	sub	a1,a1,a5
    6ba4:	05c2                	slli	a1,a1,0x10
    6ba6:	00492503          	lw	a0,4(s2)
    6baa:	81c1                	srli	a1,a1,0x10
    6bac:	00b91623          	sh	a1,12(s2)
    6bb0:	8c5fe0ef          	jal	ra,5474 <pbuf_realloc>
    6bb4:	00892023          	sw	s0,0(s2)
    6bb8:	85a6                	mv	a1,s1
    6bba:	8522                	mv	a0,s0
    6bbc:	b7b9                	j	6b0a <tcp_receive+0x808>
    6bbe:	4094                	lw	a3,0(s1)
    6bc0:	8926                	mv	s2,s1
    6bc2:	f6b9                	bnez	a3,6b10 <tcp_receive+0x80e>
    6bc4:	40f707b3          	sub	a5,a4,a5
    6bc8:	eef059e3          	blez	a5,6aba <tcp_receive+0x7b8>
    6bcc:	365c                	lbu	a5,13(a2)
    6bce:	2648                	lbu	a0,12(a2)
    6bd0:	07a2                	slli	a5,a5,0x8
    6bd2:	8d5d                	or	a0,a0,a5
    6bd4:	b24fd0ef          	jal	ra,3ef8 <ntohs>
    6bd8:	8905                	andi	a0,a0,1
    6bda:	ee0510e3          	bnez	a0,6aba <tcp_receive+0x7b8>
    6bde:	20007537          	lui	a0,0x20007
    6be2:	4c450513          	addi	a0,a0,1220 # 200074c4 <inseg>
    6be6:	d75fe0ef          	jal	ra,595a <tcp_seg_copy>
    6bea:	c088                	sw	a0,0(s1)
    6bec:	ec0507e3          	beqz	a0,6aba <tcp_receive+0x7b8>
    6bf0:	4898                	lw	a4,16(s1)
    6bf2:	335c                	lbu	a5,5(a4)
    6bf4:	234c                	lbu	a1,4(a4)
    6bf6:	07a2                	slli	a5,a5,0x8
    6bf8:	8ddd                	or	a1,a1,a5
    6bfa:	237c                	lbu	a5,6(a4)
    6bfc:	07c2                	slli	a5,a5,0x10
    6bfe:	8fcd                	or	a5,a5,a1
    6c00:	336c                	lbu	a1,7(a4)
    6c02:	24da                	lhu	a4,12(s1)
    6c04:	05e2                	slli	a1,a1,0x18
    6c06:	8fcd                	or	a5,a5,a1
    6c08:	0009a583          	lw	a1,0(s3)
    6c0c:	973e                	add	a4,a4,a5
    6c0e:	8f0d                	sub	a4,a4,a1
    6c10:	eae055e3          	blez	a4,6aba <tcp_receive+0x7b8>
    6c14:	8d9d                	sub	a1,a1,a5
    6c16:	05c2                	slli	a1,a1,0x10
    6c18:	40c8                	lw	a0,4(s1)
    6c1a:	81c1                	srli	a1,a1,0x10
    6c1c:	a4ce                	sh	a1,12(s1)
    6c1e:	857fe0ef          	jal	ra,5474 <pbuf_realloc>
    6c22:	bd61                	j	6aba <tcp_receive+0x7b8>
    6c24:	8522                	mv	a0,s0
    6c26:	056010ef          	jal	ra,7c7c <tcp_send_empty_ack>
    6c2a:	bd41                	j	6aba <tcp_receive+0x7b8>
    6c2c:	40d78733          	sub	a4,a5,a3
    6c30:	00074863          	bltz	a4,6c40 <tcp_receive+0x93e>
    6c34:	345a                	lhu	a4,44(s0)
    6c36:	0785                	addi	a5,a5,1
    6c38:	8f95                	sub	a5,a5,a3
    6c3a:	8f99                	sub	a5,a5,a4
    6c3c:	e6f05fe3          	blez	a5,6aba <tcp_receive+0x7b8>
    6c40:	02644783          	lbu	a5,38(s0)
    6c44:	bda9                	j	6a9e <tcp_receive+0x79c>

00006c46 <tcp_parseopt.isra.0>:
tcp_parseopt.isra.0():
    6c46:	daaf92ef          	jal	t0,1f0 <__riscv_save_0>
    6c4a:	94418493          	addi	s1,gp,-1724 # 20000164 <tcphdr>
    6c4e:	0004a903          	lw	s2,0(s1)
    6c52:	842a                	mv	s0,a0
    6c54:	00d94783          	lbu	a5,13(s2)
    6c58:	00c94503          	lbu	a0,12(s2)
    6c5c:	07a2                	slli	a5,a5,0x8
    6c5e:	8d5d                	or	a0,a0,a5
    6c60:	a98fd0ef          	jal	ra,3ef8 <ntohs>
    6c64:	8131                	srli	a0,a0,0xc
    6c66:	0542                	slli	a0,a0,0x10
    6c68:	8141                	srli	a0,a0,0x10
    6c6a:	4795                	li	a5,5
    6c6c:	02a7fc63          	bgeu	a5,a0,6ca4 <tcp_parseopt.isra.0+0x5e>
    6c70:	409c                	lw	a5,0(s1)
    6c72:	0951                	addi	s2,s2,20
    6c74:	27c8                	lbu	a0,12(a5)
    6c76:	37dc                	lbu	a5,13(a5)
    6c78:	07a2                	slli	a5,a5,0x8
    6c7a:	8d5d                	or	a0,a0,a5
    6c7c:	a7cfd0ef          	jal	ra,3ef8 <ntohs>
    6c80:	200077b7          	lui	a5,0x20007
    6c84:	4447a603          	lw	a2,1092(a5) # 20007444 <WCHCfg+0x4>
    6c88:	8131                	srli	a0,a0,0xc
    6c8a:	156d                	addi	a0,a0,-5
    6c8c:	050a                	slli	a0,a0,0x2
    6c8e:	0542                	slli	a0,a0,0x10
    6c90:	01061593          	slli	a1,a2,0x10
    6c94:	8141                	srli	a0,a0,0x10
    6c96:	81c1                	srli	a1,a1,0x10
    6c98:	4781                	li	a5,0
    6c9a:	4805                	li	a6,1
    6c9c:	4889                	li	a7,2
    6c9e:	4311                	li	t1,4
    6ca0:	00a7e463          	bltu	a5,a0,6ca8 <tcp_parseopt.isra.0+0x62>
    6ca4:	d70f906f          	j	214 <__riscv_restore_0>
    6ca8:	00f906b3          	add	a3,s2,a5
    6cac:	2298                	lbu	a4,0(a3)
    6cae:	01070963          	beq	a4,a6,6cc0 <tcp_parseopt.isra.0+0x7a>
    6cb2:	db6d                	beqz	a4,6ca4 <tcp_parseopt.isra.0+0x5e>
    6cb4:	01170a63          	beq	a4,a7,6cc8 <tcp_parseopt.isra.0+0x82>
    6cb8:	3298                	lbu	a4,1(a3)
    6cba:	d76d                	beqz	a4,6ca4 <tcp_parseopt.isra.0+0x5e>
    6cbc:	97ba                	add	a5,a5,a4
    6cbe:	a011                	j	6cc2 <tcp_parseopt.isra.0+0x7c>
    6cc0:	0785                	addi	a5,a5,1
    6cc2:	07c2                	slli	a5,a5,0x10
    6cc4:	83c1                	srli	a5,a5,0x10
    6cc6:	bfe9                	j	6ca0 <tcp_parseopt.isra.0+0x5a>
    6cc8:	3298                	lbu	a4,1(a3)
    6cca:	fc671de3          	bne	a4,t1,6ca4 <tcp_parseopt.isra.0+0x5e>
    6cce:	00378713          	addi	a4,a5,3
    6cd2:	fca759e3          	bge	a4,a0,6ca4 <tcp_parseopt.isra.0+0x5e>
    6cd6:	22b8                	lbu	a4,2(a3)
    6cd8:	32b4                	lbu	a3,3(a3)
    6cda:	0722                	slli	a4,a4,0x8
    6cdc:	8f55                	or	a4,a4,a3
    6cde:	00e66363          	bltu	a2,a4,6ce4 <tcp_parseopt.isra.0+0x9e>
    6ce2:	e311                	bnez	a4,6ce6 <tcp_parseopt.isra.0+0xa0>
    6ce4:	872e                	mv	a4,a1
    6ce6:	a01a                	sh	a4,0(s0)
    6ce8:	0791                	addi	a5,a5,4
    6cea:	bfe1                	j	6cc2 <tcp_parseopt.isra.0+0x7c>

00006cec <tcp_input>:
tcp_input():
    6cec:	cd4f92ef          	jal	t0,1c0 <__riscv_save_12>
    6cf0:	4140                	lw	s0,4(a0)
    6cf2:	8baa                	mv	s7,a0
    6cf4:	301c                	lbu	a5,1(s0)
    6cf6:	2008                	lbu	a0,0(s0)
    6cf8:	1141                	addi	sp,sp,-16
    6cfa:	07a2                	slli	a5,a5,0x8
    6cfc:	93018913          	addi	s2,gp,-1744 # 20000150 <iphdr>
    6d00:	8d5d                	or	a0,a0,a5
    6d02:	89ae                	mv	s3,a1
    6d04:	00892023          	sw	s0,0(s2)
    6d08:	9f0fd0ef          	jal	ra,3ef8 <ntohs>
    6d0c:	00092783          	lw	a5,0(s2)
    6d10:	8119                	srli	a0,a0,0x6
    6d12:	03c57513          	andi	a0,a0,60
    6d16:	942a                	add	s0,s0,a0
    6d18:	2388                	lbu	a0,0(a5)
    6d1a:	339c                	lbu	a5,1(a5)
    6d1c:	9481a223          	sw	s0,-1724(gp) # 20000164 <tcphdr>
    6d20:	07a2                	slli	a5,a5,0x8
    6d22:	8d5d                	or	a0,a0,a5
    6d24:	9d4fd0ef          	jal	ra,3ef8 <ntohs>
    6d28:	00655593          	srli	a1,a0,0x6
    6d2c:	03c5f593          	andi	a1,a1,60
    6d30:	40b005b3          	neg	a1,a1
    6d34:	855e                	mv	a0,s7
    6d36:	d42fe0ef          	jal	ra,5278 <pbuf_header>
    6d3a:	e511                	bnez	a0,6d46 <tcp_input+0x5a>
    6d3c:	008bd703          	lhu	a4,8(s7)
    6d40:	47cd                	li	a5,19
    6d42:	00e7e863          	bltu	a5,a4,6d52 <tcp_input+0x66>
    6d46:	855e                	mv	a0,s7
    6d48:	d9efe0ef          	jal	ra,52e6 <pbuf_free>
    6d4c:	0141                	addi	sp,sp,16
    6d4e:	caef906f          	j	1fc <__riscv_restore_12>
    6d52:	93018b13          	addi	s6,gp,-1744 # 20000150 <iphdr>
    6d56:	000b2503          	lw	a0,0(s6)
    6d5a:	85ce                	mv	a1,s3
    6d5c:	0541                	addi	a0,a0,16
    6d5e:	e4efd0ef          	jal	ra,43ac <ip_addr_isbroadcast>
    6d62:	f175                	bnez	a0,6d46 <tcp_input+0x5a>
    6d64:	000b2703          	lw	a4,0(s6)
    6d68:	f0000537          	lui	a0,0xf0000
    6d6c:	3b1c                	lbu	a5,17(a4)
    6d6e:	2b00                	lbu	s0,16(a4)
    6d70:	07a2                	slli	a5,a5,0x8
    6d72:	8fc1                	or	a5,a5,s0
    6d74:	2b20                	lbu	s0,18(a4)
    6d76:	0442                	slli	s0,s0,0x10
    6d78:	8fc1                	or	a5,a5,s0
    6d7a:	3b20                	lbu	s0,19(a4)
    6d7c:	0462                	slli	s0,s0,0x18
    6d7e:	8c5d                	or	s0,s0,a5
    6d80:	9aafd0ef          	jal	ra,3f2a <ntohl>
    6d84:	8c69                	and	s0,s0,a0
    6d86:	e0000537          	lui	a0,0xe0000
    6d8a:	9a0fd0ef          	jal	ra,3f2a <ntohl>
    6d8e:	faa40ce3          	beq	s0,a0,6d46 <tcp_input+0x5a>
    6d92:	000b2583          	lw	a1,0(s6)
    6d96:	008bd703          	lhu	a4,8(s7)
    6d9a:	4699                	li	a3,6
    6d9c:	01058613          	addi	a2,a1,16
    6da0:	855e                	mv	a0,s7
    6da2:	05b1                	addi	a1,a1,12
    6da4:	5f9010ef          	jal	ra,8b9c <inet_chksum_pseudo>
    6da8:	fd59                	bnez	a0,6d46 <tcp_input+0x5a>
    6daa:	94418493          	addi	s1,gp,-1724 # 20000164 <tcphdr>
    6dae:	409c                	lw	a5,0(s1)
    6db0:	27c8                	lbu	a0,12(a5)
    6db2:	37dc                	lbu	a5,13(a5)
    6db4:	07a2                	slli	a5,a5,0x8
    6db6:	8d5d                	or	a0,a0,a5
    6db8:	940fd0ef          	jal	ra,3ef8 <ntohs>
    6dbc:	8131                	srli	a0,a0,0xc
    6dbe:	55f1                	li	a1,-4
    6dc0:	02b505b3          	mul	a1,a0,a1
    6dc4:	855e                	mv	a0,s7
    6dc6:	05c2                	slli	a1,a1,0x10
    6dc8:	85c1                	srai	a1,a1,0x10
    6dca:	caefe0ef          	jal	ra,5278 <pbuf_header>
    6dce:	fd25                	bnez	a0,6d46 <tcp_input+0x5a>
    6dd0:	4080                	lw	s0,0(s1)
    6dd2:	301c                	lbu	a5,1(s0)
    6dd4:	2008                	lbu	a0,0(s0)
    6dd6:	07a2                	slli	a5,a5,0x8
    6dd8:	8d5d                	or	a0,a0,a5
    6dda:	91efd0ef          	jal	ra,3ef8 <ntohs>
    6dde:	a008                	sb	a0,0(s0)
    6de0:	8121                	srli	a0,a0,0x8
    6de2:	b008                	sb	a0,1(s0)
    6de4:	4080                	lw	s0,0(s1)
    6de6:	303c                	lbu	a5,3(s0)
    6de8:	2028                	lbu	a0,2(s0)
    6dea:	07a2                	slli	a5,a5,0x8
    6dec:	8d5d                	or	a0,a0,a5
    6dee:	90afd0ef          	jal	ra,3ef8 <ntohs>
    6df2:	a028                	sb	a0,2(s0)
    6df4:	8121                	srli	a0,a0,0x8
    6df6:	b028                	sb	a0,3(s0)
    6df8:	4080                	lw	s0,0(s1)
    6dfa:	3048                	lbu	a0,5(s0)
    6dfc:	205c                	lbu	a5,4(s0)
    6dfe:	0522                	slli	a0,a0,0x8
    6e00:	8d5d                	or	a0,a0,a5
    6e02:	207c                	lbu	a5,6(s0)
    6e04:	07c2                	slli	a5,a5,0x10
    6e06:	8fc9                	or	a5,a5,a0
    6e08:	3068                	lbu	a0,7(s0)
    6e0a:	0562                	slli	a0,a0,0x18
    6e0c:	8d5d                	or	a0,a0,a5
    6e0e:	91cfd0ef          	jal	ra,3f2a <ntohl>
    6e12:	00855793          	srli	a5,a0,0x8
    6e16:	b05c                	sb	a5,5(s0)
    6e18:	01055793          	srli	a5,a0,0x10
    6e1c:	a07c                	sb	a5,6(s0)
    6e1e:	01855793          	srli	a5,a0,0x18
    6e22:	a048                	sb	a0,4(s0)
    6e24:	b07c                	sb	a5,7(s0)
    6e26:	4080                	lw	s0,0(s1)
    6e28:	92a1ae23          	sw	a0,-1732(gp) # 2000015c <seqno>
    6e2c:	93c18a93          	addi	s5,gp,-1732 # 2000015c <seqno>
    6e30:	3408                	lbu	a0,9(s0)
    6e32:	241c                	lbu	a5,8(s0)
    6e34:	0522                	slli	a0,a0,0x8
    6e36:	8d5d                	or	a0,a0,a5
    6e38:	243c                	lbu	a5,10(s0)
    6e3a:	07c2                	slli	a5,a5,0x10
    6e3c:	8fc9                	or	a5,a5,a0
    6e3e:	3428                	lbu	a0,11(s0)
    6e40:	0562                	slli	a0,a0,0x18
    6e42:	8d5d                	or	a0,a0,a5
    6e44:	8e6fd0ef          	jal	ra,3f2a <ntohl>
    6e48:	00855793          	srli	a5,a0,0x8
    6e4c:	b41c                	sb	a5,9(s0)
    6e4e:	01055793          	srli	a5,a0,0x10
    6e52:	a43c                	sb	a5,10(s0)
    6e54:	01855793          	srli	a5,a0,0x18
    6e58:	a408                	sb	a0,8(s0)
    6e5a:	b43c                	sb	a5,11(s0)
    6e5c:	4080                	lw	s0,0(s1)
    6e5e:	92a1a423          	sw	a0,-1752(gp) # 20000148 <ackno>
    6e62:	92818913          	addi	s2,gp,-1752 # 20000148 <ackno>
    6e66:	347c                	lbu	a5,15(s0)
    6e68:	2468                	lbu	a0,14(s0)
    6e6a:	07a2                	slli	a5,a5,0x8
    6e6c:	8d5d                	or	a0,a0,a5
    6e6e:	88afd0ef          	jal	ra,3ef8 <ntohs>
    6e72:	409c                	lw	a5,0(s1)
    6e74:	a468                	sb	a0,14(s0)
    6e76:	8121                	srli	a0,a0,0x8
    6e78:	b468                	sb	a0,15(s0)
    6e7a:	27c8                	lbu	a0,12(a5)
    6e7c:	37dc                	lbu	a5,13(a5)
    6e7e:	07a2                	slli	a5,a5,0x8
    6e80:	8d5d                	or	a0,a0,a5
    6e82:	876fd0ef          	jal	ra,3ef8 <ntohs>
    6e86:	0ff57893          	andi	a7,a0,255
    6e8a:	008bd503          	lhu	a0,8(s7)
    6e8e:	0038f593          	andi	a1,a7,3
    6e92:	00b035b3          	snez	a1,a1
    6e96:	95aa                	add	a1,a1,a0
    6e98:	90c1a303          	lw	t1,-1780(gp) # 2000012c <tcp_active_pcbs>
    6e9c:	05c2                	slli	a1,a1,0x10
    6e9e:	4094                	lw	a3,0(s1)
    6ea0:	000b2803          	lw	a6,0(s6)
    6ea4:	03f8f793          	andi	a5,a7,63
    6ea8:	81c1                	srli	a1,a1,0x10
    6eaa:	92f18623          	sb	a5,-1748(gp) # 2000014c <flags>
    6eae:	94b19423          	sh	a1,-1720(gp) # 20000168 <tcplen>
    6eb2:	841a                	mv	s0,t1
    6eb4:	4601                	li	a2,0
    6eb6:	92c18c93          	addi	s9,gp,-1748 # 2000014c <flags>
    6eba:	94818c13          	addi	s8,gp,-1720 # 20000168 <tcplen>
    6ebe:	e401                	bnez	s0,6ec6 <tcp_input+0x1da>
    6ec0:	9241a503          	lw	a0,-1756(gp) # 20000144 <tcp_tw_pcbs>
    6ec4:	aad9                	j	709a <tcp_input+0x3ae>
    6ec6:	329c                	lbu	a5,1(a3)
    6ec8:	0006ce03          	lbu	t3,0(a3)
    6ecc:	305a                	lhu	a4,36(s0)
    6ece:	07a2                	slli	a5,a5,0x8
    6ed0:	01c7e7b3          	or	a5,a5,t3
    6ed4:	0ef71963          	bne	a4,a5,6fc6 <tcp_input+0x2da>
    6ed8:	32bc                	lbu	a5,3(a3)
    6eda:	0026ce03          	lbu	t3,2(a3)
    6ede:	2c5a                	lhu	a4,28(s0)
    6ee0:	07a2                	slli	a5,a5,0x8
    6ee2:	01c7e7b3          	or	a5,a5,t3
    6ee6:	0ef71063          	bne	a4,a5,6fc6 <tcp_input+0x2da>
    6eea:	00d84703          	lbu	a4,13(a6)
    6eee:	00c84783          	lbu	a5,12(a6)
    6ef2:	0722                	slli	a4,a4,0x8
    6ef4:	8f5d                	or	a4,a4,a5
    6ef6:	00e84783          	lbu	a5,14(a6)
    6efa:	07c2                	slli	a5,a5,0x10
    6efc:	8f5d                	or	a4,a4,a5
    6efe:	00f84783          	lbu	a5,15(a6)
    6f02:	07e2                	slli	a5,a5,0x18
    6f04:	8fd9                	or	a5,a5,a4
    6f06:	4058                	lw	a4,4(s0)
    6f08:	0af71f63          	bne	a4,a5,6fc6 <tcp_input+0x2da>
    6f0c:	01184703          	lbu	a4,17(a6)
    6f10:	01084783          	lbu	a5,16(a6)
    6f14:	0722                	slli	a4,a4,0x8
    6f16:	8f5d                	or	a4,a4,a5
    6f18:	01284783          	lbu	a5,18(a6)
    6f1c:	07c2                	slli	a5,a5,0x10
    6f1e:	8f5d                	or	a4,a4,a5
    6f20:	01384783          	lbu	a5,19(a6)
    6f24:	07e2                	slli	a5,a5,0x18
    6f26:	8fd9                	or	a5,a5,a4
    6f28:	4018                	lw	a4,0(s0)
    6f2a:	08f71e63          	bne	a4,a5,6fc6 <tcp_input+0x2da>
    6f2e:	c619                	beqz	a2,6f3c <tcp_input+0x250>
    6f30:	445c                	lw	a5,12(s0)
    6f32:	9081a623          	sw	s0,-1780(gp) # 2000012c <tcp_active_pcbs>
    6f36:	c65c                	sw	a5,12(a2)
    6f38:	00642623          	sw	t1,12(s0)
    6f3c:	004ba703          	lw	a4,4(s7)
    6f40:	20007db7          	lui	s11,0x20007
    6f44:	08842603          	lw	a2,136(s0)
    6f48:	4c4d8793          	addi	a5,s11,1220 # 200074c4 <inseg>
    6f4c:	9201aa23          	sw	zero,-1740(gp) # 20000154 <recv_data>
    6f50:	92018c23          	sb	zero,-1736(gp) # 20000158 <recv_flags>
    6f54:	0007a023          	sw	zero,0(a5)
    6f58:	a7ca                	sh	a0,12(a5)
    6f5a:	c798                	sw	a4,8(a5)
    6f5c:	0177a223          	sw	s7,4(a5)
    6f60:	cb94                	sw	a3,16(a5)
    6f62:	93818a13          	addi	s4,gp,-1736 # 20000158 <recv_flags>
    6f66:	93418d13          	addi	s10,gp,-1740 # 20000154 <recv_data>
    6f6a:	4c4d8d93          	addi	s11,s11,1220
    6f6e:	ce09                	beqz	a2,6f88 <tcp_input+0x29c>
    6f70:	09042783          	lw	a5,144(s0)
    6f74:	4681                	li	a3,0
    6f76:	85a2                	mv	a1,s0
    6f78:	2e078f63          	beqz	a5,7276 <tcp_input+0x58a>
    6f7c:	4c08                	lw	a0,24(s0)
    6f7e:	9782                	jalr	a5
    6f80:	dc0513e3          	bnez	a0,6d46 <tcp_input+0x5a>
    6f84:	08042423          	sw	zero,136(s0)
    6f88:	000cc783          	lbu	a5,0(s9)
    6f8c:	9481a023          	sw	s0,-1728(gp) # 20000160 <tcp_input_pcb>
    6f90:	0047f713          	andi	a4,a5,4
    6f94:	94018b93          	addi	s7,gp,-1728 # 20000160 <tcp_input_pcb>
    6f98:	34070263          	beqz	a4,72dc <tcp_input+0x5f0>
    6f9c:	4818                	lw	a4,16(s0)
    6f9e:	4789                	li	a5,2
    6fa0:	2cf71f63          	bne	a4,a5,727e <tcp_input+0x592>
    6fa4:	5038                	lw	a4,96(s0)
    6fa6:	00092783          	lw	a5,0(s2)
    6faa:	2ef71463          	bne	a4,a5,7292 <tcp_input+0x5a6>
    6fae:	000a4783          	lbu	a5,0(s4)
    6fb2:	0087e793          	ori	a5,a5,8
    6fb6:	00fa0023          	sb	a5,0(s4)
    6fba:	02644783          	lbu	a5,38(s0)
    6fbe:	9bf9                	andi	a5,a5,-2
    6fc0:	02f40323          	sb	a5,38(s0)
    6fc4:	a4f9                	j	7292 <tcp_input+0x5a6>
    6fc6:	8622                	mv	a2,s0
    6fc8:	4440                	lw	s0,12(s0)
    6fca:	bdd5                	j	6ebe <tcp_input+0x1d2>
    6fcc:	3298                	lbu	a4,1(a3)
    6fce:	229c                	lbu	a5,0(a3)
    6fd0:	0722                	slli	a4,a4,0x8
    6fd2:	8f5d                	or	a4,a4,a5
    6fd4:	315e                	lhu	a5,36(a0)
    6fd6:	0ce79163          	bne	a5,a4,7098 <tcp_input+0x3ac>
    6fda:	32b0                	lbu	a2,3(a3)
    6fdc:	22b8                	lbu	a4,2(a3)
    6fde:	0622                	slli	a2,a2,0x8
    6fe0:	8e59                	or	a2,a2,a4
    6fe2:	2d5a                	lhu	a4,28(a0)
    6fe4:	0ac71a63          	bne	a4,a2,7098 <tcp_input+0x3ac>
    6fe8:	00d84303          	lbu	t1,13(a6)
    6fec:	00c84603          	lbu	a2,12(a6)
    6ff0:	0322                	slli	t1,t1,0x8
    6ff2:	00c36333          	or	t1,t1,a2
    6ff6:	00e84603          	lbu	a2,14(a6)
    6ffa:	0642                	slli	a2,a2,0x10
    6ffc:	00666333          	or	t1,a2,t1
    7000:	00f84603          	lbu	a2,15(a6)
    7004:	0662                	slli	a2,a2,0x18
    7006:	00666633          	or	a2,a2,t1
    700a:	00452303          	lw	t1,4(a0) # e0000004 <_eusrstack+0xbfff8004>
    700e:	08c31563          	bne	t1,a2,7098 <tcp_input+0x3ac>
    7012:	01184303          	lbu	t1,17(a6)
    7016:	01084603          	lbu	a2,16(a6)
    701a:	0322                	slli	t1,t1,0x8
    701c:	00c36333          	or	t1,t1,a2
    7020:	01284603          	lbu	a2,18(a6)
    7024:	0642                	slli	a2,a2,0x10
    7026:	00666333          	or	t1,a2,t1
    702a:	01384603          	lbu	a2,19(a6)
    702e:	0662                	slli	a2,a2,0x18
    7030:	00666633          	or	a2,a2,t1
    7034:	00052303          	lw	t1,0(a0)
    7038:	06c31063          	bne	t1,a2,7098 <tcp_input+0x3ac>
    703c:	0048f693          	andi	a3,a7,4
    7040:	d00693e3          	bnez	a3,6d46 <tcp_input+0x5a>
    7044:	0028f693          	andi	a3,a7,2
    7048:	c695                	beqz	a3,7074 <tcp_input+0x388>
    704a:	000aa883          	lw	a7,0(s5)
    704e:	5514                	lw	a3,40(a0)
    7050:	40d886b3          	sub	a3,a7,a3
    7054:	0206c763          	bltz	a3,7082 <tcp_input+0x396>
    7058:	3552                	lhu	a2,44(a0)
    705a:	8e91                	sub	a3,a3,a2
    705c:	02d04363          	bgtz	a3,7082 <tcp_input+0x396>
    7060:	00c80693          	addi	a3,a6,12
    7064:	01080613          	addi	a2,a6,16
    7068:	95c6                	add	a1,a1,a7
    706a:	00092503          	lw	a0,0(s2)
    706e:	7e7000ef          	jal	ra,8054 <tcp_rst>
    7072:	b9d1                	j	6d46 <tcp_input+0x5a>
    7074:	0018f893          	andi	a7,a7,1
    7078:	00088563          	beqz	a7,7082 <tcp_input+0x396>
    707c:	9181a783          	lw	a5,-1768(gp) # 20000138 <tcp_ticks>
    7080:	dd1c                	sw	a5,56(a0)
    7082:	cc0582e3          	beqz	a1,6d46 <tcp_input+0x5a>
    7086:	02654783          	lbu	a5,38(a0)
    708a:	0027e793          	ori	a5,a5,2
    708e:	02f50323          	sb	a5,38(a0)
    7092:	45b000ef          	jal	ra,7cec <tcp_output>
    7096:	b945                	j	6d46 <tcp_input+0x5a>
    7098:	4548                	lw	a0,12(a0)
    709a:	f90d                	bnez	a0,6fcc <tcp_input+0x2e0>
    709c:	9141a303          	lw	t1,-1772(gp) # 20000134 <tcp_listen_pcbs>
    70a0:	8e3e                	mv	t3,a5
    70a2:	8a1a                	mv	s4,t1
    70a4:	000a1c63          	bnez	s4,70bc <tcp_input+0x3d0>
    70a8:	36dc                	lbu	a5,13(a3)
    70aa:	26c8                	lbu	a0,12(a3)
    70ac:	07a2                	slli	a5,a5,0x8
    70ae:	8d5d                	or	a0,a0,a5
    70b0:	e49fc0ef          	jal	ra,3ef8 <ntohs>
    70b4:	8911                	andi	a0,a0,4
    70b6:	c80518e3          	bnez	a0,6d46 <tcp_input+0x5a>
    70ba:	a045                	j	715a <tcp_input+0x46e>
    70bc:	000a2603          	lw	a2,0(s4)
    70c0:	c20d                	beqz	a2,70e2 <tcp_input+0x3f6>
    70c2:	01184703          	lbu	a4,17(a6)
    70c6:	01084783          	lbu	a5,16(a6)
    70ca:	0722                	slli	a4,a4,0x8
    70cc:	8f5d                	or	a4,a4,a5
    70ce:	01284783          	lbu	a5,18(a6)
    70d2:	07c2                	slli	a5,a5,0x10
    70d4:	8f5d                	or	a4,a4,a5
    70d6:	01384783          	lbu	a5,19(a6)
    70da:	07e2                	slli	a5,a5,0x18
    70dc:	8fd9                	or	a5,a5,a4
    70de:	18f61863          	bne	a2,a5,726e <tcp_input+0x582>
    70e2:	32b8                	lbu	a4,3(a3)
    70e4:	22b0                	lbu	a2,2(a3)
    70e6:	01ca5783          	lhu	a5,28(s4)
    70ea:	0722                	slli	a4,a4,0x8
    70ec:	8f51                	or	a4,a4,a2
    70ee:	18e79063          	bne	a5,a4,726e <tcp_input+0x582>
    70f2:	c901                	beqz	a0,7102 <tcp_input+0x416>
    70f4:	00ca2783          	lw	a5,12(s4)
    70f8:	9141aa23          	sw	s4,-1772(gp) # 20000134 <tcp_listen_pcbs>
    70fc:	c55c                	sw	a5,12(a0)
    70fe:	006a2623          	sw	t1,12(s4)
    7102:	0108f793          	andi	a5,a7,16
    7106:	cf89                	beqz	a5,7120 <tcp_input+0x434>
    7108:	329c                	lbu	a5,1(a3)
    710a:	2290                	lbu	a2,0(a3)
    710c:	000aa503          	lw	a0,0(s5)
    7110:	07a2                	slli	a5,a5,0x8
    7112:	8fd1                	or	a5,a5,a2
    7114:	00c80693          	addi	a3,a6,12
    7118:	01080613          	addi	a2,a6,16
    711c:	95aa                	add	a1,a1,a0
    711e:	b7b1                	j	706a <tcp_input+0x37e>
    7120:	0028f893          	andi	a7,a7,2
    7124:	c20881e3          	beqz	a7,6d46 <tcp_input+0x5a>
    7128:	8d01a883          	lw	a7,-1840(gp) # 200000f0 <TCPVerifyConnCallback>
    712c:	04088e63          	beqz	a7,7188 <tcp_input+0x49c>
    7130:	00d84503          	lbu	a0,13(a6)
    7134:	00c84783          	lbu	a5,12(a6)
    7138:	228c                	lbu	a1,0(a3)
    713a:	0522                	slli	a0,a0,0x8
    713c:	8d5d                	or	a0,a0,a5
    713e:	00e84783          	lbu	a5,14(a6)
    7142:	3294                	lbu	a3,1(a3)
    7144:	863a                	mv	a2,a4
    7146:	07c2                	slli	a5,a5,0x10
    7148:	8fc9                	or	a5,a5,a0
    714a:	00f84503          	lbu	a0,15(a6)
    714e:	06a2                	slli	a3,a3,0x8
    7150:	8dd5                	or	a1,a1,a3
    7152:	0562                	slli	a0,a0,0x18
    7154:	8d5d                	or	a0,a0,a5
    7156:	9882                	jalr	a7
    7158:	c905                	beqz	a0,7188 <tcp_input+0x49c>
    715a:	4094                	lw	a3,0(s1)
    715c:	000b2603          	lw	a2,0(s6)
    7160:	000c5503          	lhu	a0,0(s8)
    7164:	329c                	lbu	a5,1(a3)
    7166:	32b8                	lbu	a4,3(a3)
    7168:	0006c883          	lbu	a7,0(a3)
    716c:	0026c803          	lbu	a6,2(a3)
    7170:	07a2                	slli	a5,a5,0x8
    7172:	0722                	slli	a4,a4,0x8
    7174:	00c60693          	addi	a3,a2,12
    7178:	000aa583          	lw	a1,0(s5)
    717c:	0117e7b3          	or	a5,a5,a7
    7180:	01076733          	or	a4,a4,a6
    7184:	0641                	addi	a2,a2,16
    7186:	bf59                	j	711c <tcp_input+0x430>
    7188:	014a4503          	lbu	a0,20(s4)
    718c:	e1dfe0ef          	jal	ra,5fa8 <tcp_alloc>
    7190:	842a                	mv	s0,a0
    7192:	ba050ae3          	beqz	a0,6d46 <tcp_input+0x5a>
    7196:	000b2783          	lw	a5,0(s6)
    719a:	4701                	li	a4,0
    719c:	01078693          	addi	a3,a5,16
    71a0:	ca99                	beqz	a3,71b6 <tcp_input+0x4ca>
    71a2:	3b94                	lbu	a3,17(a5)
    71a4:	2b98                	lbu	a4,16(a5)
    71a6:	06a2                	slli	a3,a3,0x8
    71a8:	8ed9                	or	a3,a3,a4
    71aa:	2bb8                	lbu	a4,18(a5)
    71ac:	0742                	slli	a4,a4,0x10
    71ae:	8ed9                	or	a3,a3,a4
    71b0:	3bb8                	lbu	a4,19(a5)
    71b2:	0762                	slli	a4,a4,0x18
    71b4:	8f55                	or	a4,a4,a3
    71b6:	c018                	sw	a4,0(s0)
    71b8:	01ca5703          	lhu	a4,28(s4)
    71bc:	00c78693          	addi	a3,a5,12
    71c0:	ac5a                	sh	a4,28(s0)
    71c2:	4701                	li	a4,0
    71c4:	ca99                	beqz	a3,71da <tcp_input+0x4ee>
    71c6:	37d4                	lbu	a3,13(a5)
    71c8:	27d8                	lbu	a4,12(a5)
    71ca:	06a2                	slli	a3,a3,0x8
    71cc:	8ed9                	or	a3,a3,a4
    71ce:	27f8                	lbu	a4,14(a5)
    71d0:	0742                	slli	a4,a4,0x10
    71d2:	8ed9                	or	a3,a3,a4
    71d4:	37f8                	lbu	a4,15(a5)
    71d6:	0762                	slli	a4,a4,0x18
    71d8:	8f55                	or	a4,a4,a3
    71da:	4094                	lw	a3,0(s1)
    71dc:	c058                	sw	a4,4(s0)
    71de:	04040513          	addi	a0,s0,64
    71e2:	329c                	lbu	a5,1(a3)
    71e4:	2298                	lbu	a4,0(a3)
    71e6:	07a2                	slli	a5,a5,0x8
    71e8:	8fd9                	or	a5,a5,a4
    71ea:	000aa703          	lw	a4,0(s5)
    71ee:	b05e                	sh	a5,36(s0)
    71f0:	478d                	li	a5,3
    71f2:	c81c                	sw	a5,16(s0)
    71f4:	00170793          	addi	a5,a4,1
    71f8:	d41c                	sw	a5,40(s0)
    71fa:	d81c                	sw	a5,48(s0)
    71fc:	36fc                	lbu	a5,15(a3)
    71fe:	26f0                	lbu	a2,14(a3)
    7200:	177d                	addi	a4,a4,-1
    7202:	07a2                	slli	a5,a5,0x8
    7204:	8fd1                	or	a5,a5,a2
    7206:	06f41223          	sh	a5,100(s0)
    720a:	04f41e23          	sh	a5,92(s0)
    720e:	018a2783          	lw	a5,24(s4)
    7212:	d438                	sw	a4,104(s0)
    7214:	cc1c                	sw	a5,24(s0)
    7216:	200077b7          	lui	a5,0x20007
    721a:	4447d783          	lhu	a5,1092(a5) # 20007444 <WCHCfg+0x4>
    721e:	b45e                	sh	a5,44(s0)
    7220:	b47e                	sh	a5,46(s0)
    7222:	020a2783          	lw	a5,32(s4)
    7226:	d01c                	sw	a5,32(s0)
    7228:	008a5783          	lhu	a5,8(s4)
    722c:	1997f793          	andi	a5,a5,409
    7230:	a41e                	sh	a5,8(s0)
    7232:	90c1a783          	lw	a5,-1780(gp) # 2000012c <tcp_active_pcbs>
    7236:	9081a623          	sw	s0,-1780(gp) # 2000012c <tcp_active_pcbs>
    723a:	c45c                	sw	a5,12(s0)
    723c:	a0bff0ef          	jal	ra,6c46 <tcp_parseopt.isra.0>
    7240:	04045503          	lhu	a0,64(s0)
    7244:	00440593          	addi	a1,s0,4
    7248:	ea5fe0ef          	jal	ra,60ec <tcp_eff_send_mss>
    724c:	04a41023          	sh	a0,64(s0)
    7250:	4785                	li	a5,1
    7252:	4701                	li	a4,0
    7254:	46c9                	li	a3,18
    7256:	4601                	li	a2,0
    7258:	4581                	li	a1,0
    725a:	8522                	mv	a0,s0
    725c:	2b49                	jal	77ee <tcp_enqueue>
    725e:	c511                	beqz	a0,726a <tcp_input+0x57e>
    7260:	4581                	li	a1,0
    7262:	8522                	mv	a0,s0
    7264:	c9bfe0ef          	jal	ra,5efe <tcp_abandon>
    7268:	bcf9                	j	6d46 <tcp_input+0x5a>
    726a:	8522                	mv	a0,s0
    726c:	b51d                	j	7092 <tcp_input+0x3a6>
    726e:	8552                	mv	a0,s4
    7270:	00ca2a03          	lw	s4,12(s4)
    7274:	bd05                	j	70a4 <tcp_input+0x3b8>
    7276:	4501                	li	a0,0
    7278:	b57fe0ef          	jal	ra,5dce <tcp_recv_null>
    727c:	b311                	j	6f80 <tcp_input+0x294>
    727e:	000aa783          	lw	a5,0(s5)
    7282:	5418                	lw	a4,40(s0)
    7284:	8f99                	sub	a5,a5,a4
    7286:	0007c663          	bltz	a5,7292 <tcp_input+0x5a6>
    728a:	345a                	lhu	a4,44(s0)
    728c:	8f99                	sub	a5,a5,a4
    728e:	d2f050e3          	blez	a5,6fae <tcp_input+0x2c2>
    7292:	000a4783          	lbu	a5,0(s4)
    7296:	0087f713          	andi	a4,a5,8
    729a:	3e070063          	beqz	a4,767a <tcp_input+0x98e>
    729e:	00f10593          	addi	a1,sp,15
    72a2:	8522                	mv	a0,s0
    72a4:	99bfb0ef          	jal	ra,2c3e <WCHFindCorrectTCBPcb>
    72a8:	4785                	li	a5,1
    72aa:	00f51663          	bne	a0,a5,72b6 <tcp_input+0x5ca>
    72ae:	4818                	lw	a4,16(s0)
    72b0:	4789                	li	a5,2
    72b2:	1cf70163          	beq	a4,a5,7474 <tcp_input+0x788>
    72b6:	8522                	mv	a0,s0
    72b8:	85cfc0ef          	jal	ra,3314 <LwipRemoveTcpPcb>
    72bc:	09c42783          	lw	a5,156(s0)
    72c0:	c781                	beqz	a5,72c8 <tcp_input+0x5dc>
    72c2:	4c08                	lw	a0,24(s0)
    72c4:	55e9                	li	a1,-6
    72c6:	9782                	jalr	a5
    72c8:	85a2                	mv	a1,s0
    72ca:	90c18513          	addi	a0,gp,-1780 # 2000012c <tcp_active_pcbs>
    72ce:	9ddfe0ef          	jal	ra,5caa <tcp_pcb_remove>
    72d2:	85a2                	mv	a1,s0
    72d4:	4509                	li	a0,2
    72d6:	e3ffd0ef          	jal	ra,5114 <memp_free>
    72da:	aa69                	j	7474 <tcp_input+0x788>
    72dc:	8b89                	andi	a5,a5,2
    72de:	c385                	beqz	a5,72fe <tcp_input+0x612>
    72e0:	481c                	lw	a5,16(s0)
    72e2:	4705                	li	a4,1
    72e4:	17f9                	addi	a5,a5,-2
    72e6:	00f77c63          	bgeu	a4,a5,72fe <tcp_input+0x612>
    72ea:	02644783          	lbu	a5,38(s0)
    72ee:	8522                	mv	a0,s0
    72f0:	0027e793          	ori	a5,a5,2
    72f4:	02f40323          	sb	a5,38(s0)
    72f8:	1f5000ef          	jal	ra,7cec <tcp_output>
    72fc:	bf59                	j	7292 <tcp_input+0x5a6>
    72fe:	9181a783          	lw	a5,-1768(gp) # 20000138 <tcp_ticks>
    7302:	0a0408a3          	sb	zero,177(s0)
    7306:	04040513          	addi	a0,s0,64
    730a:	dc1c                	sw	a5,56(s0)
    730c:	93bff0ef          	jal	ra,6c46 <tcp_parseopt.isra.0>
    7310:	481c                	lw	a5,16(s0)
    7312:	471d                	li	a4,7
    7314:	17f9                	addi	a5,a5,-2
    7316:	f6f76ee3          	bltu	a4,a5,7292 <tcp_input+0x5a6>
    731a:	6725                	lui	a4,0x9
    731c:	078a                	slli	a5,a5,0x2
    731e:	60c70713          	addi	a4,a4,1548 # 960c <tcp_backoff+0x10>
    7322:	97ba                	add	a5,a5,a4
    7324:	439c                	lw	a5,0(a5)
    7326:	8782                	jr	a5
    7328:	000cc783          	lbu	a5,0(s9)
    732c:	4749                	li	a4,18
    732e:	8bc9                	andi	a5,a5,18
    7330:	0ce79263          	bne	a5,a4,73f4 <tcp_input+0x708>
    7334:	08042783          	lw	a5,128(s0)
    7338:	4b98                	lw	a4,16(a5)
    733a:	3348                	lbu	a0,5(a4)
    733c:	235c                	lbu	a5,4(a4)
    733e:	0522                	slli	a0,a0,0x8
    7340:	8d5d                	or	a0,a0,a5
    7342:	237c                	lbu	a5,6(a4)
    7344:	07c2                	slli	a5,a5,0x10
    7346:	8fc9                	or	a5,a5,a0
    7348:	3368                	lbu	a0,7(a4)
    734a:	0562                	slli	a0,a0,0x18
    734c:	8d5d                	or	a0,a0,a5
    734e:	bddfc0ef          	jal	ra,3f2a <ntohl>
    7352:	00092783          	lw	a5,0(s2)
    7356:	0505                	addi	a0,a0,1
    7358:	08f51e63          	bne	a0,a5,73f4 <tcp_input+0x708>
    735c:	07645783          	lhu	a5,118(s0)
    7360:	000aa703          	lw	a4,0(s5)
    7364:	4094                	lw	a3,0(s1)
    7366:	0785                	addi	a5,a5,1
    7368:	06f41b23          	sh	a5,118(s0)
    736c:	00170793          	addi	a5,a4,1
    7370:	c868                	sw	a0,84(s0)
    7372:	d41c                	sw	a5,40(s0)
    7374:	d81c                	sw	a5,48(s0)
    7376:	36fc                	lbu	a5,15(a3)
    7378:	26f0                	lbu	a2,14(a3)
    737a:	04045503          	lhu	a0,64(s0)
    737e:	07a2                	slli	a5,a5,0x8
    7380:	8fd1                	or	a5,a5,a2
    7382:	177d                	addi	a4,a4,-1
    7384:	06f41223          	sh	a5,100(s0)
    7388:	4791                	li	a5,4
    738a:	d438                	sw	a4,104(s0)
    738c:	c81c                	sw	a5,16(s0)
    738e:	00440593          	addi	a1,s0,4
    7392:	d5bfe0ef          	jal	ra,60ec <tcp_eff_send_mss>
    7396:	47a9                	li	a5,10
    7398:	02f507b3          	mul	a5,a0,a5
    739c:	05a45703          	lhu	a4,90(s0)
    73a0:	04a41023          	sh	a0,64(s0)
    73a4:	04f41e23          	sh	a5,92(s0)
    73a8:	4785                	li	a5,1
    73aa:	00f71563          	bne	a4,a5,73b4 <tcp_input+0x6c8>
    73ae:	0506                	slli	a0,a0,0x1
    73b0:	0542                	slli	a0,a0,0x10
    73b2:	8141                	srli	a0,a0,0x10
    73b4:	07845783          	lhu	a5,120(s0)
    73b8:	04a41d23          	sh	a0,90(s0)
    73bc:	08042503          	lw	a0,128(s0)
    73c0:	17fd                	addi	a5,a5,-1
    73c2:	06f41c23          	sh	a5,120(s0)
    73c6:	411c                	lw	a5,0(a0)
    73c8:	04040923          	sb	zero,82(s0)
    73cc:	04042223          	sw	zero,68(s0)
    73d0:	08f42023          	sw	a5,128(s0)
    73d4:	0017b793          	seqz	a5,a5
    73d8:	40f007b3          	neg	a5,a5
    73dc:	bc7e                	sh	a5,62(s0)
    73de:	d34fe0ef          	jal	ra,5912 <tcp_seg_free>
    73e2:	09442783          	lw	a5,148(s0)
    73e6:	f00782e3          	beqz	a5,72ea <tcp_input+0x5fe>
    73ea:	4c08                	lw	a0,24(s0)
    73ec:	4601                	li	a2,0
    73ee:	85a2                	mv	a1,s0
    73f0:	9782                	jalr	a5
    73f2:	bde5                	j	72ea <tcp_input+0x5fe>
    73f4:	000cc783          	lbu	a5,0(s9)
    73f8:	8bc1                	andi	a5,a5,16
    73fa:	e8078ce3          	beqz	a5,7292 <tcp_input+0x5a6>
    73fe:	4094                	lw	a3,0(s1)
    7400:	000c5503          	lhu	a0,0(s8)
    7404:	000aa583          	lw	a1,0(s5)
    7408:	329c                	lbu	a5,1(a3)
    740a:	32b8                	lbu	a4,3(a3)
    740c:	000b2603          	lw	a2,0(s6)
    7410:	0006c883          	lbu	a7,0(a3)
    7414:	0026c803          	lbu	a6,2(a3)
    7418:	95aa                	add	a1,a1,a0
    741a:	00092503          	lw	a0,0(s2)
    741e:	07a2                	slli	a5,a5,0x8
    7420:	0722                	slli	a4,a4,0x8
    7422:	00c60693          	addi	a3,a2,12
    7426:	0117e7b3          	or	a5,a5,a7
    742a:	01076733          	or	a4,a4,a6
    742e:	0641                	addi	a2,a2,16
    7430:	425000ef          	jal	ra,8054 <tcp_rst>
    7434:	bdb9                	j	7292 <tcp_input+0x5a6>
    7436:	000cc783          	lbu	a5,0(s9)
    743a:	0107f713          	andi	a4,a5,16
    743e:	c769                	beqz	a4,7508 <tcp_input+0x81c>
    7440:	00092503          	lw	a0,0(s2)
    7444:	4878                	lw	a4,84(s0)
    7446:	fff50793          	addi	a5,a0,-1
    744a:	8f99                	sub	a5,a5,a4
    744c:	0807c663          	bltz	a5,74d8 <tcp_input+0x7ec>
    7450:	503c                	lw	a5,96(s0)
    7452:	40f507b3          	sub	a5,a0,a5
    7456:	08f04163          	bgtz	a5,74d8 <tcp_input+0x7ec>
    745a:	4791                	li	a5,4
    745c:	c81c                	sw	a5,16(s0)
    745e:	501c                	lw	a5,32(s0)
    7460:	c78d                	beqz	a5,748a <tcp_input+0x79e>
    7462:	4c08                	lw	a0,24(s0)
    7464:	4601                	li	a2,0
    7466:	85a2                	mv	a1,s0
    7468:	9782                	jalr	a5
    746a:	c105                	beqz	a0,748a <tcp_input+0x79e>
    746c:	4585                	li	a1,1
    746e:	8522                	mv	a0,s0
    7470:	a8ffe0ef          	jal	ra,5efe <tcp_abandon>
    7474:	004da503          	lw	a0,4(s11)
    7478:	000ba023          	sw	zero,0(s7)
    747c:	8c0508e3          	beqz	a0,6d4c <tcp_input+0x60>
    7480:	e67fd0ef          	jal	ra,52e6 <pbuf_free>
    7484:	000da223          	sw	zero,4(s11)
    7488:	b0d1                	j	6d4c <tcp_input+0x60>
    748a:	8522                	mv	a0,s0
    748c:	05a45483          	lhu	s1,90(s0)
    7490:	e73fe0ef          	jal	ra,6302 <tcp_receive>
    7494:	07445783          	lhu	a5,116(s0)
    7498:	c781                	beqz	a5,74a0 <tcp_input+0x7b4>
    749a:	17fd                	addi	a5,a5,-1
    749c:	06f41a23          	sh	a5,116(s0)
    74a0:	4705                	li	a4,1
    74a2:	04045783          	lhu	a5,64(s0)
    74a6:	00e49563          	bne	s1,a4,74b0 <tcp_input+0x7c4>
    74aa:	0786                	slli	a5,a5,0x1
    74ac:	07c2                	slli	a5,a5,0x10
    74ae:	83c1                	srli	a5,a5,0x10
    74b0:	04f41d23          	sh	a5,90(s0)
    74b4:	000a4783          	lbu	a5,0(s4)
    74b8:	0207f793          	andi	a5,a5,32
    74bc:	dc078be3          	beqz	a5,7292 <tcp_input+0x5a6>
    74c0:	02644783          	lbu	a5,38(s0)
    74c4:	8522                	mv	a0,s0
    74c6:	0027e793          	ori	a5,a5,2
    74ca:	02f40323          	sb	a5,38(s0)
    74ce:	01f000ef          	jal	ra,7cec <tcp_output>
    74d2:	479d                	li	a5,7
    74d4:	c81c                	sw	a5,16(s0)
    74d6:	bb75                	j	7292 <tcp_input+0x5a6>
    74d8:	4094                	lw	a3,0(s1)
    74da:	000b2603          	lw	a2,0(s6)
    74de:	000c5803          	lhu	a6,0(s8)
    74e2:	329c                	lbu	a5,1(a3)
    74e4:	32b8                	lbu	a4,3(a3)
    74e6:	0006c303          	lbu	t1,0(a3)
    74ea:	0026c883          	lbu	a7,2(a3)
    74ee:	000aa583          	lw	a1,0(s5)
    74f2:	07a2                	slli	a5,a5,0x8
    74f4:	0722                	slli	a4,a4,0x8
    74f6:	00c60693          	addi	a3,a2,12
    74fa:	0067e7b3          	or	a5,a5,t1
    74fe:	01176733          	or	a4,a4,a7
    7502:	0641                	addi	a2,a2,16
    7504:	95c2                	add	a1,a1,a6
    7506:	b72d                	j	7430 <tcp_input+0x744>
    7508:	8b89                	andi	a5,a5,2
    750a:	d80784e3          	beqz	a5,7292 <tcp_input+0x5a6>
    750e:	541c                	lw	a5,40(s0)
    7510:	000aa703          	lw	a4,0(s5)
    7514:	17fd                	addi	a5,a5,-1
    7516:	d6e79ee3          	bne	a5,a4,7292 <tcp_input+0x5a6>
    751a:	8522                	mv	a0,s0
    751c:	477000ef          	jal	ra,8192 <tcp_rexmit>
    7520:	bb8d                	j	7292 <tcp_input+0x5a6>
    7522:	8522                	mv	a0,s0
    7524:	ddffe0ef          	jal	ra,6302 <tcp_receive>
    7528:	b771                	j	74b4 <tcp_input+0x7c8>
    752a:	8522                	mv	a0,s0
    752c:	dd7fe0ef          	jal	ra,6302 <tcp_receive>
    7530:	000a4783          	lbu	a5,0(s4)
    7534:	0207f793          	andi	a5,a5,32
    7538:	c3c1                	beqz	a5,75b8 <tcp_input+0x8cc>
    753a:	000cc703          	lbu	a4,0(s9)
    753e:	02644783          	lbu	a5,38(s0)
    7542:	8b41                	andi	a4,a4,16
    7544:	0027e793          	ori	a5,a5,2
    7548:	c32d                	beqz	a4,75aa <tcp_input+0x8be>
    754a:	5034                	lw	a3,96(s0)
    754c:	00092703          	lw	a4,0(s2)
    7550:	04e69d63          	bne	a3,a4,75aa <tcp_input+0x8be>
    7554:	02f40323          	sb	a5,38(s0)
    7558:	8522                	mv	a0,s0
    755a:	792000ef          	jal	ra,7cec <tcp_output>
    755e:	8522                	mv	a0,s0
    7560:	c42fe0ef          	jal	ra,59a2 <tcp_pcb_purge>
    7564:	90c1a783          	lw	a5,-1780(gp) # 2000012c <tcp_active_pcbs>
    7568:	00f41d63          	bne	s0,a5,7582 <tcp_input+0x896>
    756c:	445c                	lw	a5,12(s0)
    756e:	90f1a623          	sw	a5,-1780(gp) # 2000012c <tcp_active_pcbs>
    7572:	47a9                	li	a5,10
    7574:	c81c                	sw	a5,16(s0)
    7576:	9241a703          	lw	a4,-1756(gp) # 20000144 <tcp_tw_pcbs>
    757a:	9281a223          	sw	s0,-1756(gp) # 20000144 <tcp_tw_pcbs>
    757e:	c458                	sw	a4,12(s0)
    7580:	bb09                	j	7292 <tcp_input+0x5a6>
    7582:	92f1a023          	sw	a5,-1760(gp) # 20000140 <tcp_tmp_pcb>
    7586:	4681                	li	a3,0
    7588:	e789                	bnez	a5,7592 <tcp_input+0x8a6>
    758a:	d6e5                	beqz	a3,7572 <tcp_input+0x886>
    758c:	9201a023          	sw	zero,-1760(gp) # 20000140 <tcp_tmp_pcb>
    7590:	b7cd                	j	7572 <tcp_input+0x886>
    7592:	47d0                	lw	a2,12(a5)
    7594:	00c41863          	bne	s0,a2,75a4 <tcp_input+0x8b8>
    7598:	c299                	beqz	a3,759e <tcp_input+0x8b2>
    759a:	92f1a023          	sw	a5,-1760(gp) # 20000140 <tcp_tmp_pcb>
    759e:	4458                	lw	a4,12(s0)
    75a0:	c7d8                	sw	a4,12(a5)
    75a2:	bfc1                	j	7572 <tcp_input+0x886>
    75a4:	4685                	li	a3,1
    75a6:	87b2                	mv	a5,a2
    75a8:	b7c5                	j	7588 <tcp_input+0x89c>
    75aa:	02f40323          	sb	a5,38(s0)
    75ae:	8522                	mv	a0,s0
    75b0:	73c000ef          	jal	ra,7cec <tcp_output>
    75b4:	47a1                	li	a5,8
    75b6:	bf39                	j	74d4 <tcp_input+0x7e8>
    75b8:	000cc783          	lbu	a5,0(s9)
    75bc:	8bc1                	andi	a5,a5,16
    75be:	cc078ae3          	beqz	a5,7292 <tcp_input+0x5a6>
    75c2:	5038                	lw	a4,96(s0)
    75c4:	00092783          	lw	a5,0(s2)
    75c8:	ccf715e3          	bne	a4,a5,7292 <tcp_input+0x5a6>
    75cc:	4799                	li	a5,6
    75ce:	b719                	j	74d4 <tcp_input+0x7e8>
    75d0:	8522                	mv	a0,s0
    75d2:	d31fe0ef          	jal	ra,6302 <tcp_receive>
    75d6:	000a4783          	lbu	a5,0(s4)
    75da:	0207f793          	andi	a5,a5,32
    75de:	ca078ae3          	beqz	a5,7292 <tcp_input+0x5a6>
    75e2:	02644783          	lbu	a5,38(s0)
    75e6:	8522                	mv	a0,s0
    75e8:	0027e793          	ori	a5,a5,2
    75ec:	02f40323          	sb	a5,38(s0)
    75f0:	6fc000ef          	jal	ra,7cec <tcp_output>
    75f4:	8522                	mv	a0,s0
    75f6:	bacfe0ef          	jal	ra,59a2 <tcp_pcb_purge>
    75fa:	90c1a783          	lw	a5,-1780(gp) # 2000012c <tcp_active_pcbs>
    75fe:	f6f407e3          	beq	s0,a5,756c <tcp_input+0x880>
    7602:	92f1a023          	sw	a5,-1760(gp) # 20000140 <tcp_tmp_pcb>
    7606:	4681                	li	a3,0
    7608:	d3c9                	beqz	a5,758a <tcp_input+0x89e>
    760a:	47d0                	lw	a2,12(a5)
    760c:	f8c406e3          	beq	s0,a2,7598 <tcp_input+0x8ac>
    7610:	4685                	li	a3,1
    7612:	87b2                	mv	a5,a2
    7614:	bfd5                	j	7608 <tcp_input+0x91c>
    7616:	8522                	mv	a0,s0
    7618:	cebfe0ef          	jal	ra,6302 <tcp_receive>
    761c:	000cc783          	lbu	a5,0(s9)
    7620:	8bc1                	andi	a5,a5,16
    7622:	c60788e3          	beqz	a5,7292 <tcp_input+0x5a6>
    7626:	5038                	lw	a4,96(s0)
    7628:	00092783          	lw	a5,0(s2)
    762c:	c6f713e3          	bne	a4,a5,7292 <tcp_input+0x5a6>
    7630:	8522                	mv	a0,s0
    7632:	b70fe0ef          	jal	ra,59a2 <tcp_pcb_purge>
    7636:	90c1a783          	lw	a5,-1780(gp) # 2000012c <tcp_active_pcbs>
    763a:	f2f409e3          	beq	s0,a5,756c <tcp_input+0x880>
    763e:	92f1a023          	sw	a5,-1760(gp) # 20000140 <tcp_tmp_pcb>
    7642:	4681                	li	a3,0
    7644:	d3b9                	beqz	a5,758a <tcp_input+0x89e>
    7646:	47d0                	lw	a2,12(a5)
    7648:	f4c408e3          	beq	s0,a2,7598 <tcp_input+0x8ac>
    764c:	4685                	li	a3,1
    764e:	87b2                	mv	a5,a2
    7650:	bfd5                	j	7644 <tcp_input+0x958>
    7652:	8522                	mv	a0,s0
    7654:	caffe0ef          	jal	ra,6302 <tcp_receive>
    7658:	000cc783          	lbu	a5,0(s9)
    765c:	8bc1                	andi	a5,a5,16
    765e:	c2078ae3          	beqz	a5,7292 <tcp_input+0x5a6>
    7662:	5038                	lw	a4,96(s0)
    7664:	00092783          	lw	a5,0(s2)
    7668:	c2f715e3          	bne	a4,a5,7292 <tcp_input+0x5a6>
    766c:	000a4783          	lbu	a5,0(s4)
    7670:	0107e793          	ori	a5,a5,16
    7674:	00fa0023          	sb	a5,0(s4)
    7678:	b929                	j	7292 <tcp_input+0x5a6>
    767a:	8bc1                	andi	a5,a5,16
    767c:	c785                	beqz	a5,76a4 <tcp_input+0x9b8>
    767e:	8522                	mv	a0,s0
    7680:	c95fb0ef          	jal	ra,3314 <LwipRemoveTcpPcb>
    7684:	85a2                	mv	a1,s0
    7686:	90c18513          	addi	a0,gp,-1780 # 2000012c <tcp_active_pcbs>
    768a:	e20fe0ef          	jal	ra,5caa <tcp_pcb_remove>
    768e:	4509                	li	a0,2
    7690:	85a2                	mv	a1,s0
    7692:	a83fd0ef          	jal	ra,5114 <memp_free>
    7696:	000d2503          	lw	a0,0(s10)
    769a:	dc050de3          	beqz	a0,7474 <tcp_input+0x788>
    769e:	c49fd0ef          	jal	ra,52e6 <pbuf_free>
    76a2:	bbc9                	j	7474 <tcp_input+0x788>
    76a4:	07445603          	lhu	a2,116(s0)
    76a8:	c619                	beqz	a2,76b6 <tcp_input+0x9ca>
    76aa:	08c42783          	lw	a5,140(s0)
    76ae:	c781                	beqz	a5,76b6 <tcp_input+0x9ca>
    76b0:	4c08                	lw	a0,24(s0)
    76b2:	85a2                	mv	a1,s0
    76b4:	9782                	jalr	a5
    76b6:	000d2603          	lw	a2,0(s10)
    76ba:	c60d                	beqz	a2,76e4 <tcp_input+0x9f8>
    76bc:	000cc783          	lbu	a5,0(s9)
    76c0:	8ba1                	andi	a5,a5,8
    76c2:	c789                	beqz	a5,76cc <tcp_input+0x9e0>
    76c4:	365c                	lbu	a5,13(a2)
    76c6:	0017e793          	ori	a5,a5,1
    76ca:	b65c                	sb	a5,13(a2)
    76cc:	09042783          	lw	a5,144(s0)
    76d0:	4681                	li	a3,0
    76d2:	85a2                	mv	a1,s0
    76d4:	cb9d                	beqz	a5,770a <tcp_input+0xa1e>
    76d6:	4c08                	lw	a0,24(s0)
    76d8:	9782                	jalr	a5
    76da:	c509                	beqz	a0,76e4 <tcp_input+0x9f8>
    76dc:	000d2783          	lw	a5,0(s10)
    76e0:	08f42423          	sw	a5,136(s0)
    76e4:	000a4783          	lbu	a5,0(s4)
    76e8:	0207f793          	andi	a5,a5,32
    76ec:	cb89                	beqz	a5,76fe <tcp_input+0xa12>
    76ee:	09042783          	lw	a5,144(s0)
    76f2:	4681                	li	a3,0
    76f4:	4601                	li	a2,0
    76f6:	85a2                	mv	a1,s0
    76f8:	cf89                	beqz	a5,7712 <tcp_input+0xa26>
    76fa:	4c08                	lw	a0,24(s0)
    76fc:	9782                	jalr	a5
    76fe:	8522                	mv	a0,s0
    7700:	000ba023          	sw	zero,0(s7)
    7704:	5e8000ef          	jal	ra,7cec <tcp_output>
    7708:	b3b5                	j	7474 <tcp_input+0x788>
    770a:	4501                	li	a0,0
    770c:	ec2fe0ef          	jal	ra,5dce <tcp_recv_null>
    7710:	b7e9                	j	76da <tcp_input+0x9ee>
    7712:	4501                	li	a0,0
    7714:	ebafe0ef          	jal	ra,5dce <tcp_recv_null>
    7718:	b7dd                	j	76fe <tcp_input+0xa12>

0000771a <tcp_output_set_header.isra.0.constprop.1>:
tcp_output_set_header.isra.0.constprop.1():
    771a:	ad7f82ef          	jal	t0,1f0 <__riscv_save_0>
    771e:	892a                	mv	s2,a0
    7720:	2d4a                	lhu	a0,28(a0)
    7722:	1141                	addi	sp,sp,-16
    7724:	842e                	mv	s0,a1
    7726:	c632                	sw	a2,12(sp)
    7728:	fc2fc0ef          	jal	ra,3eea <htons>
    772c:	a008                	sb	a0,0(s0)
    772e:	8121                	srli	a0,a0,0x8
    7730:	b008                	sb	a0,1(s0)
    7732:	02495503          	lhu	a0,36(s2)
    7736:	fb4fc0ef          	jal	ra,3eea <htons>
    773a:	4632                	lw	a2,12(sp)
    773c:	a028                	sb	a0,2(s0)
    773e:	8121                	srli	a0,a0,0x8
    7740:	b028                	sb	a0,3(s0)
    7742:	00865793          	srli	a5,a2,0x8
    7746:	02892503          	lw	a0,40(s2)
    774a:	a050                	sb	a2,4(s0)
    774c:	b05c                	sb	a5,5(s0)
    774e:	01065793          	srli	a5,a2,0x10
    7752:	8261                	srli	a2,a2,0x18
    7754:	b070                	sb	a2,7(s0)
    7756:	a07c                	sb	a5,6(s0)
    7758:	faefc0ef          	jal	ra,3f06 <htonl>
    775c:	00855793          	srli	a5,a0,0x8
    7760:	a408                	sb	a0,8(s0)
    7762:	b41c                	sb	a5,9(s0)
    7764:	3444                	lbu	s1,13(s0)
    7766:	01055793          	srli	a5,a0,0x10
    776a:	8161                	srli	a0,a0,0x18
    776c:	b428                	sb	a0,11(s0)
    776e:	2448                	lbu	a0,12(s0)
    7770:	04a2                	slli	s1,s1,0x8
    7772:	a43c                	sb	a5,10(s0)
    7774:	8cc9                	or	s1,s1,a0
    7776:	6541                	lui	a0,0x10
    7778:	fc050513          	addi	a0,a0,-64 # ffc0 <_data_lma+0x698c>
    777c:	f6efc0ef          	jal	ra,3eea <htons>
    7780:	8ce9                	and	s1,s1,a0
    7782:	4541                	li	a0,16
    7784:	f66fc0ef          	jal	ra,3eea <htons>
    7788:	8d45                	or	a0,a0,s1
    778a:	0542                	slli	a0,a0,0x10
    778c:	8141                	srli	a0,a0,0x10
    778e:	a448                	sb	a0,12(s0)
    7790:	8121                	srli	a0,a0,0x8
    7792:	b448                	sb	a0,13(s0)
    7794:	02e95503          	lhu	a0,46(s2)
    7798:	f52fc0ef          	jal	ra,3eea <htons>
    779c:	02e95783          	lhu	a5,46(s2)
    77a0:	a468                	sb	a0,14(s0)
    77a2:	8121                	srli	a0,a0,0x8
    77a4:	b468                	sb	a0,15(s0)
    77a6:	02f91b23          	sh	a5,54(s2)
    77aa:	345c                	lbu	a5,13(s0)
    77ac:	2448                	lbu	a0,12(s0)
    77ae:	00040923          	sb	zero,18(s0)
    77b2:	07a2                	slli	a5,a5,0x8
    77b4:	000409a3          	sb	zero,19(s0)
    77b8:	8d5d                	or	a0,a0,a5
    77ba:	f3efc0ef          	jal	ra,3ef8 <ntohs>
    77be:	6795                	lui	a5,0x5
    77c0:	03f57513          	andi	a0,a0,63
    77c4:	8d5d                	or	a0,a0,a5
    77c6:	f24fc0ef          	jal	ra,3eea <htons>
    77ca:	02e95703          	lhu	a4,46(s2)
    77ce:	02892783          	lw	a5,40(s2)
    77d2:	a448                	sb	a0,12(s0)
    77d4:	8121                	srli	a0,a0,0x8
    77d6:	b448                	sb	a0,13(s0)
    77d8:	00040823          	sb	zero,16(s0)
    77dc:	000408a3          	sb	zero,17(s0)
    77e0:	97ba                	add	a5,a5,a4
    77e2:	02f92823          	sw	a5,48(s2)
    77e6:	8522                	mv	a0,s0
    77e8:	0141                	addi	sp,sp,16
    77ea:	a2bf806f          	j	214 <__riscv_restore_0>

000077ee <tcp_enqueue>:
tcp_enqueue():
    77ee:	9d3f82ef          	jal	t0,1c0 <__riscv_save_12>
    77f2:	7179                	addi	sp,sp,-48
    77f4:	c62e                	sw	a1,12(sp)
    77f6:	ca3a                	sw	a4,20(sp)
    77f8:	892a                	mv	s2,a0
    77fa:	8ab2                	mv	s5,a2
    77fc:	8b36                	mv	s6,a3
    77fe:	8dbe                	mv	s11,a5
    7800:	ee01                	bnez	a2,7818 <tcp_enqueue+0x2a>
    7802:	0036f793          	andi	a5,a3,3
    7806:	00fde7b3          	or	a5,s11,a5
    780a:	5a59                	li	s4,-10
    780c:	c391                	beqz	a5,7810 <tcp_enqueue+0x22>
    780e:	c18d                	beqz	a1,7830 <tcp_enqueue+0x42>
    7810:	8552                	mv	a0,s4
    7812:	6145                	addi	sp,sp,48
    7814:	9e9f806f          	j	1fc <__riscv_restore_12>
    7818:	07655783          	lhu	a5,118(a0)
    781c:	00c7fa63          	bgeu	a5,a2,7830 <tcp_enqueue+0x42>
    7820:	02694783          	lbu	a5,38(s2)
    7824:	5a7d                	li	s4,-1
    7826:	f807e793          	ori	a5,a5,-128
    782a:	02f90323          	sb	a5,38(s2)
    782e:	b7cd                	j	7810 <tcp_enqueue+0x22>
    7830:	002d9793          	slli	a5,s11,0x2
    7834:	002df713          	andi	a4,s11,2
    7838:	8b91                	andi	a5,a5,4
    783a:	46b1                	li	a3,12
    783c:	e311                	bnez	a4,7840 <tcp_enqueue+0x52>
    783e:	4681                	li	a3,0
    7840:	97b6                	add	a5,a5,a3
    7842:	c23e                	sw	a5,4(sp)
    7844:	07092783          	lw	a5,112(s2)
    7848:	20007d37          	lui	s10,0x20007
    784c:	440d0713          	addi	a4,s10,1088 # 20007440 <WCHCfg>
    7850:	c43e                	sw	a5,8(sp)
    7852:	471c                	lw	a5,8(a4)
    7854:	4358                	lw	a4,4(a4)
    7856:	07895483          	lhu	s1,120(s2)
    785a:	078a                	slli	a5,a5,0x2
    785c:	02e7d7b3          	divu	a5,a5,a4
    7860:	440d0d13          	addi	s10,s10,1088
    7864:	faf4fee3          	bgeu	s1,a5,7820 <tcp_enqueue+0x32>
    7868:	6741                	lui	a4,0x10
    786a:	ffc70693          	addi	a3,a4,-4 # fffc <_data_lma+0x69c8>
    786e:	fa96e9e3          	bltu	a3,s1,7820 <tcp_enqueue+0x32>
    7872:	4792                	lw	a5,4(sp)
    7874:	8230                	lhu	a2,4(sp)
    7876:	fc070713          	addi	a4,a4,-64
    787a:	8389                	srli	a5,a5,0x2
    787c:	0ff7f793          	andi	a5,a5,255
    7880:	0795                	addi	a5,a5,5
    7882:	c832                	sw	a2,16(sp)
    7884:	4652                	lw	a2,20(sp)
    7886:	07b2                	slli	a5,a5,0xc
    7888:	07c2                	slli	a5,a5,0x10
    788a:	d23a                	sw	a4,36(sp)
    788c:	4cb2                	lw	s9,12(sp)
    788e:	010b1713          	slli	a4,s6,0x10
    7892:	83c1                	srli	a5,a5,0x10
    7894:	8a05                	andi	a2,a2,1
    7896:	8341                	srli	a4,a4,0x10
    7898:	cc3e                	sw	a5,24(sp)
    789a:	8bd6                	mv	s7,s5
    789c:	4981                	li	s3,0
    789e:	4781                	li	a5,0
    78a0:	ce32                	sw	a2,28(sp)
    78a2:	d036                	sw	a3,32(sp)
    78a4:	d43a                	sw	a4,40(sp)
    78a6:	04095a03          	lhu	s4,64(s2)
    78aa:	4712                	lw	a4,4(sp)
    78ac:	40ea0a33          	sub	s4,s4,a4
    78b0:	014bd363          	bge	s7,s4,78b6 <tcp_enqueue+0xc8>
    78b4:	8a5e                	mv	s4,s7
    78b6:	4511                	li	a0,4
    78b8:	d63e                	sw	a5,44(sp)
    78ba:	010a1c13          	slli	s8,s4,0x10
    78be:	837fd0ef          	jal	ra,50f4 <memp_malloc>
    78c2:	010c5c13          	srli	s8,s8,0x10
    78c6:	842a                	mv	s0,a0
    78c8:	18050663          	beqz	a0,7a54 <tcp_enqueue+0x266>
    78cc:	00052023          	sw	zero,0(a0)
    78d0:	00052223          	sw	zero,4(a0)
    78d4:	14098463          	beqz	s3,7a1c <tcp_enqueue+0x22e>
    78d8:	57b2                	lw	a5,44(sp)
    78da:	c388                	sw	a0,0(a5)
    78dc:	47f2                	lw	a5,28(sp)
    78de:	14078163          	beqz	a5,7a20 <tcp_enqueue+0x232>
    78e2:	47c2                	lw	a5,16(sp)
    78e4:	4601                	li	a2,0
    78e6:	4501                	li	a0,0
    78e8:	00fc05b3          	add	a1,s8,a5
    78ec:	05c2                	slli	a1,a1,0x10
    78ee:	81c1                	srli	a1,a1,0x10
    78f0:	a45fd0ef          	jal	ra,5334 <pbuf_alloc>
    78f4:	c048                	sw	a0,4(s0)
    78f6:	14050f63          	beqz	a0,7a54 <tcp_enqueue+0x266>
    78fa:	bd3fd0ef          	jal	ra,54cc <pbuf_clen>
    78fe:	47b2                	lw	a5,12(sp)
    7900:	94aa                	add	s1,s1,a0
    7902:	04c2                	slli	s1,s1,0x10
    7904:	80c1                	srli	s1,s1,0x10
    7906:	cf81                	beqz	a5,791e <tcp_enqueue+0x130>
    7908:	405c                	lw	a5,4(s0)
    790a:	85e6                	mv	a1,s9
    790c:	43c8                	lw	a0,4(a5)
    790e:	67c1                	lui	a5,0x10
    7910:	17fd                	addi	a5,a5,-1
    7912:	00fa7633          	and	a2,s4,a5
    7916:	4792                	lw	a5,4(sp)
    7918:	953e                	add	a0,a0,a5
    791a:	1e5010ef          	jal	ra,92fe <memcpy>
    791e:	405c                	lw	a5,4(s0)
    7920:	43dc                	lw	a5,4(a5)
    7922:	c41c                	sw	a5,8(s0)
    7924:	008d2783          	lw	a5,8(s10)
    7928:	004d2703          	lw	a4,4(s10)
    792c:	078a                	slli	a5,a5,0x2
    792e:	02e7d7b3          	divu	a5,a5,a4
    7932:	1297e163          	bltu	a5,s1,7a54 <tcp_enqueue+0x266>
    7936:	5782                	lw	a5,32(sp)
    7938:	1097ee63          	bltu	a5,s1,7a54 <tcp_enqueue+0x266>
    793c:	4048                	lw	a0,4(s0)
    793e:	01841623          	sh	s8,12(s0)
    7942:	45d1                	li	a1,20
    7944:	935fd0ef          	jal	ra,5278 <pbuf_header>
    7948:	10051663          	bnez	a0,7a54 <tcp_enqueue+0x266>
    794c:	405c                	lw	a5,4(s0)
    794e:	01c95503          	lhu	a0,28(s2)
    7952:	418b8bb3          	sub	s7,s7,s8
    7956:	43dc                	lw	a5,4(a5)
    7958:	0bc2                	slli	s7,s7,0x10
    795a:	010bdb93          	srli	s7,s7,0x10
    795e:	c81c                	sw	a5,16(s0)
    7960:	d63e                	sw	a5,44(sp)
    7962:	d88fc0ef          	jal	ra,3eea <htons>
    7966:	57b2                	lw	a5,44(sp)
    7968:	a388                	sb	a0,0(a5)
    796a:	8121                	srli	a0,a0,0x8
    796c:	b388                	sb	a0,1(a5)
    796e:	481c                	lw	a5,16(s0)
    7970:	02495503          	lhu	a0,36(s2)
    7974:	d63e                	sw	a5,44(sp)
    7976:	d74fc0ef          	jal	ra,3eea <htons>
    797a:	57b2                	lw	a5,44(sp)
    797c:	a3a8                	sb	a0,2(a5)
    797e:	8121                	srli	a0,a0,0x8
    7980:	b3a8                	sb	a0,3(a5)
    7982:	481c                	lw	a5,16(s0)
    7984:	4522                	lw	a0,8(sp)
    7986:	d63e                	sw	a5,44(sp)
    7988:	d7efc0ef          	jal	ra,3f06 <htonl>
    798c:	57b2                	lw	a5,44(sp)
    798e:	00855713          	srli	a4,a0,0x8
    7992:	b3d8                	sb	a4,5(a5)
    7994:	01055713          	srli	a4,a0,0x10
    7998:	a3f8                	sb	a4,6(a5)
    799a:	4818                	lw	a4,16(s0)
    799c:	a3c8                	sb	a0,4(a5)
    799e:	8161                	srli	a0,a0,0x18
    79a0:	b3e8                	sb	a0,7(a5)
    79a2:	375c                	lbu	a5,13(a4)
    79a4:	2748                	lbu	a0,12(a4)
    79a6:	00070923          	sb	zero,18(a4)
    79aa:	07a2                	slli	a5,a5,0x8
    79ac:	8fc9                	or	a5,a5,a0
    79ae:	5512                	lw	a0,36(sp)
    79b0:	000709a3          	sb	zero,19(a4)
    79b4:	d63e                	sw	a5,44(sp)
    79b6:	d34fc0ef          	jal	ra,3eea <htons>
    79ba:	57b2                	lw	a5,44(sp)
    79bc:	8fe9                	and	a5,a5,a0
    79be:	5522                	lw	a0,40(sp)
    79c0:	d63e                	sw	a5,44(sp)
    79c2:	d28fc0ef          	jal	ra,3eea <htons>
    79c6:	57b2                	lw	a5,44(sp)
    79c8:	8d5d                	or	a0,a0,a5
    79ca:	0542                	slli	a0,a0,0x10
    79cc:	481c                	lw	a5,16(s0)
    79ce:	8141                	srli	a0,a0,0x10
    79d0:	00855713          	srli	a4,a0,0x8
    79d4:	b7d8                	sb	a4,13(a5)
    79d6:	a7c8                	sb	a0,12(a5)
    79d8:	01b40723          	sb	s11,14(s0)
    79dc:	d1cfc0ef          	jal	ra,3ef8 <ntohs>
    79e0:	481c                	lw	a5,16(s0)
    79e2:	03f57513          	andi	a0,a0,63
    79e6:	d63e                	sw	a5,44(sp)
    79e8:	47e2                	lw	a5,24(sp)
    79ea:	8d5d                	or	a0,a0,a5
    79ec:	cfefc0ef          	jal	ra,3eea <htons>
    79f0:	57b2                	lw	a5,44(sp)
    79f2:	a7c8                	sb	a0,12(a5)
    79f4:	8121                	srli	a0,a0,0x8
    79f6:	b7c8                	sb	a0,13(a5)
    79f8:	67c1                	lui	a5,0x10
    79fa:	17fd                	addi	a5,a5,-1
    79fc:	00fa7a33          	and	s4,s4,a5
    7a00:	47a2                	lw	a5,8(sp)
    7a02:	9cd2                	add	s9,s9,s4
    7a04:	97d2                	add	a5,a5,s4
    7a06:	c43e                	sw	a5,8(sp)
    7a08:	87a2                	mv	a5,s0
    7a0a:	e80b9ee3          	bnez	s7,78a6 <tcp_enqueue+0xb8>
    7a0e:	07c92a03          	lw	s4,124(s2)
    7a12:	060a1963          	bnez	s4,7a84 <tcp_enqueue+0x296>
    7a16:	07392e23          	sw	s3,124(s2)
    7a1a:	a251                	j	7b9e <tcp_enqueue+0x3b0>
    7a1c:	89aa                	mv	s3,a0
    7a1e:	bd7d                	j	78dc <tcp_enqueue+0xee>
    7a20:	45c2                	lw	a1,16(sp)
    7a22:	4601                	li	a2,0
    7a24:	4501                	li	a0,0
    7a26:	90ffd0ef          	jal	ra,5334 <pbuf_alloc>
    7a2a:	c048                	sw	a0,4(s0)
    7a2c:	c505                	beqz	a0,7a54 <tcp_enqueue+0x266>
    7a2e:	a9ffd0ef          	jal	ra,54cc <pbuf_clen>
    7a32:	94aa                	add	s1,s1,a0
    7a34:	04c2                	slli	s1,s1,0x10
    7a36:	80c1                	srli	s1,s1,0x10
    7a38:	ee0b86e3          	beqz	s7,7924 <tcp_enqueue+0x136>
    7a3c:	85e2                	mv	a1,s8
    7a3e:	4605                	li	a2,1
    7a40:	450d                	li	a0,3
    7a42:	8f3fd0ef          	jal	ra,5334 <pbuf_alloc>
    7a46:	85aa                	mv	a1,a0
    7a48:	4048                	lw	a0,4(s0)
    7a4a:	e195                	bnez	a1,7a6e <tcp_enqueue+0x280>
    7a4c:	89bfd0ef          	jal	ra,52e6 <pbuf_free>
    7a50:	00042223          	sw	zero,4(s0)
    7a54:	02694783          	lbu	a5,38(s2)
    7a58:	5a7d                	li	s4,-1
    7a5a:	f807e793          	ori	a5,a5,-128
    7a5e:	02f90323          	sb	a5,38(s2)
    7a62:	da0987e3          	beqz	s3,7810 <tcp_enqueue+0x22>
    7a66:	854e                	mv	a0,s3
    7a68:	ed5fd0ef          	jal	ra,593c <tcp_segs_free>
    7a6c:	b355                	j	7810 <tcp_enqueue+0x22>
    7a6e:	0195a223          	sw	s9,4(a1)
    7a72:	0485                	addi	s1,s1,1
    7a74:	04c2                	slli	s1,s1,0x10
    7a76:	01942423          	sw	s9,8(s0)
    7a7a:	80c1                	srli	s1,s1,0x10
    7a7c:	a6dfd0ef          	jal	ra,54e8 <pbuf_cat>
    7a80:	b555                	j	7924 <tcp_enqueue+0x136>
    7a82:	8a3e                	mv	s4,a5
    7a84:	000a2783          	lw	a5,0(s4)
    7a88:	ffed                	bnez	a5,7a82 <tcp_enqueue+0x294>
    7a8a:	010a2783          	lw	a5,16(s4)
    7a8e:	00ca5b83          	lhu	s7,12(s4)
    7a92:	27c8                	lbu	a0,12(a5)
    7a94:	37dc                	lbu	a5,13(a5)
    7a96:	07a2                	slli	a5,a5,0x8
    7a98:	8d5d                	or	a0,a0,a5
    7a9a:	c5efc0ef          	jal	ra,3ef8 <ntohs>
    7a9e:	890d                	andi	a0,a0,3
    7aa0:	00a03533          	snez	a0,a0
    7aa4:	955e                	add	a0,a0,s7
    7aa6:	18050563          	beqz	a0,7c30 <tcp_enqueue+0x442>
    7aaa:	010a2783          	lw	a5,16(s4)
    7aae:	27c8                	lbu	a0,12(a5)
    7ab0:	37dc                	lbu	a5,13(a5)
    7ab2:	07a2                	slli	a5,a5,0x8
    7ab4:	8d5d                	or	a0,a0,a5
    7ab6:	c42fc0ef          	jal	ra,3ef8 <ntohs>
    7aba:	890d                	andi	a0,a0,3
    7abc:	16051a63          	bnez	a0,7c30 <tcp_enqueue+0x442>
    7ac0:	003b7793          	andi	a5,s6,3
    7ac4:	c781                	beqz	a5,7acc <tcp_enqueue+0x2de>
    7ac6:	4785                	li	a5,1
    7ac8:	16fb1463          	bne	s6,a5,7c30 <tcp_enqueue+0x442>
    7acc:	00c9d703          	lhu	a4,12(s3)
    7ad0:	00ca5783          	lhu	a5,12(s4)
    7ad4:	97ba                	add	a5,a5,a4
    7ad6:	04095703          	lhu	a4,64(s2)
    7ada:	14f74b63          	blt	a4,a5,7c30 <tcp_enqueue+0x442>
    7ade:	00ea4703          	lbu	a4,14(s4)
    7ae2:	00e9c783          	lbu	a5,14(s3)
    7ae6:	14f71563          	bne	a4,a5,7c30 <tcp_enqueue+0x442>
    7aea:	010a2703          	lw	a4,16(s4)
    7aee:	3348                	lbu	a0,5(a4)
    7af0:	235c                	lbu	a5,4(a4)
    7af2:	0522                	slli	a0,a0,0x8
    7af4:	8d5d                	or	a0,a0,a5
    7af6:	237c                	lbu	a5,6(a4)
    7af8:	07c2                	slli	a5,a5,0x10
    7afa:	8fc9                	or	a5,a5,a0
    7afc:	3368                	lbu	a0,7(a4)
    7afe:	0562                	slli	a0,a0,0x18
    7b00:	8d5d                	or	a0,a0,a5
    7b02:	c28fc0ef          	jal	ra,3f2a <ntohl>
    7b06:	0109a703          	lw	a4,16(s3)
    7b0a:	00ca5b83          	lhu	s7,12(s4)
    7b0e:	235c                	lbu	a5,4(a4)
    7b10:	9baa                	add	s7,s7,a0
    7b12:	3348                	lbu	a0,5(a4)
    7b14:	0522                	slli	a0,a0,0x8
    7b16:	8d5d                	or	a0,a0,a5
    7b18:	237c                	lbu	a5,6(a4)
    7b1a:	07c2                	slli	a5,a5,0x10
    7b1c:	8fc9                	or	a5,a5,a0
    7b1e:	3368                	lbu	a0,7(a4)
    7b20:	0562                	slli	a0,a0,0x18
    7b22:	8d5d                	or	a0,a0,a5
    7b24:	c06fc0ef          	jal	ra,3f2a <ntohl>
    7b28:	10ab9463          	bne	s7,a0,7c30 <tcp_enqueue+0x442>
    7b2c:	47c2                	lw	a5,16(sp)
    7b2e:	55b1                	li	a1,-20
    7b30:	0049a503          	lw	a0,4(s3)
    7b34:	8d9d                	sub	a1,a1,a5
    7b36:	05c2                	slli	a1,a1,0x10
    7b38:	85c1                	srai	a1,a1,0x10
    7b3a:	f3efd0ef          	jal	ra,5278 <pbuf_header>
    7b3e:	f0051be3          	bnez	a0,7a54 <tcp_enqueue+0x266>
    7b42:	0049a503          	lw	a0,4(s3)
    7b46:	253e                	lhu	a5,10(a0)
    7b48:	eb99                	bnez	a5,7b5e <tcp_enqueue+0x370>
    7b4a:	411c                	lw	a5,0(a0)
    7b4c:	14fd                	addi	s1,s1,-1
    7b4e:	04c2                	slli	s1,s1,0x10
    7b50:	00f9a223          	sw	a5,4(s3)
    7b54:	00052023          	sw	zero,0(a0)
    7b58:	80c1                	srli	s1,s1,0x10
    7b5a:	f8cfd0ef          	jal	ra,52e6 <pbuf_free>
    7b5e:	001b7793          	andi	a5,s6,1
    7b62:	c7cd                	beqz	a5,7c0c <tcp_enqueue+0x41e>
    7b64:	010a2783          	lw	a5,16(s4)
    7b68:	00d7cb83          	lbu	s7,13(a5) # 1000d <_data_lma+0x69d9>
    7b6c:	27c8                	lbu	a0,12(a5)
    7b6e:	0ba2                	slli	s7,s7,0x8
    7b70:	00abebb3          	or	s7,s7,a0
    7b74:	4505                	li	a0,1
    7b76:	b74fc0ef          	jal	ra,3eea <htons>
    7b7a:	010a2783          	lw	a5,16(s4)
    7b7e:	00abe533          	or	a0,s7,a0
    7b82:	0542                	slli	a0,a0,0x10
    7b84:	8141                	srli	a0,a0,0x10
    7b86:	a7c8                	sb	a0,12(a5)
    7b88:	8121                	srli	a0,a0,0x8
    7b8a:	b7c8                	sb	a0,13(a5)
    7b8c:	00899563          	bne	s3,s0,7b96 <tcp_enqueue+0x3a8>
    7b90:	00ca5c03          	lhu	s8,12(s4)
    7b94:	8452                	mv	s0,s4
    7b96:	85ce                	mv	a1,s3
    7b98:	4511                	li	a0,4
    7b9a:	d7afd0ef          	jal	ra,5114 <memp_free>
    7b9e:	003b7793          	andi	a5,s6,3
    7ba2:	c789                	beqz	a5,7bac <tcp_enqueue+0x3be>
    7ba4:	0a85                	addi	s5,s5,1
    7ba6:	0ac2                	slli	s5,s5,0x10
    7ba8:	010ada93          	srli	s5,s5,0x10
    7bac:	001b7b13          	andi	s6,s6,1
    7bb0:	000b0863          	beqz	s6,7bc0 <tcp_enqueue+0x3d2>
    7bb4:	02694783          	lbu	a5,38(s2)
    7bb8:	0207e793          	ori	a5,a5,32
    7bbc:	02f90323          	sb	a5,38(s2)
    7bc0:	07092783          	lw	a5,112(s2)
    7bc4:	06991c23          	sh	s1,120(s2)
    7bc8:	4a01                	li	s4,0
    7bca:	97d6                	add	a5,a5,s5
    7bcc:	06f92823          	sw	a5,112(s2)
    7bd0:	07695783          	lhu	a5,118(s2)
    7bd4:	41578ab3          	sub	s5,a5,s5
    7bd8:	07591b23          	sh	s5,118(s2)
    7bdc:	c20c0ae3          	beqz	s8,7810 <tcp_enqueue+0x22>
    7be0:	481c                	lw	a5,16(s0)
    7be2:	c20787e3          	beqz	a5,7810 <tcp_enqueue+0x22>
    7be6:	4752                	lw	a4,20(sp)
    7be8:	8b09                	andi	a4,a4,2
    7bea:	c20713e3          	bnez	a4,7810 <tcp_enqueue+0x22>
    7bee:	37c4                	lbu	s1,13(a5)
    7bf0:	27c8                	lbu	a0,12(a5)
    7bf2:	04a2                	slli	s1,s1,0x8
    7bf4:	8cc9                	or	s1,s1,a0
    7bf6:	4521                	li	a0,8
    7bf8:	af2fc0ef          	jal	ra,3eea <htons>
    7bfc:	481c                	lw	a5,16(s0)
    7bfe:	8d45                	or	a0,a0,s1
    7c00:	0542                	slli	a0,a0,0x10
    7c02:	8141                	srli	a0,a0,0x10
    7c04:	a7c8                	sb	a0,12(a5)
    7c06:	8121                	srli	a0,a0,0x8
    7c08:	b7c8                	sb	a0,13(a5)
    7c0a:	b119                	j	7810 <tcp_enqueue+0x22>
    7c0c:	0049a583          	lw	a1,4(s3)
    7c10:	004a2503          	lw	a0,4(s4)
    7c14:	8d5fd0ef          	jal	ra,54e8 <pbuf_cat>
    7c18:	00c9d703          	lhu	a4,12(s3)
    7c1c:	00ca5783          	lhu	a5,12(s4)
    7c20:	97ba                	add	a5,a5,a4
    7c22:	00fa1623          	sh	a5,12(s4)
    7c26:	0009a783          	lw	a5,0(s3)
    7c2a:	00fa2023          	sw	a5,0(s4)
    7c2e:	bfb9                	j	7b8c <tcp_enqueue+0x39e>
    7c30:	013a2023          	sw	s3,0(s4)
    7c34:	b7ad                	j	7b9e <tcp_enqueue+0x3b0>

00007c36 <tcp_send_ctrl>:
tcp_send_ctrl():
    7c36:	dbaf82ef          	jal	t0,1f0 <__riscv_save_0>
    7c3a:	86ae                	mv	a3,a1
    7c3c:	4781                	li	a5,0
    7c3e:	4705                	li	a4,1
    7c40:	4601                	li	a2,0
    7c42:	4581                	li	a1,0
    7c44:	babff0ef          	jal	ra,77ee <tcp_enqueue>
    7c48:	dccf806f          	j	214 <__riscv_restore_0>

00007c4c <tcp_write>:
tcp_write():
    7c4c:	87aa                	mv	a5,a0
    7c4e:	4908                	lw	a0,16(a0)
    7c50:	471d                	li	a4,7
    7c52:	00e50863          	beq	a0,a4,7c62 <tcp_write+0x16>
    7c56:	ffe50813          	addi	a6,a0,-2
    7c5a:	4709                	li	a4,2
    7c5c:	5561                	li	a0,-8
    7c5e:	01076e63          	bltu	a4,a6,7c7a <tcp_write+0x2e>
    7c62:	4501                	li	a0,0
    7c64:	ca19                	beqz	a2,7c7a <tcp_write+0x2e>
    7c66:	d8af82ef          	jal	t0,1f0 <__riscv_save_0>
    7c6a:	8736                	mv	a4,a3
    7c6c:	853e                	mv	a0,a5
    7c6e:	4681                	li	a3,0
    7c70:	4781                	li	a5,0
    7c72:	b7dff0ef          	jal	ra,77ee <tcp_enqueue>
    7c76:	d9ef806f          	j	214 <__riscv_restore_0>
    7c7a:	8082                	ret

00007c7c <tcp_send_empty_ack>:
tcp_send_empty_ack():
    7c7c:	d5af82ef          	jal	t0,1d6 <__riscv_save_4>
    7c80:	842a                	mv	s0,a0
    7c82:	4601                	li	a2,0
    7c84:	45d1                	li	a1,20
    7c86:	4505                	li	a0,1
    7c88:	eacfd0ef          	jal	ra,5334 <pbuf_alloc>
    7c8c:	cd31                	beqz	a0,7ce8 <tcp_send_empty_ack+0x6c>
    7c8e:	02644783          	lbu	a5,38(s0)
    7c92:	84aa                	mv	s1,a0
    7c94:	5028                	lw	a0,96(s0)
    7c96:	9bf1                	andi	a5,a5,-4
    7c98:	02f40323          	sb	a5,38(s0)
    7c9c:	a6afc0ef          	jal	ra,3f06 <htonl>
    7ca0:	40cc                	lw	a1,4(s1)
    7ca2:	862a                	mv	a2,a0
    7ca4:	8522                	mv	a0,s0
    7ca6:	a75ff0ef          	jal	ra,771a <tcp_output_set_header.isra.0.constprop.1>
    7caa:	249a                	lhu	a4,8(s1)
    7cac:	00440913          	addi	s2,s0,4
    7cb0:	89aa                	mv	s3,a0
    7cb2:	4699                	li	a3,6
    7cb4:	864a                	mv	a2,s2
    7cb6:	85a2                	mv	a1,s0
    7cb8:	8526                	mv	a0,s1
    7cba:	6e3000ef          	jal	ra,8b9c <inet_chksum_pseudo>
    7cbe:	00a98823          	sb	a0,16(s3)
    7cc2:	8121                	srli	a0,a0,0x8
    7cc4:	00a988a3          	sb	a0,17(s3)
    7cc8:	2438                	lbu	a4,10(s0)
    7cca:	3434                	lbu	a3,11(s0)
    7ccc:	4799                	li	a5,6
    7cce:	864a                	mv	a2,s2
    7cd0:	85a2                	mv	a1,s0
    7cd2:	8526                	mv	a0,s1
    7cd4:	ea2fc0ef          	jal	ra,4376 <ip_output>
    7cd8:	8526                	mv	a0,s1
    7cda:	e0cfd0ef          	jal	ra,52e6 <pbuf_free>
    7cde:	4501                	li	a0,0
    7ce0:	020403a3          	sb	zero,39(s0)
    7ce4:	d26f806f          	j	20a <__riscv_restore_4>
    7ce8:	5579                	li	a0,-2
    7cea:	bfed                	j	7ce4 <tcp_send_empty_ack+0x68>

00007cec <tcp_output>:
tcp_output():
    7cec:	9401a783          	lw	a5,-1728(gp) # 20000160 <tcp_input_pcb>
    7cf0:	36a78063          	beq	a5,a0,8050 <tcp_output+0x364>
    7cf4:	cccf82ef          	jal	t0,1c0 <__riscv_save_12>
    7cf8:	06455783          	lhu	a5,100(a0)
    7cfc:	05a55a03          	lhu	s4,90(a0)
    7d00:	0147f363          	bgeu	a5,s4,7d06 <tcp_output+0x1a>
    7d04:	8a3e                	mv	s4,a5
    7d06:	02654783          	lbu	a5,38(a0)
    7d0a:	0a42                	slli	s4,s4,0x10
    7d0c:	842a                	mv	s0,a0
    7d0e:	8b89                	andi	a5,a5,2
    7d10:	010a5a13          	srli	s4,s4,0x10
    7d14:	5d64                	lw	s1,124(a0)
    7d16:	cb95                	beqz	a5,7d4a <tcp_output+0x5e>
    7d18:	e491                	bnez	s1,7d24 <tcp_output+0x38>
    7d1a:	8522                	mv	a0,s0
    7d1c:	f61ff0ef          	jal	ra,7c7c <tcp_send_empty_ack>
    7d20:	cdcf806f          	j	1fc <__riscv_restore_12>
    7d24:	4898                	lw	a4,16(s1)
    7d26:	3348                	lbu	a0,5(a4)
    7d28:	235c                	lbu	a5,4(a4)
    7d2a:	0522                	slli	a0,a0,0x8
    7d2c:	8d5d                	or	a0,a0,a5
    7d2e:	237c                	lbu	a5,6(a4)
    7d30:	07c2                	slli	a5,a5,0x10
    7d32:	8fc9                	or	a5,a5,a0
    7d34:	3368                	lbu	a0,7(a4)
    7d36:	0562                	slli	a0,a0,0x18
    7d38:	8d5d                	or	a0,a0,a5
    7d3a:	9f0fc0ef          	jal	ra,3f2a <ntohl>
    7d3e:	24de                	lhu	a5,12(s1)
    7d40:	4878                	lw	a4,84(s0)
    7d42:	8f99                	sub	a5,a5,a4
    7d44:	953e                	add	a0,a0,a5
    7d46:	fcaa6ae3          	bltu	s4,a0,7d1a <tcp_output+0x2e>
    7d4a:	08042983          	lw	s3,128(s0)
    7d4e:	08099663          	bnez	s3,7dda <tcp_output+0xee>
    7d52:	20007ab7          	lui	s5,0x20007
    7d56:	4b89                	li	s7,2
    7d58:	440a8a93          	addi	s5,s5,1088 # 20007440 <WCHCfg>
    7d5c:	02040c37          	lui	s8,0x2040
    7d60:	00440b13          	addi	s6,s0,4
    7d64:	5cfd                	li	s9,-1
    7d66:	c0ad                	beqz	s1,7dc8 <tcp_output+0xdc>
    7d68:	4898                	lw	a4,16(s1)
    7d6a:	3348                	lbu	a0,5(a4)
    7d6c:	235c                	lbu	a5,4(a4)
    7d6e:	0522                	slli	a0,a0,0x8
    7d70:	8d5d                	or	a0,a0,a5
    7d72:	237c                	lbu	a5,6(a4)
    7d74:	07c2                	slli	a5,a5,0x10
    7d76:	8fc9                	or	a5,a5,a0
    7d78:	3368                	lbu	a0,7(a4)
    7d7a:	0562                	slli	a0,a0,0x18
    7d7c:	8d5d                	or	a0,a0,a5
    7d7e:	9acfc0ef          	jal	ra,3f2a <ntohl>
    7d82:	24de                	lhu	a5,12(s1)
    7d84:	4878                	lw	a4,84(s0)
    7d86:	8f99                	sub	a5,a5,a4
    7d88:	953e                	add	a0,a0,a5
    7d8a:	04aa7c63          	bgeu	s4,a0,7de2 <tcp_output+0xf6>
    7d8e:	0b044783          	lbu	a5,176(s0)
    7d92:	eb9d                	bnez	a5,7dc8 <tcp_output+0xdc>
    7d94:	4898                	lw	a4,16(s1)
    7d96:	3348                	lbu	a0,5(a4)
    7d98:	235c                	lbu	a5,4(a4)
    7d9a:	0522                	slli	a0,a0,0x8
    7d9c:	8d5d                	or	a0,a0,a5
    7d9e:	237c                	lbu	a5,6(a4)
    7da0:	07c2                	slli	a5,a5,0x10
    7da2:	8fc9                	or	a5,a5,a0
    7da4:	3368                	lbu	a0,7(a4)
    7da6:	0562                	slli	a0,a0,0x18
    7da8:	8d5d                	or	a0,a0,a5
    7daa:	980fc0ef          	jal	ra,3f2a <ntohl>
    7dae:	24de                	lhu	a5,12(s1)
    7db0:	4878                	lw	a4,84(s0)
    7db2:	8f99                	sub	a5,a5,a4
    7db4:	953e                	add	a0,a0,a5
    7db6:	06445783          	lhu	a5,100(s0)
    7dba:	00a7f763          	bgeu	a5,a0,7dc8 <tcp_output+0xdc>
    7dbe:	4785                	li	a5,1
    7dc0:	0a042623          	sw	zero,172(s0)
    7dc4:	0af40823          	sb	a5,176(s0)
    7dc8:	02644783          	lbu	a5,38(s0)
    7dcc:	4501                	li	a0,0
    7dce:	07f7f793          	andi	a5,a5,127
    7dd2:	02f40323          	sb	a5,38(s0)
    7dd6:	b7a9                	j	7d20 <tcp_output+0x34>
    7dd8:	89be                	mv	s3,a5
    7dda:	0009a783          	lw	a5,0(s3)
    7dde:	ffed                	bnez	a5,7dd8 <tcp_output+0xec>
    7de0:	bf8d                	j	7d52 <tcp_output+0x66>
    7de2:	08042783          	lw	a5,128(s0)
    7de6:	c395                	beqz	a5,7e0a <tcp_output+0x11e>
    7de8:	02644783          	lbu	a5,38(s0)
    7dec:	0447f713          	andi	a4,a5,68
    7df0:	ef09                	bnez	a4,7e0a <tcp_output+0x11e>
    7df2:	5c78                	lw	a4,124(s0)
    7df4:	cb01                	beqz	a4,7e04 <tcp_output+0x118>
    7df6:	4314                	lw	a3,0(a4)
    7df8:	ea89                	bnez	a3,7e0a <tcp_output+0x11e>
    7dfa:	2756                	lhu	a3,12(a4)
    7dfc:	04045703          	lhu	a4,64(s0)
    7e00:	00e6f563          	bgeu	a3,a4,7e0a <tcp_output+0x11e>
    7e04:	0a07f793          	andi	a5,a5,160
    7e08:	d3d9                	beqz	a5,7d8e <tcp_output+0xa2>
    7e0a:	409c                	lw	a5,0(s1)
    7e0c:	dc7c                	sw	a5,124(s0)
    7e0e:	481c                	lw	a5,16(s0)
    7e10:	03778963          	beq	a5,s7,7e42 <tcp_output+0x156>
    7e14:	489c                	lw	a5,16(s1)
    7e16:	00d7c903          	lbu	s2,13(a5)
    7e1a:	27c8                	lbu	a0,12(a5)
    7e1c:	0922                	slli	s2,s2,0x8
    7e1e:	00a96933          	or	s2,s2,a0
    7e22:	4541                	li	a0,16
    7e24:	8c6fc0ef          	jal	ra,3eea <htons>
    7e28:	489c                	lw	a5,16(s1)
    7e2a:	00a96533          	or	a0,s2,a0
    7e2e:	0542                	slli	a0,a0,0x10
    7e30:	8141                	srli	a0,a0,0x10
    7e32:	a7c8                	sb	a0,12(a5)
    7e34:	8121                	srli	a0,a0,0x8
    7e36:	b7c8                	sb	a0,13(a5)
    7e38:	02644783          	lbu	a5,38(s0)
    7e3c:	9bf1                	andi	a5,a5,-4
    7e3e:	02f40323          	sb	a5,38(s0)
    7e42:	5408                	lw	a0,40(s0)
    7e44:	0104a903          	lw	s2,16(s1)
    7e48:	8befc0ef          	jal	ra,3f06 <htonl>
    7e4c:	00855793          	srli	a5,a0,0x8
    7e50:	00a90423          	sb	a0,8(s2)
    7e54:	00f904a3          	sb	a5,9(s2)
    7e58:	01055793          	srli	a5,a0,0x10
    7e5c:	8161                	srli	a0,a0,0x18
    7e5e:	00a905a3          	sb	a0,11(s2)
    7e62:	346a                	lhu	a0,46(s0)
    7e64:	00f90523          	sb	a5,10(s2)
    7e68:	0104a903          	lw	s2,16(s1)
    7e6c:	87efc0ef          	jal	ra,3eea <htons>
    7e70:	347a                	lhu	a4,46(s0)
    7e72:	541c                	lw	a5,40(s0)
    7e74:	00a90723          	sb	a0,14(s2)
    7e78:	8121                	srli	a0,a0,0x8
    7e7a:	00a907a3          	sb	a0,15(s2)
    7e7e:	97ba                	add	a5,a5,a4
    7e80:	b87a                	sh	a4,54(s0)
    7e82:	d81c                	sw	a5,48(s0)
    7e84:	24fc                	lbu	a5,14(s1)
    7e86:	8b85                	andi	a5,a5,1
    7e88:	cb99                	beqz	a5,7e9e <tcp_output+0x1b2>
    7e8a:	004aa503          	lw	a0,4(s5)
    7e8e:	0104a903          	lw	s2,16(s1)
    7e92:	00ac6533          	or	a0,s8,a0
    7e96:	870fc0ef          	jal	ra,3f06 <htonl>
    7e9a:	00a92a23          	sw	a0,20(s2)
    7e9e:	401c                	lw	a5,0(s0)
    7ea0:	e799                	bnez	a5,7eae <tcp_output+0x1c2>
    7ea2:	855a                	mv	a0,s6
    7ea4:	892fc0ef          	jal	ra,3f36 <ip_route>
    7ea8:	c559                	beqz	a0,7f36 <tcp_output+0x24a>
    7eaa:	415c                	lw	a5,4(a0)
    7eac:	c01c                	sw	a5,0(s0)
    7eae:	03e41783          	lh	a5,62(s0)
    7eb2:	01979463          	bne	a5,s9,7eba <tcp_output+0x1ce>
    7eb6:	02041f23          	sh	zero,62(s0)
    7eba:	407c                	lw	a5,68(s0)
    7ebc:	e395                	bnez	a5,7ee0 <tcp_output+0x1f4>
    7ebe:	9181a783          	lw	a5,-1768(gp) # 20000138 <tcp_ticks>
    7ec2:	4898                	lw	a4,16(s1)
    7ec4:	c07c                	sw	a5,68(s0)
    7ec6:	3348                	lbu	a0,5(a4)
    7ec8:	235c                	lbu	a5,4(a4)
    7eca:	0522                	slli	a0,a0,0x8
    7ecc:	8d5d                	or	a0,a0,a5
    7ece:	237c                	lbu	a5,6(a4)
    7ed0:	07c2                	slli	a5,a5,0x10
    7ed2:	8fc9                	or	a5,a5,a0
    7ed4:	3368                	lbu	a0,7(a4)
    7ed6:	0562                	slli	a0,a0,0x18
    7ed8:	8d5d                	or	a0,a0,a5
    7eda:	850fc0ef          	jal	ra,3f2a <ntohl>
    7ede:	c428                	sw	a0,72(s0)
    7ee0:	40c8                	lw	a0,4(s1)
    7ee2:	0104a903          	lw	s2,16(s1)
    7ee6:	4699                	li	a3,6
    7ee8:	4158                	lw	a4,4(a0)
    7eea:	01252223          	sw	s2,4(a0)
    7eee:	865a                	mv	a2,s6
    7ef0:	40e90733          	sub	a4,s2,a4
    7ef4:	01071793          	slli	a5,a4,0x10
    7ef8:	253a                	lhu	a4,10(a0)
    7efa:	83c1                	srli	a5,a5,0x10
    7efc:	85a2                	mv	a1,s0
    7efe:	8f1d                	sub	a4,a4,a5
    7f00:	a53a                	sh	a4,10(a0)
    7f02:	251a                	lhu	a4,8(a0)
    7f04:	8f1d                	sub	a4,a4,a5
    7f06:	0742                	slli	a4,a4,0x10
    7f08:	8341                	srli	a4,a4,0x10
    7f0a:	a51a                	sh	a4,8(a0)
    7f0c:	00090823          	sb	zero,16(s2)
    7f10:	000908a3          	sb	zero,17(s2)
    7f14:	489000ef          	jal	ra,8b9c <inet_chksum_pseudo>
    7f18:	00a90823          	sb	a0,16(s2)
    7f1c:	8121                	srli	a0,a0,0x8
    7f1e:	00a908a3          	sb	a0,17(s2)
    7f22:	2438                	lbu	a4,10(s0)
    7f24:	3434                	lbu	a3,11(s0)
    7f26:	40c8                	lw	a0,4(s1)
    7f28:	4799                	li	a5,6
    7f2a:	865a                	mv	a2,s6
    7f2c:	85a2                	mv	a1,s0
    7f2e:	c48fc0ef          	jal	ra,4376 <ip_output>
    7f32:	020403a3          	sb	zero,39(s0)
    7f36:	4898                	lw	a4,16(s1)
    7f38:	3348                	lbu	a0,5(a4)
    7f3a:	235c                	lbu	a5,4(a4)
    7f3c:	0522                	slli	a0,a0,0x8
    7f3e:	8d5d                	or	a0,a0,a5
    7f40:	237c                	lbu	a5,6(a4)
    7f42:	07c2                	slli	a5,a5,0x10
    7f44:	8fc9                	or	a5,a5,a0
    7f46:	3368                	lbu	a0,7(a4)
    7f48:	0562                	slli	a0,a0,0x18
    7f4a:	8d5d                	or	a0,a0,a5
    7f4c:	fdffb0ef          	jal	ra,3f2a <ntohl>
    7f50:	489c                	lw	a5,16(s1)
    7f52:	892a                	mv	s2,a0
    7f54:	00c4dd83          	lhu	s11,12(s1)
    7f58:	27c8                	lbu	a0,12(a5)
    7f5a:	37dc                	lbu	a5,13(a5)
    7f5c:	07a2                	slli	a5,a5,0x8
    7f5e:	8d5d                	or	a0,a0,a5
    7f60:	f99fb0ef          	jal	ra,3ef8 <ntohs>
    7f64:	890d                	andi	a0,a0,3
    7f66:	00a03533          	snez	a0,a0
    7f6a:	503c                	lw	a5,96(s0)
    7f6c:	956e                	add	a0,a0,s11
    7f6e:	954a                	add	a0,a0,s2
    7f70:	8f89                	sub	a5,a5,a0
    7f72:	0007d363          	bgez	a5,7f78 <tcp_output+0x28c>
    7f76:	d028                	sw	a0,96(s0)
    7f78:	489c                	lw	a5,16(s1)
    7f7a:	00c4d903          	lhu	s2,12(s1)
    7f7e:	27c8                	lbu	a0,12(a5)
    7f80:	37dc                	lbu	a5,13(a5)
    7f82:	07a2                	slli	a5,a5,0x8
    7f84:	8d5d                	or	a0,a0,a5
    7f86:	f73fb0ef          	jal	ra,3ef8 <ntohs>
    7f8a:	890d                	andi	a0,a0,3
    7f8c:	00a03533          	snez	a0,a0
    7f90:	954a                	add	a0,a0,s2
    7f92:	c95d                	beqz	a0,8048 <tcp_output+0x35c>
    7f94:	08042783          	lw	a5,128(s0)
    7f98:	0004a023          	sw	zero,0(s1)
    7f9c:	e789                	bnez	a5,7fa6 <tcp_output+0x2ba>
    7f9e:	08942023          	sw	s1,128(s0)
    7fa2:	89a6                	mv	s3,s1
    7fa4:	a899                	j	7ffa <tcp_output+0x30e>
    7fa6:	4898                	lw	a4,16(s1)
    7fa8:	3348                	lbu	a0,5(a4)
    7faa:	235c                	lbu	a5,4(a4)
    7fac:	0522                	slli	a0,a0,0x8
    7fae:	8d5d                	or	a0,a0,a5
    7fb0:	237c                	lbu	a5,6(a4)
    7fb2:	07c2                	slli	a5,a5,0x10
    7fb4:	8fc9                	or	a5,a5,a0
    7fb6:	3368                	lbu	a0,7(a4)
    7fb8:	0562                	slli	a0,a0,0x18
    7fba:	8d5d                	or	a0,a0,a5
    7fbc:	f6ffb0ef          	jal	ra,3f2a <ntohl>
    7fc0:	0109a703          	lw	a4,16(s3)
    7fc4:	892a                	mv	s2,a0
    7fc6:	3348                	lbu	a0,5(a4)
    7fc8:	235c                	lbu	a5,4(a4)
    7fca:	0522                	slli	a0,a0,0x8
    7fcc:	8d5d                	or	a0,a0,a5
    7fce:	237c                	lbu	a5,6(a4)
    7fd0:	07c2                	slli	a5,a5,0x10
    7fd2:	8fc9                	or	a5,a5,a0
    7fd4:	3368                	lbu	a0,7(a4)
    7fd6:	0562                	slli	a0,a0,0x18
    7fd8:	8d5d                	or	a0,a0,a5
    7fda:	f51fb0ef          	jal	ra,3f2a <ntohl>
    7fde:	40a90533          	sub	a0,s2,a0
    7fe2:	06055063          	bgez	a0,8042 <tcp_output+0x356>
    7fe6:	08040913          	addi	s2,s0,128
    7fea:	00092783          	lw	a5,0(s2)
    7fee:	eb81                	bnez	a5,7ffe <tcp_output+0x312>
    7ff0:	00092783          	lw	a5,0(s2)
    7ff4:	c09c                	sw	a5,0(s1)
    7ff6:	00992023          	sw	s1,0(s2)
    7ffa:	5c64                	lw	s1,124(s0)
    7ffc:	b3ad                	j	7d66 <tcp_output+0x7a>
    7ffe:	4b98                	lw	a4,16(a5)
    8000:	3348                	lbu	a0,5(a4)
    8002:	235c                	lbu	a5,4(a4)
    8004:	0522                	slli	a0,a0,0x8
    8006:	8d5d                	or	a0,a0,a5
    8008:	237c                	lbu	a5,6(a4)
    800a:	07c2                	slli	a5,a5,0x10
    800c:	8fc9                	or	a5,a5,a0
    800e:	3368                	lbu	a0,7(a4)
    8010:	0562                	slli	a0,a0,0x18
    8012:	8d5d                	or	a0,a0,a5
    8014:	f17fb0ef          	jal	ra,3f2a <ntohl>
    8018:	4898                	lw	a4,16(s1)
    801a:	8daa                	mv	s11,a0
    801c:	3348                	lbu	a0,5(a4)
    801e:	235c                	lbu	a5,4(a4)
    8020:	0522                	slli	a0,a0,0x8
    8022:	8d5d                	or	a0,a0,a5
    8024:	237c                	lbu	a5,6(a4)
    8026:	07c2                	slli	a5,a5,0x10
    8028:	8fc9                	or	a5,a5,a0
    802a:	3368                	lbu	a0,7(a4)
    802c:	0562                	slli	a0,a0,0x18
    802e:	8d5d                	or	a0,a0,a5
    8030:	efbfb0ef          	jal	ra,3f2a <ntohl>
    8034:	40ad8533          	sub	a0,s11,a0
    8038:	fa055ce3          	bgez	a0,7ff0 <tcp_output+0x304>
    803c:	00092903          	lw	s2,0(s2)
    8040:	b76d                	j	7fea <tcp_output+0x2fe>
    8042:	0099a023          	sw	s1,0(s3)
    8046:	bfb1                	j	7fa2 <tcp_output+0x2b6>
    8048:	8526                	mv	a0,s1
    804a:	8c9fd0ef          	jal	ra,5912 <tcp_seg_free>
    804e:	b775                	j	7ffa <tcp_output+0x30e>
    8050:	4501                	li	a0,0
    8052:	8082                	ret

00008054 <tcp_rst>:
tcp_rst():
    8054:	982f82ef          	jal	t0,1d6 <__riscv_save_4>
    8058:	1141                	addi	sp,sp,-16
    805a:	8aaa                	mv	s5,a0
    805c:	84ae                	mv	s1,a1
    805e:	89b2                	mv	s3,a2
    8060:	45d1                	li	a1,20
    8062:	4601                	li	a2,0
    8064:	4505                	li	a0,1
    8066:	8a36                	mv	s4,a3
    8068:	c63a                	sw	a4,12(sp)
    806a:	8b3e                	mv	s6,a5
    806c:	ac8fd0ef          	jal	ra,5334 <pbuf_alloc>
    8070:	0e050363          	beqz	a0,8156 <tcp_rst+0x102>
    8074:	4732                	lw	a4,12(sp)
    8076:	4140                	lw	s0,4(a0)
    8078:	892a                	mv	s2,a0
    807a:	853a                	mv	a0,a4
    807c:	e6ffb0ef          	jal	ra,3eea <htons>
    8080:	a008                	sb	a0,0(s0)
    8082:	8121                	srli	a0,a0,0x8
    8084:	b008                	sb	a0,1(s0)
    8086:	855a                	mv	a0,s6
    8088:	e63fb0ef          	jal	ra,3eea <htons>
    808c:	a028                	sb	a0,2(s0)
    808e:	8121                	srli	a0,a0,0x8
    8090:	b028                	sb	a0,3(s0)
    8092:	8556                	mv	a0,s5
    8094:	e73fb0ef          	jal	ra,3f06 <htonl>
    8098:	00855793          	srli	a5,a0,0x8
    809c:	a048                	sb	a0,4(s0)
    809e:	b05c                	sb	a5,5(s0)
    80a0:	01055793          	srli	a5,a0,0x10
    80a4:	8161                	srli	a0,a0,0x18
    80a6:	a07c                	sb	a5,6(s0)
    80a8:	b068                	sb	a0,7(s0)
    80aa:	8526                	mv	a0,s1
    80ac:	e5bfb0ef          	jal	ra,3f06 <htonl>
    80b0:	00855793          	srli	a5,a0,0x8
    80b4:	a408                	sb	a0,8(s0)
    80b6:	b41c                	sb	a5,9(s0)
    80b8:	3444                	lbu	s1,13(s0)
    80ba:	01055793          	srli	a5,a0,0x10
    80be:	8161                	srli	a0,a0,0x18
    80c0:	b428                	sb	a0,11(s0)
    80c2:	2448                	lbu	a0,12(s0)
    80c4:	04a2                	slli	s1,s1,0x8
    80c6:	a43c                	sb	a5,10(s0)
    80c8:	8cc9                	or	s1,s1,a0
    80ca:	6541                	lui	a0,0x10
    80cc:	fc050513          	addi	a0,a0,-64 # ffc0 <_data_lma+0x698c>
    80d0:	e1bfb0ef          	jal	ra,3eea <htons>
    80d4:	8ce9                	and	s1,s1,a0
    80d6:	4551                	li	a0,20
    80d8:	e13fb0ef          	jal	ra,3eea <htons>
    80dc:	8d45                	or	a0,a0,s1
    80de:	0542                	slli	a0,a0,0x10
    80e0:	8141                	srli	a0,a0,0x10
    80e2:	200077b7          	lui	a5,0x20007
    80e6:	a448                	sb	a0,12(s0)
    80e8:	8121                	srli	a0,a0,0x8
    80ea:	b448                	sb	a0,13(s0)
    80ec:	4447d503          	lhu	a0,1092(a5) # 20007444 <WCHCfg+0x4>
    80f0:	dfbfb0ef          	jal	ra,3eea <htons>
    80f4:	a468                	sb	a0,14(s0)
    80f6:	345c                	lbu	a5,13(s0)
    80f8:	8121                	srli	a0,a0,0x8
    80fa:	b468                	sb	a0,15(s0)
    80fc:	2448                	lbu	a0,12(s0)
    80fe:	07a2                	slli	a5,a5,0x8
    8100:	00040923          	sb	zero,18(s0)
    8104:	8d5d                	or	a0,a0,a5
    8106:	000409a3          	sb	zero,19(s0)
    810a:	deffb0ef          	jal	ra,3ef8 <ntohs>
    810e:	6795                	lui	a5,0x5
    8110:	03f57513          	andi	a0,a0,63
    8114:	8d5d                	or	a0,a0,a5
    8116:	dd5fb0ef          	jal	ra,3eea <htons>
    811a:	00895703          	lhu	a4,8(s2)
    811e:	a448                	sb	a0,12(s0)
    8120:	8121                	srli	a0,a0,0x8
    8122:	b448                	sb	a0,13(s0)
    8124:	4699                	li	a3,6
    8126:	8652                	mv	a2,s4
    8128:	85ce                	mv	a1,s3
    812a:	00040823          	sb	zero,16(s0)
    812e:	000408a3          	sb	zero,17(s0)
    8132:	854a                	mv	a0,s2
    8134:	269000ef          	jal	ra,8b9c <inet_chksum_pseudo>
    8138:	a808                	sb	a0,16(s0)
    813a:	8121                	srli	a0,a0,0x8
    813c:	b808                	sb	a0,17(s0)
    813e:	4799                	li	a5,6
    8140:	4701                	li	a4,0
    8142:	08000693          	li	a3,128
    8146:	8652                	mv	a2,s4
    8148:	85ce                	mv	a1,s3
    814a:	854a                	mv	a0,s2
    814c:	a2afc0ef          	jal	ra,4376 <ip_output>
    8150:	854a                	mv	a0,s2
    8152:	994fd0ef          	jal	ra,52e6 <pbuf_free>
    8156:	0141                	addi	sp,sp,16
    8158:	8b2f806f          	j	20a <__riscv_restore_4>

0000815c <tcp_rexmit_rto>:
tcp_rexmit_rto():
    815c:	08052783          	lw	a5,128(a0)
    8160:	cb85                	beqz	a5,8190 <tcp_rexmit_rto+0x34>
    8162:	88ef82ef          	jal	t0,1f0 <__riscv_save_0>
    8166:	873e                	mv	a4,a5
    8168:	4314                	lw	a3,0(a4)
    816a:	e28d                	bnez	a3,818c <tcp_rexmit_rto+0x30>
    816c:	5d74                	lw	a3,124(a0)
    816e:	c314                	sw	a3,0(a4)
    8170:	dd7c                	sw	a5,124(a0)
    8172:	05254783          	lbu	a5,82(a0)
    8176:	08052023          	sw	zero,128(a0)
    817a:	04052223          	sw	zero,68(a0)
    817e:	0785                	addi	a5,a5,1
    8180:	04f50923          	sb	a5,82(a0)
    8184:	b69ff0ef          	jal	ra,7cec <tcp_output>
    8188:	88cf806f          	j	214 <__riscv_restore_0>
    818c:	8736                	mv	a4,a3
    818e:	bfe9                	j	8168 <tcp_rexmit_rto+0xc>
    8190:	8082                	ret

00008192 <tcp_rexmit>:
tcp_rexmit():
    8192:	844f82ef          	jal	t0,1d6 <__riscv_save_4>
    8196:	08052483          	lw	s1,128(a0)
    819a:	c495                	beqz	s1,81c6 <tcp_rexmit+0x34>
    819c:	409c                	lw	a5,0(s1)
    819e:	842a                	mv	s0,a0
    81a0:	07c50913          	addi	s2,a0,124
    81a4:	08f52023          	sw	a5,128(a0)
    81a8:	00092783          	lw	a5,0(s2)
    81ac:	ef99                	bnez	a5,81ca <tcp_rexmit+0x38>
    81ae:	00092783          	lw	a5,0(s2)
    81b2:	c09c                	sw	a5,0(s1)
    81b4:	00992023          	sw	s1,0(s2)
    81b8:	05244783          	lbu	a5,82(s0)
    81bc:	04042223          	sw	zero,68(s0)
    81c0:	0785                	addi	a5,a5,1
    81c2:	04f40923          	sb	a5,82(s0)
    81c6:	844f806f          	j	20a <__riscv_restore_4>
    81ca:	4b98                	lw	a4,16(a5)
    81cc:	3348                	lbu	a0,5(a4)
    81ce:	235c                	lbu	a5,4(a4)
    81d0:	0522                	slli	a0,a0,0x8
    81d2:	8d5d                	or	a0,a0,a5
    81d4:	237c                	lbu	a5,6(a4)
    81d6:	07c2                	slli	a5,a5,0x10
    81d8:	8fc9                	or	a5,a5,a0
    81da:	3368                	lbu	a0,7(a4)
    81dc:	0562                	slli	a0,a0,0x18
    81de:	8d5d                	or	a0,a0,a5
    81e0:	d4bfb0ef          	jal	ra,3f2a <ntohl>
    81e4:	4898                	lw	a4,16(s1)
    81e6:	89aa                	mv	s3,a0
    81e8:	3348                	lbu	a0,5(a4)
    81ea:	235c                	lbu	a5,4(a4)
    81ec:	0522                	slli	a0,a0,0x8
    81ee:	8d5d                	or	a0,a0,a5
    81f0:	237c                	lbu	a5,6(a4)
    81f2:	07c2                	slli	a5,a5,0x10
    81f4:	8fc9                	or	a5,a5,a0
    81f6:	3368                	lbu	a0,7(a4)
    81f8:	0562                	slli	a0,a0,0x18
    81fa:	8d5d                	or	a0,a0,a5
    81fc:	d2ffb0ef          	jal	ra,3f2a <ntohl>
    8200:	40a98533          	sub	a0,s3,a0
    8204:	fa0555e3          	bgez	a0,81ae <tcp_rexmit+0x1c>
    8208:	00092903          	lw	s2,0(s2)
    820c:	bf71                	j	81a8 <tcp_rexmit+0x16>

0000820e <tcp_rexmit_fast>:
tcp_rexmit_fast():
    820e:	08052783          	lw	a5,128(a0)
    8212:	cfb1                	beqz	a5,826e <tcp_rexmit_fast+0x60>
    8214:	fddf72ef          	jal	t0,1f0 <__riscv_save_0>
    8218:	02654783          	lbu	a5,38(a0)
    821c:	842a                	mv	s0,a0
    821e:	8b91                	andi	a5,a5,4
    8220:	e7a9                	bnez	a5,826a <tcp_rexmit_fast+0x5c>
    8222:	f71ff0ef          	jal	ra,8192 <tcp_rexmit>
    8226:	05a45683          	lhu	a3,90(s0)
    822a:	06445783          	lhu	a5,100(s0)
    822e:	0016d713          	srli	a4,a3,0x1
    8232:	00d7f463          	bgeu	a5,a3,823a <tcp_rexmit_fast+0x2c>
    8236:	0017d713          	srli	a4,a5,0x1
    823a:	04045783          	lhu	a5,64(s0)
    823e:	04e41e23          	sh	a4,92(s0)
    8242:	00179693          	slli	a3,a5,0x1
    8246:	00d75463          	bge	a4,a3,824e <tcp_rexmit_fast+0x40>
    824a:	04d41e23          	sh	a3,92(s0)
    824e:	470d                	li	a4,3
    8250:	02e787b3          	mul	a5,a5,a4
    8254:	05c45703          	lhu	a4,92(s0)
    8258:	97ba                	add	a5,a5,a4
    825a:	04f41d23          	sh	a5,90(s0)
    825e:	02644783          	lbu	a5,38(s0)
    8262:	0047e793          	ori	a5,a5,4
    8266:	02f40323          	sb	a5,38(s0)
    826a:	fabf706f          	j	214 <__riscv_restore_0>
    826e:	8082                	ret

00008270 <tcp_keepalive>:
tcp_keepalive():
    8270:	f67f72ef          	jal	t0,1d6 <__riscv_save_4>
    8274:	84aa                	mv	s1,a0
    8276:	4601                	li	a2,0
    8278:	45d1                	li	a1,20
    827a:	4505                	li	a0,1
    827c:	8b8fd0ef          	jal	ra,5334 <pbuf_alloc>
    8280:	c529                	beqz	a0,82ca <tcp_keepalive+0x5a>
    8282:	842a                	mv	s0,a0
    8284:	50a8                	lw	a0,96(s1)
    8286:	00448913          	addi	s2,s1,4
    828a:	157d                	addi	a0,a0,-1
    828c:	c7bfb0ef          	jal	ra,3f06 <htonl>
    8290:	404c                	lw	a1,4(s0)
    8292:	862a                	mv	a2,a0
    8294:	8526                	mv	a0,s1
    8296:	c84ff0ef          	jal	ra,771a <tcp_output_set_header.isra.0.constprop.1>
    829a:	241a                	lhu	a4,8(s0)
    829c:	89aa                	mv	s3,a0
    829e:	4699                	li	a3,6
    82a0:	864a                	mv	a2,s2
    82a2:	85a6                	mv	a1,s1
    82a4:	8522                	mv	a0,s0
    82a6:	0f7000ef          	jal	ra,8b9c <inet_chksum_pseudo>
    82aa:	00a98823          	sb	a0,16(s3)
    82ae:	8121                	srli	a0,a0,0x8
    82b0:	00a988a3          	sb	a0,17(s3)
    82b4:	34b4                	lbu	a3,11(s1)
    82b6:	4799                	li	a5,6
    82b8:	4701                	li	a4,0
    82ba:	864a                	mv	a2,s2
    82bc:	85a6                	mv	a1,s1
    82be:	8522                	mv	a0,s0
    82c0:	8b6fc0ef          	jal	ra,4376 <ip_output>
    82c4:	8522                	mv	a0,s0
    82c6:	820fd0ef          	jal	ra,52e6 <pbuf_free>
    82ca:	f41f706f          	j	20a <__riscv_restore_4>

000082ce <tcp_zero_window_probe>:
tcp_zero_window_probe():
    82ce:	f09f72ef          	jal	t0,1d6 <__riscv_save_4>
    82d2:	08052403          	lw	s0,128(a0)
    82d6:	e019                	bnez	s0,82dc <tcp_zero_window_probe+0xe>
    82d8:	5d60                	lw	s0,124(a0)
    82da:	c45d                	beqz	s0,8388 <tcp_zero_window_probe+0xba>
    82dc:	481c                	lw	a5,16(s0)
    82de:	84aa                	mv	s1,a0
    82e0:	27c8                	lbu	a0,12(a5)
    82e2:	37dc                	lbu	a5,13(a5)
    82e4:	07a2                	slli	a5,a5,0x8
    82e6:	8d5d                	or	a0,a0,a5
    82e8:	c11fb0ef          	jal	ra,3ef8 <ntohs>
    82ec:	8905                	andi	a0,a0,1
    82ee:	cd59                	beqz	a0,838c <tcp_zero_window_probe+0xbe>
    82f0:	245e                	lhu	a5,12(s0)
    82f2:	efc9                	bnez	a5,838c <tcp_zero_window_probe+0xbe>
    82f4:	4a05                	li	s4,1
    82f6:	45d1                	li	a1,20
    82f8:	4601                	li	a2,0
    82fa:	4505                	li	a0,1
    82fc:	838fd0ef          	jal	ra,5334 <pbuf_alloc>
    8300:	892a                	mv	s2,a0
    8302:	c159                	beqz	a0,8388 <tcp_zero_window_probe+0xba>
    8304:	4818                	lw	a4,16(s0)
    8306:	414c                	lw	a1,4(a0)
    8308:	8526                	mv	a0,s1
    830a:	3350                	lbu	a2,5(a4)
    830c:	235c                	lbu	a5,4(a4)
    830e:	0622                	slli	a2,a2,0x8
    8310:	8e5d                	or	a2,a2,a5
    8312:	237c                	lbu	a5,6(a4)
    8314:	07c2                	slli	a5,a5,0x10
    8316:	8fd1                	or	a5,a5,a2
    8318:	3370                	lbu	a2,7(a4)
    831a:	0662                	slli	a2,a2,0x18
    831c:	8e5d                	or	a2,a2,a5
    831e:	bfcff0ef          	jal	ra,771a <tcp_output_set_header.isra.0.constprop.1>
    8322:	89aa                	mv	s3,a0
    8324:	060a0763          	beqz	s4,8392 <tcp_zero_window_probe+0xc4>
    8328:	3540                	lbu	s0,13(a0)
    832a:	255c                	lbu	a5,12(a0)
    832c:	6541                	lui	a0,0x10
    832e:	0422                	slli	s0,s0,0x8
    8330:	fc050513          	addi	a0,a0,-64 # ffc0 <_data_lma+0x698c>
    8334:	8c5d                	or	s0,s0,a5
    8336:	bb5fb0ef          	jal	ra,3eea <htons>
    833a:	8c69                	and	s0,s0,a0
    833c:	4545                	li	a0,17
    833e:	badfb0ef          	jal	ra,3eea <htons>
    8342:	8c49                	or	s0,s0,a0
    8344:	01041793          	slli	a5,s0,0x10
    8348:	83c1                	srli	a5,a5,0x10
    834a:	00f98623          	sb	a5,12(s3)
    834e:	83a1                	srli	a5,a5,0x8
    8350:	00f986a3          	sb	a5,13(s3)
    8354:	00895703          	lhu	a4,8(s2)
    8358:	00448413          	addi	s0,s1,4
    835c:	4699                	li	a3,6
    835e:	8622                	mv	a2,s0
    8360:	85a6                	mv	a1,s1
    8362:	854a                	mv	a0,s2
    8364:	039000ef          	jal	ra,8b9c <inet_chksum_pseudo>
    8368:	00a98823          	sb	a0,16(s3)
    836c:	8121                	srli	a0,a0,0x8
    836e:	00a988a3          	sb	a0,17(s3)
    8372:	34b4                	lbu	a3,11(s1)
    8374:	4799                	li	a5,6
    8376:	4701                	li	a4,0
    8378:	8622                	mv	a2,s0
    837a:	85a6                	mv	a1,s1
    837c:	854a                	mv	a0,s2
    837e:	ff9fb0ef          	jal	ra,4376 <ip_output>
    8382:	854a                	mv	a0,s2
    8384:	f63fc0ef          	jal	ra,52e6 <pbuf_free>
    8388:	e83f706f          	j	20a <__riscv_restore_4>
    838c:	4a01                	li	s4,0
    838e:	45d5                	li	a1,21
    8390:	b7a5                	j	82f8 <tcp_zero_window_probe+0x2a>
    8392:	4418                	lw	a4,8(s0)
    8394:	00492783          	lw	a5,4(s2)
    8398:	00070703          	lb	a4,0(a4)
    839c:	abd8                	sb	a4,20(a5)
    839e:	bf5d                	j	8354 <tcp_zero_window_probe+0x86>

000083a0 <udp_input>:
udp_input():
    83a0:	e21f72ef          	jal	t0,1c0 <__riscv_save_12>
    83a4:	4140                	lw	s0,4(a0)
    83a6:	2506                	lhu	s1,8(a0)
    83a8:	892a                	mv	s2,a0
    83aa:	301c                	lbu	a5,1(s0)
    83ac:	2008                	lbu	a0,0(s0)
    83ae:	1141                	addi	sp,sp,-16
    83b0:	07a2                	slli	a5,a5,0x8
    83b2:	8d5d                	or	a0,a0,a5
    83b4:	8a2e                	mv	s4,a1
    83b6:	b43fb0ef          	jal	ra,3ef8 <ntohs>
    83ba:	8121                	srli	a0,a0,0x8
    83bc:	893d                	andi	a0,a0,15
    83be:	0509                	addi	a0,a0,2
    83c0:	050a                	slli	a0,a0,0x2
    83c2:	02a4c263          	blt	s1,a0,83e6 <udp_input+0x46>
    83c6:	301c                	lbu	a5,1(s0)
    83c8:	2008                	lbu	a0,0(s0)
    83ca:	07a2                	slli	a5,a5,0x8
    83cc:	8d5d                	or	a0,a0,a5
    83ce:	b2bfb0ef          	jal	ra,3ef8 <ntohs>
    83d2:	00655593          	srli	a1,a0,0x6
    83d6:	03c5f593          	andi	a1,a1,60
    83da:	40b005b3          	neg	a1,a1
    83de:	854a                	mv	a0,s2
    83e0:	e99fc0ef          	jal	ra,5278 <pbuf_header>
    83e4:	c519                	beqz	a0,83f2 <udp_input+0x52>
    83e6:	854a                	mv	a0,s2
    83e8:	efffc0ef          	jal	ra,52e6 <pbuf_free>
    83ec:	0141                	addi	sp,sp,16
    83ee:	e0ff706f          	j	1fc <__riscv_restore_12>
    83f2:	00492a83          	lw	s5,4(s2)
    83f6:	01040c13          	addi	s8,s0,16
    83fa:	85d2                	mv	a1,s4
    83fc:	8562                	mv	a0,s8
    83fe:	faffb0ef          	jal	ra,43ac <ip_addr_isbroadcast>
    8402:	001ac783          	lbu	a5,1(s5)
    8406:	8b2a                	mv	s6,a0
    8408:	000ac503          	lbu	a0,0(s5)
    840c:	07a2                	slli	a5,a5,0x8
    840e:	8d5d                	or	a0,a0,a5
    8410:	ae9fb0ef          	jal	ra,3ef8 <ntohs>
    8414:	003ac783          	lbu	a5,3(s5)
    8418:	8baa                	mv	s7,a0
    841a:	002ac503          	lbu	a0,2(s5)
    841e:	07a2                	slli	a5,a5,0x8
    8420:	8d5d                	or	a0,a0,a5
    8422:	ad7fb0ef          	jal	ra,3ef8 <ntohs>
    8426:	04400793          	li	a5,68
    842a:	86aa                	mv	a3,a0
    842c:	06f51d63          	bne	a0,a5,84a6 <udp_input+0x106>
    8430:	04300793          	li	a5,67
    8434:	12fb9963          	bne	s7,a5,8566 <udp_input+0x1c6>
    8438:	020a2783          	lw	a5,32(s4)
    843c:	12078563          	beqz	a5,8566 <udp_input+0x1c6>
    8440:	43c4                	lw	s1,4(a5)
    8442:	12048263          	beqz	s1,8566 <udp_input+0x1c6>
    8446:	40d4                	lw	a3,4(s1)
    8448:	ce89                	beqz	a3,8462 <udp_input+0xc2>
    844a:	3458                	lbu	a4,13(s0)
    844c:	245c                	lbu	a5,12(s0)
    844e:	0722                	slli	a4,a4,0x8
    8450:	8f5d                	or	a4,a4,a5
    8452:	247c                	lbu	a5,14(s0)
    8454:	07c2                	slli	a5,a5,0x10
    8456:	8f5d                	or	a4,a4,a5
    8458:	347c                	lbu	a5,15(s0)
    845a:	07e2                	slli	a5,a5,0x18
    845c:	8fd9                	or	a5,a5,a4
    845e:	10f69463          	bne	a3,a5,8566 <udp_input+0x1c6>
    8462:	007ac783          	lbu	a5,7(s5)
    8466:	006ac703          	lbu	a4,6(s5)
    846a:	07a2                	slli	a5,a5,0x8
    846c:	8fd9                	or	a5,a5,a4
    846e:	cb99                	beqz	a5,8484 <udp_input+0xe4>
    8470:	00895703          	lhu	a4,8(s2)
    8474:	46c5                	li	a3,17
    8476:	8662                	mv	a2,s8
    8478:	00c40593          	addi	a1,s0,12
    847c:	854a                	mv	a0,s2
    847e:	71e000ef          	jal	ra,8b9c <inet_chksum_pseudo>
    8482:	f135                	bnez	a0,83e6 <udp_input+0x46>
    8484:	55e1                	li	a1,-8
    8486:	854a                	mv	a0,s2
    8488:	df1fc0ef          	jal	ra,5278 <pbuf_header>
    848c:	fd29                	bnez	a0,83e6 <udp_input+0x46>
    848e:	0e048c63          	beqz	s1,8586 <udp_input+0x1e6>
    8492:	4c9c                	lw	a5,24(s1)
    8494:	dba9                	beqz	a5,83e6 <udp_input+0x46>
    8496:	4cc8                	lw	a0,28(s1)
    8498:	875e                	mv	a4,s7
    849a:	00c40693          	addi	a3,s0,12
    849e:	864a                	mv	a2,s2
    84a0:	85a6                	mv	a1,s1
    84a2:	9782                	jalr	a5
    84a4:	b7a1                	j	83ec <udp_input+0x4c>
    84a6:	94c1a483          	lw	s1,-1716(gp) # 2000016c <udp_pcbs>
    84aa:	4d01                	li	s10,0
    84ac:	4d81                	li	s11,0
    84ae:	94c18c93          	addi	s9,gp,-1716 # 2000016c <udp_pcbs>
    84b2:	76c00613          	li	a2,1900
    84b6:	e489                	bnez	s1,84c0 <udp_input+0x120>
    84b8:	0a0d0763          	beqz	s10,8566 <udp_input+0x1c6>
    84bc:	84ea                	mv	s1,s10
    84be:	b755                	j	8462 <udp_input+0xc2>
    84c0:	28be                	lhu	a5,18(s1)
    84c2:	08d79c63          	bne	a5,a3,855a <udp_input+0x1ba>
    84c6:	4098                	lw	a4,0(s1)
    84c8:	040b1563          	bnez	s6,8512 <udp_input+0x172>
    84cc:	e339                	bnez	a4,8512 <udp_input+0x172>
    84ce:	000d1663          	bnez	s10,84da <udp_input+0x13a>
    84d2:	289c                	lbu	a5,16(s1)
    84d4:	8b91                	andi	a5,a5,4
    84d6:	e391                	bnez	a5,84da <udp_input+0x13a>
    84d8:	8d26                	mv	s10,s1
    84da:	28de                	lhu	a5,20(s1)
    84dc:	09779263          	bne	a5,s7,8560 <udp_input+0x1c0>
    84e0:	40cc                	lw	a1,4(s1)
    84e2:	cd89                	beqz	a1,84fc <udp_input+0x15c>
    84e4:	3458                	lbu	a4,13(s0)
    84e6:	245c                	lbu	a5,12(s0)
    84e8:	0722                	slli	a4,a4,0x8
    84ea:	8f5d                	or	a4,a4,a5
    84ec:	247c                	lbu	a5,14(s0)
    84ee:	07c2                	slli	a5,a5,0x10
    84f0:	8f5d                	or	a4,a4,a5
    84f2:	347c                	lbu	a5,15(s0)
    84f4:	07e2                	slli	a5,a5,0x18
    84f6:	8fd9                	or	a5,a5,a4
    84f8:	06f59463          	bne	a1,a5,8560 <udp_input+0x1c0>
    84fc:	f60d83e3          	beqz	s11,8462 <udp_input+0xc2>
    8500:	44dc                	lw	a5,12(s1)
    8502:	00fda623          	sw	a5,12(s11)
    8506:	000ca783          	lw	a5,0(s9)
    850a:	009ca023          	sw	s1,0(s9)
    850e:	c4dc                	sw	a5,12(s1)
    8510:	bf89                	j	8462 <udp_input+0xc2>
    8512:	381c                	lbu	a5,17(s0)
    8514:	01044983          	lbu	s3,16(s0)
    8518:	07a2                	slli	a5,a5,0x8
    851a:	0137e7b3          	or	a5,a5,s3
    851e:	01244983          	lbu	s3,18(s0)
    8522:	09c2                	slli	s3,s3,0x10
    8524:	00f9e7b3          	or	a5,s3,a5
    8528:	01344983          	lbu	s3,19(s0)
    852c:	09e2                	slli	s3,s3,0x18
    852e:	00f9e9b3          	or	s3,s3,a5
    8532:	f8e98ee3          	beq	s3,a4,84ce <udp_input+0x12e>
    8536:	f0000537          	lui	a0,0xf0000
    853a:	c636                	sw	a3,12(sp)
    853c:	9effb0ef          	jal	ra,3f2a <ntohl>
    8540:	00a9f9b3          	and	s3,s3,a0
    8544:	e0000537          	lui	a0,0xe0000
    8548:	9e3fb0ef          	jal	ra,3f2a <ntohl>
    854c:	46b2                	lw	a3,12(sp)
    854e:	76c00613          	li	a2,1900
    8552:	f6a98ee3          	beq	s3,a0,84ce <udp_input+0x12e>
    8556:	f60b1ce3          	bnez	s6,84ce <udp_input+0x12e>
    855a:	8da6                	mv	s11,s1
    855c:	44c4                	lw	s1,12(s1)
    855e:	bfa1                	j	84b6 <udp_input+0x116>
    8560:	fec69de3          	bne	a3,a2,855a <udp_input+0x1ba>
    8564:	bdfd                	j	8462 <udp_input+0xc2>
    8566:	3818                	lbu	a4,17(s0)
    8568:	281c                	lbu	a5,16(s0)
    856a:	0722                	slli	a4,a4,0x8
    856c:	8f5d                	or	a4,a4,a5
    856e:	283c                	lbu	a5,18(s0)
    8570:	07c2                	slli	a5,a5,0x10
    8572:	8f5d                	or	a4,a4,a5
    8574:	383c                	lbu	a5,19(s0)
    8576:	07e2                	slli	a5,a5,0x18
    8578:	8fd9                	or	a5,a5,a4
    857a:	004a2703          	lw	a4,4(s4)
    857e:	e6f714e3          	bne	a4,a5,83e6 <udp_input+0x46>
    8582:	4481                	li	s1,0
    8584:	bdf9                	j	8462 <udp_input+0xc2>
    8586:	e60b10e3          	bnez	s6,83e6 <udp_input+0x46>
    858a:	381c                	lbu	a5,17(s0)
    858c:	2804                	lbu	s1,16(s0)
    858e:	f0000537          	lui	a0,0xf0000
    8592:	07a2                	slli	a5,a5,0x8
    8594:	8fc5                	or	a5,a5,s1
    8596:	2824                	lbu	s1,18(s0)
    8598:	04c2                	slli	s1,s1,0x10
    859a:	8fc5                	or	a5,a5,s1
    859c:	3824                	lbu	s1,19(s0)
    859e:	04e2                	slli	s1,s1,0x18
    85a0:	8cdd                	or	s1,s1,a5
    85a2:	989fb0ef          	jal	ra,3f2a <ntohl>
    85a6:	8ce9                	and	s1,s1,a0
    85a8:	e0000537          	lui	a0,0xe0000
    85ac:	97ffb0ef          	jal	ra,3f2a <ntohl>
    85b0:	e2a48be3          	beq	s1,a0,83e6 <udp_input+0x46>
    85b4:	301c                	lbu	a5,1(s0)
    85b6:	2008                	lbu	a0,0(s0)
    85b8:	07a2                	slli	a5,a5,0x8
    85ba:	8d5d                	or	a0,a0,a5
    85bc:	93dfb0ef          	jal	ra,3ef8 <ntohs>
    85c0:	00855593          	srli	a1,a0,0x8
    85c4:	89bd                	andi	a1,a1,15
    85c6:	0589                	addi	a1,a1,2
    85c8:	058a                	slli	a1,a1,0x2
    85ca:	854a                	mv	a0,s2
    85cc:	cadfc0ef          	jal	ra,5278 <pbuf_header>
    85d0:	458d                	li	a1,3
    85d2:	854a                	mv	a0,s2
    85d4:	230d                	jal	8af6 <icmp_dest_unreach>
    85d6:	bd01                	j	83e6 <udp_input+0x46>

000085d8 <udp_bind>:
udp_bind():
    85d8:	94c1a883          	lw	a7,-1716(gp) # 2000016c <udp_pcbs>
    85dc:	86aa                	mv	a3,a0
    85de:	4301                	li	t1,0
    85e0:	87c6                	mv	a5,a7
    85e2:	94c18813          	addi	a6,gp,-1716 # 2000016c <udp_pcbs>
    85e6:	e79d                	bnez	a5,8614 <udp_bind+0x3c>
    85e8:	c999                	beqz	a1,85fe <udp_bind+0x26>
    85ea:	3198                	lbu	a4,1(a1)
    85ec:	219c                	lbu	a5,0(a1)
    85ee:	0722                	slli	a4,a4,0x8
    85f0:	8f5d                	or	a4,a4,a5
    85f2:	21bc                	lbu	a5,2(a1)
    85f4:	07c2                	slli	a5,a5,0x10
    85f6:	8f5d                	or	a4,a4,a5
    85f8:	31bc                	lbu	a5,3(a1)
    85fa:	07e2                	slli	a5,a5,0x18
    85fc:	8fd9                	or	a5,a5,a4
    85fe:	c29c                	sw	a5,0(a3)
    8600:	c625                	beqz	a2,8668 <udp_bind+0x90>
    8602:	aab2                	sh	a2,18(a3)
    8604:	4501                	li	a0,0
    8606:	00031663          	bnez	t1,8612 <udp_bind+0x3a>
    860a:	0116a623          	sw	a7,12(a3)
    860e:	00d82023          	sw	a3,0(a6)
    8612:	8082                	ret
    8614:	02d78b63          	beq	a5,a3,864a <udp_bind+0x72>
    8618:	2bba                	lhu	a4,18(a5)
    861a:	02c71663          	bne	a4,a2,8646 <udp_bind+0x6e>
    861e:	0007ae03          	lw	t3,0(a5) # 5000 <mem_malloc+0x2c>
    8622:	000e1463          	bnez	t3,862a <udp_bind+0x52>
    8626:	5555                	li	a0,-11
    8628:	8082                	ret
    862a:	ddf5                	beqz	a1,8626 <udp_bind+0x4e>
    862c:	3188                	lbu	a0,1(a1)
    862e:	2198                	lbu	a4,0(a1)
    8630:	0522                	slli	a0,a0,0x8
    8632:	8d59                	or	a0,a0,a4
    8634:	21b8                	lbu	a4,2(a1)
    8636:	0742                	slli	a4,a4,0x10
    8638:	8d59                	or	a0,a0,a4
    863a:	31b8                	lbu	a4,3(a1)
    863c:	0762                	slli	a4,a4,0x18
    863e:	8f49                	or	a4,a4,a0
    8640:	d37d                	beqz	a4,8626 <udp_bind+0x4e>
    8642:	feee02e3          	beq	t3,a4,8626 <udp_bind+0x4e>
    8646:	47dc                	lw	a5,12(a5)
    8648:	bf79                	j	85e6 <udp_bind+0xe>
    864a:	4305                	li	t1,1
    864c:	bfed                	j	8646 <udp_bind+0x6e>
    864e:	2bae                	lhu	a1,18(a5)
    8650:	00c59a63          	bne	a1,a2,8664 <udp_bind+0x8c>
    8654:	0605                	addi	a2,a2,1
    8656:	0642                	slli	a2,a2,0x10
    8658:	8241                	srli	a2,a2,0x10
    865a:	87c6                	mv	a5,a7
    865c:	d3dd                	beqz	a5,8602 <udp_bind+0x2a>
    865e:	fee618e3          	bne	a2,a4,864e <udp_bind+0x76>
    8662:	b7d1                	j	8626 <udp_bind+0x4e>
    8664:	47dc                	lw	a5,12(a5)
    8666:	bfdd                	j	865c <udp_bind+0x84>
    8668:	6721                	lui	a4,0x8
    866a:	87c6                	mv	a5,a7
    866c:	6605                	lui	a2,0x1
    866e:	177d                	addi	a4,a4,-1
    8670:	b7f5                	j	865c <udp_bind+0x84>

00008672 <udp_sendto_if>:
udp_sendto_if():
    8672:	b65f72ef          	jal	t0,1d6 <__riscv_save_4>
    8676:	293e                	lhu	a5,18(a0)
    8678:	892a                	mv	s2,a0
    867a:	89ae                	mv	s3,a1
    867c:	8ab2                	mv	s5,a2
    867e:	8b36                	mv	s6,a3
    8680:	8a3a                	mv	s4,a4
    8682:	c7ad                	beqz	a5,86ec <udp_sendto_if+0x7a>
    8684:	45a1                	li	a1,8
    8686:	854e                	mv	a0,s3
    8688:	bf1fc0ef          	jal	ra,5278 <pbuf_header>
    868c:	84ce                	mv	s1,s3
    868e:	cd01                	beqz	a0,86a6 <udp_sendto_if+0x34>
    8690:	4601                	li	a2,0
    8692:	45a1                	li	a1,8
    8694:	4505                	li	a0,1
    8696:	c9ffc0ef          	jal	ra,5334 <pbuf_alloc>
    869a:	84aa                	mv	s1,a0
    869c:	547d                	li	s0,-1
    869e:	cd29                	beqz	a0,86f8 <udp_sendto_if+0x86>
    86a0:	85ce                	mv	a1,s3
    86a2:	e63fc0ef          	jal	ra,5504 <pbuf_chain>
    86a6:	01295503          	lhu	a0,18(s2)
    86aa:	40c0                	lw	s0,4(s1)
    86ac:	83ffb0ef          	jal	ra,3eea <htons>
    86b0:	a008                	sb	a0,0(s0)
    86b2:	8121                	srli	a0,a0,0x8
    86b4:	b008                	sb	a0,1(s0)
    86b6:	855a                	mv	a0,s6
    86b8:	833fb0ef          	jal	ra,3eea <htons>
    86bc:	00092783          	lw	a5,0(s2)
    86c0:	a028                	sb	a0,2(s0)
    86c2:	8121                	srli	a0,a0,0x8
    86c4:	b028                	sb	a0,3(s0)
    86c6:	00040323          	sb	zero,6(s0)
    86ca:	000403a3          	sb	zero,7(s0)
    86ce:	004a0b13          	addi	s6,s4,4
    86d2:	c795                	beqz	a5,86fe <udp_sendto_if+0x8c>
    86d4:	004a2703          	lw	a4,4(s4)
    86d8:	8b4a                	mv	s6,s2
    86da:	02e78263          	beq	a5,a4,86fe <udp_sendto_if+0x8c>
    86de:	545d                	li	s0,-9
    86e0:	01348c63          	beq	s1,s3,86f8 <udp_sendto_if+0x86>
    86e4:	8526                	mv	a0,s1
    86e6:	c01fc0ef          	jal	ra,52e6 <pbuf_free>
    86ea:	a039                	j	86f8 <udp_sendto_if+0x86>
    86ec:	4601                	li	a2,0
    86ee:	85aa                	mv	a1,a0
    86f0:	ee9ff0ef          	jal	ra,85d8 <udp_bind>
    86f4:	842a                	mv	s0,a0
    86f6:	d559                	beqz	a0,8684 <udp_sendto_if+0x12>
    86f8:	8522                	mv	a0,s0
    86fa:	b11f706f          	j	20a <__riscv_restore_4>
    86fe:	248a                	lhu	a0,8(s1)
    8700:	feafb0ef          	jal	ra,3eea <htons>
    8704:	a048                	sb	a0,4(s0)
    8706:	8121                	srli	a0,a0,0x8
    8708:	b048                	sb	a0,5(s0)
    870a:	01094783          	lbu	a5,16(s2)
    870e:	8b85                	andi	a5,a5,1
    8710:	eb99                	bnez	a5,8726 <udp_sendto_if+0xb4>
    8712:	249a                	lhu	a4,8(s1)
    8714:	46c5                	li	a3,17
    8716:	8656                	mv	a2,s5
    8718:	85da                	mv	a1,s6
    871a:	8526                	mv	a0,s1
    871c:	2141                	jal	8b9c <inet_chksum_pseudo>
    871e:	c10d                	beqz	a0,8740 <udp_sendto_if+0xce>
    8720:	a068                	sb	a0,6(s0)
    8722:	8121                	srli	a0,a0,0x8
    8724:	b068                	sb	a0,7(s0)
    8726:	00a94703          	lbu	a4,10(s2)
    872a:	00b94683          	lbu	a3,11(s2)
    872e:	8852                	mv	a6,s4
    8730:	47c5                	li	a5,17
    8732:	8656                	mv	a2,s5
    8734:	85da                	mv	a1,s6
    8736:	8526                	mv	a0,s1
    8738:	ae5fb0ef          	jal	ra,421c <ip_output_if>
    873c:	842a                	mv	s0,a0
    873e:	b74d                	j	86e0 <udp_sendto_if+0x6e>
    8740:	57fd                	li	a5,-1
    8742:	a07c                	sb	a5,6(s0)
    8744:	b07c                	sb	a5,7(s0)
    8746:	b7c5                	j	8726 <udp_sendto_if+0xb4>

00008748 <udp_sendto>:
udp_sendto():
    8748:	aa9f72ef          	jal	t0,1f0 <__riscv_save_0>
    874c:	1141                	addi	sp,sp,-16
    874e:	842a                	mv	s0,a0
    8750:	8532                	mv	a0,a2
    8752:	c62e                	sw	a1,12(sp)
    8754:	c436                	sw	a3,8(sp)
    8756:	c232                	sw	a2,4(sp)
    8758:	fdefb0ef          	jal	ra,3f36 <ip_route>
    875c:	c919                	beqz	a0,8772 <udp_sendto+0x2a>
    875e:	46a2                	lw	a3,8(sp)
    8760:	4612                	lw	a2,4(sp)
    8762:	45b2                	lw	a1,12(sp)
    8764:	872a                	mv	a4,a0
    8766:	8522                	mv	a0,s0
    8768:	f0bff0ef          	jal	ra,8672 <udp_sendto_if>
    876c:	0141                	addi	sp,sp,16
    876e:	aa7f706f          	j	214 <__riscv_restore_0>
    8772:	5571                	li	a0,-4
    8774:	bfe5                	j	876c <udp_sendto+0x24>

00008776 <udp_send>:
udp_send():
    8776:	a7bf72ef          	jal	t0,1f0 <__riscv_save_0>
    877a:	2956                	lhu	a3,20(a0)
    877c:	00450613          	addi	a2,a0,4 # e0000004 <_eusrstack+0xbfff8004>
    8780:	fc9ff0ef          	jal	ra,8748 <udp_sendto>
    8784:	a91f706f          	j	214 <__riscv_restore_0>

00008788 <udp_connect>:
udp_connect():
    8788:	a69f72ef          	jal	t0,1f0 <__riscv_save_0>
    878c:	293e                	lhu	a5,18(a0)
    878e:	842a                	mv	s0,a0
    8790:	84ae                	mv	s1,a1
    8792:	8932                	mv	s2,a2
    8794:	cbb1                	beqz	a5,87e8 <udp_connect+0x60>
    8796:	4781                	li	a5,0
    8798:	c899                	beqz	s1,87ae <udp_connect+0x26>
    879a:	3098                	lbu	a4,1(s1)
    879c:	209c                	lbu	a5,0(s1)
    879e:	0722                	slli	a4,a4,0x8
    87a0:	8f5d                	or	a4,a4,a5
    87a2:	20bc                	lbu	a5,2(s1)
    87a4:	07c2                	slli	a5,a5,0x10
    87a6:	8f5d                	or	a4,a4,a5
    87a8:	30bc                	lbu	a5,3(s1)
    87aa:	07e2                	slli	a5,a5,0x18
    87ac:	8fd9                	or	a5,a5,a4
    87ae:	2818                	lbu	a4,16(s0)
    87b0:	c05c                	sw	a5,4(s0)
    87b2:	01241a23          	sh	s2,20(s0)
    87b6:	00476713          	ori	a4,a4,4
    87ba:	a818                	sb	a4,16(s0)
    87bc:	4018                	lw	a4,0(s0)
    87be:	ef05                	bnez	a4,87f6 <udp_connect+0x6e>
    87c0:	cf85                	beqz	a5,87f8 <udp_connect+0x70>
    87c2:	00440513          	addi	a0,s0,4
    87c6:	f70fb0ef          	jal	ra,3f36 <ip_route>
    87ca:	87aa                	mv	a5,a0
    87cc:	5571                	li	a0,-4
    87ce:	c395                	beqz	a5,87f2 <udp_connect+0x6a>
    87d0:	43dc                	lw	a5,4(a5)
    87d2:	c01c                	sw	a5,0(s0)
    87d4:	94c1a683          	lw	a3,-1716(gp) # 2000016c <udp_pcbs>
    87d8:	94c18793          	addi	a5,gp,-1716 # 2000016c <udp_pcbs>
    87dc:	8736                	mv	a4,a3
    87de:	e305                	bnez	a4,87fe <udp_connect+0x76>
    87e0:	c454                	sw	a3,12(s0)
    87e2:	c380                	sw	s0,0(a5)
    87e4:	4501                	li	a0,0
    87e6:	a031                	j	87f2 <udp_connect+0x6a>
    87e8:	4601                	li	a2,0
    87ea:	85aa                	mv	a1,a0
    87ec:	dedff0ef          	jal	ra,85d8 <udp_bind>
    87f0:	d15d                	beqz	a0,8796 <udp_connect+0xe>
    87f2:	a23f706f          	j	214 <__riscv_restore_0>
    87f6:	fff9                	bnez	a5,87d4 <udp_connect+0x4c>
    87f8:	00042023          	sw	zero,0(s0)
    87fc:	bfe1                	j	87d4 <udp_connect+0x4c>
    87fe:	fe8703e3          	beq	a4,s0,87e4 <udp_connect+0x5c>
    8802:	4758                	lw	a4,12(a4)
    8804:	bfe9                	j	87de <udp_connect+0x56>

00008806 <udp_recv>:
udp_recv():
    8806:	cd0c                	sw	a1,24(a0)
    8808:	cd50                	sw	a2,28(a0)
    880a:	8082                	ret

0000880c <udp_new>:
udp_new():
    880c:	9e5f72ef          	jal	t0,1f0 <__riscv_save_0>
    8810:	4505                	li	a0,1
    8812:	8e3fc0ef          	jal	ra,50f4 <memp_malloc>
    8816:	842a                	mv	s0,a0
    8818:	c909                	beqz	a0,882a <udp_new+0x1e>
    881a:	02000613          	li	a2,32
    881e:	4581                	li	a1,0
    8820:	a01f70ef          	jal	ra,220 <memset>
    8824:	f8000793          	li	a5,-128
    8828:	b43c                	sb	a5,11(s0)
    882a:	8522                	mv	a0,s0
    882c:	9e9f706f          	j	214 <__riscv_restore_0>

00008830 <icmp_send_response.isra.0>:
icmp_send_response.isra.0():
    8830:	9a7f72ef          	jal	t0,1d6 <__riscv_save_4>
    8834:	842a                	mv	s0,a0
    8836:	8a2e                	mv	s4,a1
    8838:	89b2                	mv	s3,a2
    883a:	02400593          	li	a1,36
    883e:	4601                	li	a2,0
    8840:	4505                	li	a0,1
    8842:	af3fc0ef          	jal	ra,5334 <pbuf_alloc>
    8846:	cd31                	beqz	a0,88a2 <icmp_send_response.isra.0+0x72>
    8848:	00042903          	lw	s2,0(s0)
    884c:	4140                	lw	s0,4(a0)
    884e:	84aa                	mv	s1,a0
    8850:	4671                	li	a2,28
    8852:	85ca                	mv	a1,s2
    8854:	01440023          	sb	s4,0(s0)
    8858:	013400a3          	sb	s3,1(s0)
    885c:	00040223          	sb	zero,4(s0)
    8860:	000402a3          	sb	zero,5(s0)
    8864:	00040323          	sb	zero,6(s0)
    8868:	000403a3          	sb	zero,7(s0)
    886c:	00840513          	addi	a0,s0,8
    8870:	28f000ef          	jal	ra,92fe <memcpy>
    8874:	24ae                	lhu	a1,10(s1)
    8876:	00040123          	sb	zero,2(s0)
    887a:	000401a3          	sb	zero,3(s0)
    887e:	8522                	mv	a0,s0
    8880:	211d                	jal	8ca6 <inet_chksum>
    8882:	a028                	sb	a0,2(s0)
    8884:	8121                	srli	a0,a0,0x8
    8886:	b028                	sb	a0,3(s0)
    8888:	4785                	li	a5,1
    888a:	4701                	li	a4,0
    888c:	08000693          	li	a3,128
    8890:	00c90613          	addi	a2,s2,12
    8894:	4581                	li	a1,0
    8896:	8526                	mv	a0,s1
    8898:	adffb0ef          	jal	ra,4376 <ip_output>
    889c:	8526                	mv	a0,s1
    889e:	a49fc0ef          	jal	ra,52e6 <pbuf_free>
    88a2:	969f706f          	j	20a <__riscv_restore_4>

000088a6 <icmp_input>:
icmp_input():
    88a6:	923f72ef          	jal	t0,1c8 <__riscv_save_10>
    88aa:	4140                	lw	s0,4(a0)
    88ac:	84aa                	mv	s1,a0
    88ae:	1141                	addi	sp,sp,-16
    88b0:	301c                	lbu	a5,1(s0)
    88b2:	2008                	lbu	a0,0(s0)
    88b4:	89ae                	mv	s3,a1
    88b6:	07a2                	slli	a5,a5,0x8
    88b8:	8d5d                	or	a0,a0,a5
    88ba:	e3efb0ef          	jal	ra,3ef8 <ntohs>
    88be:	00655913          	srli	s2,a0,0x6
    88c2:	03c97913          	andi	s2,s2,60
    88c6:	41200ab3          	neg	s5,s2
    88ca:	0ac2                	slli	s5,s5,0x10
    88cc:	410ada93          	srai	s5,s5,0x10
    88d0:	85d6                	mv	a1,s5
    88d2:	8526                	mv	a0,s1
    88d4:	9a5fc0ef          	jal	ra,5278 <pbuf_header>
    88d8:	e139                	bnez	a0,891e <icmp_input+0x78>
    88da:	249e                	lhu	a5,8(s1)
    88dc:	468d                	li	a3,3
    88de:	04f6f063          	bgeu	a3,a5,891e <icmp_input+0x78>
    88e2:	40dc                	lw	a5,4(s1)
    88e4:	2398                	lbu	a4,0(a5)
    88e6:	04d71263          	bne	a4,a3,892a <icmp_input+0x84>
    88ea:	2798                	lbu	a4,8(a5)
    88ec:	00878693          	addi	a3,a5,8
    88f0:	3f88                	lbu	a0,25(a5)
    88f2:	8b3d                	andi	a4,a4,15
    88f4:	070a                	slli	a4,a4,0x2
    88f6:	9736                	add	a4,a4,a3
    88f8:	232c                	lbu	a1,2(a4)
    88fa:	00374803          	lbu	a6,3(a4) # 8003 <tcp_output+0x317>
    88fe:	2f98                	lbu	a4,24(a5)
    8900:	0522                	slli	a0,a0,0x8
    8902:	3394                	lbu	a3,1(a5)
    8904:	8d59                	or	a0,a0,a4
    8906:	2fb8                	lbu	a4,26(a5)
    8908:	3b90                	lbu	a2,17(a5)
    890a:	05a2                	slli	a1,a1,0x8
    890c:	0742                	slli	a4,a4,0x10
    890e:	8f49                	or	a4,a4,a0
    8910:	3fa8                	lbu	a0,27(a5)
    8912:	0105e5b3          	or	a1,a1,a6
    8916:	0562                	slli	a0,a0,0x18
    8918:	8d59                	or	a0,a0,a4
    891a:	bf7fa0ef          	jal	ra,3510 <LwipUnreachPort>
    891e:	8526                	mv	a0,s1
    8920:	9c7fc0ef          	jal	ra,52e6 <pbuf_free>
    8924:	0141                	addi	sp,sp,16
    8926:	8dbf706f          	j	200 <__riscv_restore_10>
    892a:	47a1                	li	a5,8
    892c:	fef719e3          	bne	a4,a5,891e <icmp_input+0x78>
    8930:	381c                	lbu	a5,17(s0)
    8932:	01044a03          	lbu	s4,16(s0)
    8936:	f0000537          	lui	a0,0xf0000
    893a:	07a2                	slli	a5,a5,0x8
    893c:	0147e7b3          	or	a5,a5,s4
    8940:	01244a03          	lbu	s4,18(s0)
    8944:	4b01                	li	s6,0
    8946:	0a42                	slli	s4,s4,0x10
    8948:	00fa67b3          	or	a5,s4,a5
    894c:	01344a03          	lbu	s4,19(s0)
    8950:	0a62                	slli	s4,s4,0x18
    8952:	00fa6a33          	or	s4,s4,a5
    8956:	dd4fb0ef          	jal	ra,3f2a <ntohl>
    895a:	8c2a                	mv	s8,a0
    895c:	e0000537          	lui	a0,0xe0000
    8960:	dcafb0ef          	jal	ra,3f2a <ntohl>
    8964:	8baa                	mv	s7,a0
    8966:	85ce                	mv	a1,s3
    8968:	01040513          	addi	a0,s0,16
    896c:	a41fb0ef          	jal	ra,43ac <ip_addr_isbroadcast>
    8970:	e519                	bnez	a0,897e <icmp_input+0xd8>
    8972:	018a7533          	and	a0,s4,s8
    8976:	41750533          	sub	a0,a0,s7
    897a:	00a03b33          	snez	s6,a0
    897e:	b85fa0ef          	jal	ra,3502 <QueryPingEnable>
    8982:	dd51                	beqz	a0,891e <icmp_input+0x78>
    8984:	f80b0de3          	beqz	s6,891e <icmp_input+0x78>
    8988:	249a                	lhu	a4,8(s1)
    898a:	479d                	li	a5,7
    898c:	f8e7f9e3          	bgeu	a5,a4,891e <icmp_input+0x78>
    8990:	8526                	mv	a0,s1
    8992:	2625                	jal	8cba <inet_chksum_pbuf>
    8994:	f549                	bnez	a0,891e <icmp_input+0x78>
    8996:	0942                	slli	s2,s2,0x10
    8998:	02200593          	li	a1,34
    899c:	8526                	mv	a0,s1
    899e:	41095913          	srai	s2,s2,0x10
    89a2:	8d7fc0ef          	jal	ra,5278 <pbuf_header>
    89a6:	12050463          	beqz	a0,8ace <icmp_input+0x228>
    89aa:	85ca                	mv	a1,s2
    89ac:	8526                	mv	a0,s1
    89ae:	8cbfc0ef          	jal	ra,5278 <pbuf_header>
    89b2:	f535                	bnez	a0,891e <icmp_input+0x78>
    89b4:	248e                	lhu	a1,8(s1)
    89b6:	4601                	li	a2,0
    89b8:	4509                	li	a0,2
    89ba:	97bfc0ef          	jal	ra,5334 <pbuf_alloc>
    89be:	8a2a                	mv	s4,a0
    89c0:	dd39                	beqz	a0,891e <icmp_input+0x78>
    89c2:	85a6                	mv	a1,s1
    89c4:	b55fc0ef          	jal	ra,5518 <pbuf_copy>
    89c8:	f939                	bnez	a0,891e <icmp_input+0x78>
    89ca:	85d6                	mv	a1,s5
    89cc:	8552                	mv	a0,s4
    89ce:	004a2403          	lw	s0,4(s4)
    89d2:	8a7fc0ef          	jal	ra,5278 <pbuf_header>
    89d6:	f521                	bnez	a0,891e <icmp_input+0x78>
    89d8:	8526                	mv	a0,s1
    89da:	90dfc0ef          	jal	ra,52e6 <pbuf_free>
    89de:	84d2                	mv	s1,s4
    89e0:	3458                	lbu	a4,13(s0)
    89e2:	245c                	lbu	a5,12(s0)
    89e4:	3814                	lbu	a3,17(s0)
    89e6:	0722                	slli	a4,a4,0x8
    89e8:	8f5d                	or	a4,a4,a5
    89ea:	247c                	lbu	a5,14(s0)
    89ec:	06a2                	slli	a3,a3,0x8
    89ee:	0044aa03          	lw	s4,4(s1)
    89f2:	07c2                	slli	a5,a5,0x10
    89f4:	8f5d                	or	a4,a4,a5
    89f6:	347c                	lbu	a5,15(s0)
    89f8:	653d                	lui	a0,0xf
    89fa:	7ff50513          	addi	a0,a0,2047 # f7ff <_data_lma+0x61cb>
    89fe:	07e2                	slli	a5,a5,0x18
    8a00:	8fd9                	or	a5,a5,a4
    8a02:	2818                	lbu	a4,16(s0)
    8a04:	a81c                	sb	a5,16(s0)
    8a06:	8ed9                	or	a3,a3,a4
    8a08:	2838                	lbu	a4,18(s0)
    8a0a:	0742                	slli	a4,a4,0x10
    8a0c:	8ed9                	or	a3,a3,a4
    8a0e:	3838                	lbu	a4,19(s0)
    8a10:	0762                	slli	a4,a4,0x18
    8a12:	8f55                	or	a4,a4,a3
    8a14:	00875693          	srli	a3,a4,0x8
    8a18:	a458                	sb	a4,12(s0)
    8a1a:	b454                	sb	a3,13(s0)
    8a1c:	01075693          	srli	a3,a4,0x10
    8a20:	8361                	srli	a4,a4,0x18
    8a22:	b478                	sb	a4,15(s0)
    8a24:	0087d713          	srli	a4,a5,0x8
    8a28:	b818                	sb	a4,17(s0)
    8a2a:	0107d713          	srli	a4,a5,0x10
    8a2e:	83e1                	srli	a5,a5,0x18
    8a30:	a474                	sb	a3,14(s0)
    8a32:	a838                	sb	a4,18(s0)
    8a34:	b83c                	sb	a5,19(s0)
    8a36:	003a4a83          	lbu	s5,3(s4)
    8a3a:	002a4783          	lbu	a5,2(s4)
    8a3e:	000a0023          	sb	zero,0(s4)
    8a42:	0aa2                	slli	s5,s5,0x8
    8a44:	00faeab3          	or	s5,s5,a5
    8a48:	ca2fb0ef          	jal	ra,3eea <htons>
    8a4c:	08aae963          	bltu	s5,a0,8ade <icmp_input+0x238>
    8a50:	6505                	lui	a0,0x1
    8a52:	80050513          	addi	a0,a0,-2048 # 800 <__stack_size>
    8a56:	c94fb0ef          	jal	ra,3eea <htons>
    8a5a:	003a4783          	lbu	a5,3(s4)
    8a5e:	002a4703          	lbu	a4,2(s4)
    8a62:	07a2                	slli	a5,a5,0x8
    8a64:	8fd9                	or	a5,a5,a4
    8a66:	0785                	addi	a5,a5,1
    8a68:	953e                	add	a0,a0,a5
    8a6a:	0542                	slli	a0,a0,0x10
    8a6c:	8141                	srli	a0,a0,0x10
    8a6e:	00aa0123          	sb	a0,2(s4)
    8a72:	8121                	srli	a0,a0,0x8
    8a74:	00aa01a3          	sb	a0,3(s4)
    8a78:	341c                	lbu	a5,9(s0)
    8a7a:	2408                	lbu	a0,8(s0)
    8a7c:	07a2                	slli	a5,a5,0x8
    8a7e:	8d5d                	or	a0,a0,a5
    8a80:	c78fb0ef          	jal	ra,3ef8 <ntohs>
    8a84:	67a1                	lui	a5,0x8
    8a86:	0ff57513          	andi	a0,a0,255
    8a8a:	8d5d                	or	a0,a0,a5
    8a8c:	c5efb0ef          	jal	ra,3eea <htons>
    8a90:	a408                	sb	a0,8(s0)
    8a92:	8121                	srli	a0,a0,0x8
    8a94:	b408                	sb	a0,9(s0)
    8a96:	45d1                	li	a1,20
    8a98:	00040523          	sb	zero,10(s0)
    8a9c:	000405a3          	sb	zero,11(s0)
    8aa0:	8522                	mv	a0,s0
    8aa2:	2411                	jal	8ca6 <inet_chksum>
    8aa4:	a428                	sb	a0,10(s0)
    8aa6:	8121                	srli	a0,a0,0x8
    8aa8:	b428                	sb	a0,11(s0)
    8aaa:	85ca                	mv	a1,s2
    8aac:	8526                	mv	a0,s1
    8aae:	fcafc0ef          	jal	ra,5278 <pbuf_header>
    8ab2:	e60516e3          	bnez	a0,891e <icmp_input+0x78>
    8ab6:	884e                	mv	a6,s3
    8ab8:	4785                	li	a5,1
    8aba:	4701                	li	a4,0
    8abc:	08000693          	li	a3,128
    8ac0:	4601                	li	a2,0
    8ac2:	00c40593          	addi	a1,s0,12
    8ac6:	8526                	mv	a0,s1
    8ac8:	f54fb0ef          	jal	ra,421c <ip_output_if>
    8acc:	bd89                	j	891e <icmp_input+0x78>
    8ace:	fde00593          	li	a1,-34
    8ad2:	8526                	mv	a0,s1
    8ad4:	fa4fc0ef          	jal	ra,5278 <pbuf_header>
    8ad8:	f00504e3          	beqz	a0,89e0 <icmp_input+0x13a>
    8adc:	b589                	j	891e <icmp_input+0x78>
    8ade:	6505                	lui	a0,0x1
    8ae0:	80050513          	addi	a0,a0,-2048 # 800 <__stack_size>
    8ae4:	c06fb0ef          	jal	ra,3eea <htons>
    8ae8:	003a4783          	lbu	a5,3(s4)
    8aec:	002a4703          	lbu	a4,2(s4)
    8af0:	07a2                	slli	a5,a5,0x8
    8af2:	8fd9                	or	a5,a5,a4
    8af4:	bf95                	j	8a68 <icmp_input+0x1c2>

00008af6 <icmp_dest_unreach>:
icmp_dest_unreach():
    8af6:	efaf72ef          	jal	t0,1f0 <__riscv_save_0>
    8afa:	0ff5f613          	andi	a2,a1,255
    8afe:	0511                	addi	a0,a0,4
    8b00:	458d                	li	a1,3
    8b02:	d2fff0ef          	jal	ra,8830 <icmp_send_response.isra.0>
    8b06:	f0ef706f          	j	214 <__riscv_restore_0>

00008b0a <icmp_time_exceeded>:
icmp_time_exceeded():
    8b0a:	ee6f72ef          	jal	t0,1f0 <__riscv_save_0>
    8b0e:	0ff5f613          	andi	a2,a1,255
    8b12:	0511                	addi	a0,a0,4
    8b14:	45ad                	li	a1,11
    8b16:	d1bff0ef          	jal	ra,8830 <icmp_send_response.isra.0>
    8b1a:	efaf706f          	j	214 <__riscv_restore_0>

00008b1e <lwip_standard_chksum>:
lwip_standard_chksum():
    8b1e:	ed2f72ef          	jal	t0,1f0 <__riscv_save_0>
    8b22:	00b50833          	add	a6,a0,a1
    8b26:	0842                	slli	a6,a6,0x10
    8b28:	86aa                	mv	a3,a0
    8b2a:	4701                	li	a4,0
    8b2c:	01085813          	srli	a6,a6,0x10
    8b30:	4885                	li	a7,1
    8b32:	40d807b3          	sub	a5,a6,a3
    8b36:	07c2                	slli	a5,a5,0x10
    8b38:	83c1                	srli	a5,a5,0x10
    8b3a:	04f8e463          	bltu	a7,a5,8b82 <lwip_standard_chksum+0x64>
    8b3e:	0015d793          	srli	a5,a1,0x1
    8b42:	00179693          	slli	a3,a5,0x1
    8b46:	9536                	add	a0,a0,a3
    8b48:	56f9                	li	a3,-2
    8b4a:	02d787b3          	mul	a5,a5,a3
    8b4e:	95be                	add	a1,a1,a5
    8b50:	05c2                	slli	a1,a1,0x10
    8b52:	81c1                	srli	a1,a1,0x10
    8b54:	c581                	beqz	a1,8b5c <lwip_standard_chksum+0x3e>
    8b56:	211c                	lbu	a5,0(a0)
    8b58:	07a2                	slli	a5,a5,0x8
    8b5a:	973e                	add	a4,a4,a5
    8b5c:	6541                	lui	a0,0x10
    8b5e:	fff50693          	addi	a3,a0,-1 # ffff <_data_lma+0x69cb>
    8b62:	01075793          	srli	a5,a4,0x10
    8b66:	8f75                	and	a4,a4,a3
    8b68:	00e78533          	add	a0,a5,a4
    8b6c:	77c1                	lui	a5,0xffff0
    8b6e:	8fe9                	and	a5,a5,a0
    8b70:	c399                	beqz	a5,8b76 <lwip_standard_chksum+0x58>
    8b72:	8d75                	and	a0,a0,a3
    8b74:	0505                	addi	a0,a0,1
    8b76:	0542                	slli	a0,a0,0x10
    8b78:	8141                	srli	a0,a0,0x10
    8b7a:	b70fb0ef          	jal	ra,3eea <htons>
    8b7e:	e96f706f          	j	214 <__riscv_restore_0>
    8b82:	329c                	lbu	a5,1(a3)
    8b84:	2290                	lbu	a2,0(a3)
    8b86:	0689                	addi	a3,a3,2
    8b88:	07a2                	slli	a5,a5,0x8
    8b8a:	8fd1                	or	a5,a5,a2
    8b8c:	00879613          	slli	a2,a5,0x8
    8b90:	83a1                	srli	a5,a5,0x8
    8b92:	8fd1                	or	a5,a5,a2
    8b94:	07c2                	slli	a5,a5,0x10
    8b96:	83c1                	srli	a5,a5,0x10
    8b98:	973e                	add	a4,a4,a5
    8b9a:	bf61                	j	8b32 <lwip_standard_chksum+0x14>

00008b9c <inet_chksum_pseudo>:
inet_chksum_pseudo():
    8b9c:	e2cf72ef          	jal	t0,1c8 <__riscv_save_10>
    8ba0:	200077b7          	lui	a5,0x20007
    8ba4:	4547a783          	lw	a5,1108(a5) # 20007454 <WCHCfg+0x14>
    8ba8:	84ba                	mv	s1,a4
    8baa:	1141                	addi	sp,sp,-16
    8bac:	00579713          	slli	a4,a5,0x5
    8bb0:	0e074963          	bltz	a4,8ca2 <inet_chksum_pseudo+0x106>
    8bb4:	6b41                	lui	s6,0x10
    8bb6:	892a                	mv	s2,a0
    8bb8:	8aae                	mv	s5,a1
    8bba:	8a32                	mv	s4,a2
    8bbc:	4981                	li	s3,0
    8bbe:	4401                	li	s0,0
    8bc0:	1b7d                	addi	s6,s6,-1
    8bc2:	4b85                	li	s7,1
    8bc4:	08091e63          	bnez	s2,8c60 <inet_chksum_pseudo+0xc4>
    8bc8:	00098b63          	beqz	s3,8bde <inet_chksum_pseudo+0x42>
    8bcc:	6741                	lui	a4,0x10
    8bce:	00841793          	slli	a5,s0,0x8
    8bd2:	177d                	addi	a4,a4,-1
    8bd4:	8021                	srli	s0,s0,0x8
    8bd6:	8ff9                	and	a5,a5,a4
    8bd8:	0ff47413          	andi	s0,s0,255
    8bdc:	8c5d                	or	s0,s0,a5
    8bde:	001ac503          	lbu	a0,1(s5)
    8be2:	000ac783          	lbu	a5,0(s5)
    8be6:	000a4703          	lbu	a4,0(s4)
    8bea:	0522                	slli	a0,a0,0x8
    8bec:	8d5d                	or	a0,a0,a5
    8bee:	002ac783          	lbu	a5,2(s5)
    8bf2:	003a4603          	lbu	a2,3(s4)
    8bf6:	6941                	lui	s2,0x10
    8bf8:	07c2                	slli	a5,a5,0x10
    8bfa:	8d5d                	or	a0,a0,a5
    8bfc:	003ac783          	lbu	a5,3(s5)
    8c00:	0662                	slli	a2,a2,0x18
    8c02:	197d                	addi	s2,s2,-1
    8c04:	07e2                	slli	a5,a5,0x18
    8c06:	8fc9                	or	a5,a5,a0
    8c08:	001a4503          	lbu	a0,1(s4)
    8c0c:	0522                	slli	a0,a0,0x8
    8c0e:	8f49                	or	a4,a4,a0
    8c10:	002a4503          	lbu	a0,2(s4)
    8c14:	0542                	slli	a0,a0,0x10
    8c16:	8d59                	or	a0,a0,a4
    8c18:	8e49                	or	a2,a2,a0
    8c1a:	01267533          	and	a0,a2,s2
    8c1e:	8241                	srli	a2,a2,0x10
    8c20:	0127f733          	and	a4,a5,s2
    8c24:	9532                	add	a0,a0,a2
    8c26:	953a                	add	a0,a0,a4
    8c28:	83c1                	srli	a5,a5,0x10
    8c2a:	953e                	add	a0,a0,a5
    8c2c:	942a                	add	s0,s0,a0
    8c2e:	8536                	mv	a0,a3
    8c30:	abafb0ef          	jal	ra,3eea <htons>
    8c34:	942a                	add	s0,s0,a0
    8c36:	8526                	mv	a0,s1
    8c38:	ab2fb0ef          	jal	ra,3eea <htons>
    8c3c:	9522                	add	a0,a0,s0
    8c3e:	01055413          	srli	s0,a0,0x10
    8c42:	01257533          	and	a0,a0,s2
    8c46:	942a                	add	s0,s0,a0
    8c48:	01045513          	srli	a0,s0,0x10
    8c4c:	01247433          	and	s0,s0,s2
    8c50:	9522                	add	a0,a0,s0
    8c52:	fff54513          	not	a0,a0
    8c56:	0542                	slli	a0,a0,0x10
    8c58:	8141                	srli	a0,a0,0x10
    8c5a:	0141                	addi	sp,sp,16
    8c5c:	da4f706f          	j	200 <__riscv_restore_10>
    8c60:	00a95583          	lhu	a1,10(s2) # 1000a <_data_lma+0x69d6>
    8c64:	00492503          	lw	a0,4(s2)
    8c68:	c636                	sw	a3,12(sp)
    8c6a:	eb5ff0ef          	jal	ra,8b1e <lwip_standard_chksum>
    8c6e:	942a                	add	s0,s0,a0
    8c70:	01045793          	srli	a5,s0,0x10
    8c74:	01647433          	and	s0,s0,s6
    8c78:	943e                	add	s0,s0,a5
    8c7a:	00a95783          	lhu	a5,10(s2)
    8c7e:	46b2                	lw	a3,12(sp)
    8c80:	8b85                	andi	a5,a5,1
    8c82:	cf89                	beqz	a5,8c9c <inet_chksum_pseudo+0x100>
    8c84:	00841793          	slli	a5,s0,0x8
    8c88:	8021                	srli	s0,s0,0x8
    8c8a:	413b89b3          	sub	s3,s7,s3
    8c8e:	0167f7b3          	and	a5,a5,s6
    8c92:	0ff47413          	andi	s0,s0,255
    8c96:	0ff9f993          	andi	s3,s3,255
    8c9a:	8c5d                	or	s0,s0,a5
    8c9c:	00092903          	lw	s2,0(s2)
    8ca0:	b715                	j	8bc4 <inet_chksum_pseudo+0x28>
    8ca2:	4501                	li	a0,0
    8ca4:	bf5d                	j	8c5a <inet_chksum_pseudo+0xbe>

00008ca6 <inet_chksum>:
inet_chksum():
    8ca6:	d4af72ef          	jal	t0,1f0 <__riscv_save_0>
    8caa:	e75ff0ef          	jal	ra,8b1e <lwip_standard_chksum>
    8cae:	fff54513          	not	a0,a0
    8cb2:	0542                	slli	a0,a0,0x10
    8cb4:	8141                	srli	a0,a0,0x10
    8cb6:	d5ef706f          	j	214 <__riscv_restore_0>

00008cba <inet_chksum_pbuf>:
inet_chksum_pbuf():
    8cba:	d1cf72ef          	jal	t0,1d6 <__riscv_save_4>
    8cbe:	69c1                	lui	s3,0x10
    8cc0:	84aa                	mv	s1,a0
    8cc2:	4901                	li	s2,0
    8cc4:	4401                	li	s0,0
    8cc6:	19fd                	addi	s3,s3,-1
    8cc8:	4a05                	li	s4,1
    8cca:	e095                	bnez	s1,8cee <inet_chksum_pbuf+0x34>
    8ccc:	00090b63          	beqz	s2,8ce2 <inet_chksum_pbuf+0x28>
    8cd0:	6741                	lui	a4,0x10
    8cd2:	00841793          	slli	a5,s0,0x8
    8cd6:	177d                	addi	a4,a4,-1
    8cd8:	8021                	srli	s0,s0,0x8
    8cda:	8ff9                	and	a5,a5,a4
    8cdc:	0ff47413          	andi	s0,s0,255
    8ce0:	8c5d                	or	s0,s0,a5
    8ce2:	fff44513          	not	a0,s0
    8ce6:	0542                	slli	a0,a0,0x10
    8ce8:	8141                	srli	a0,a0,0x10
    8cea:	d20f706f          	j	20a <__riscv_restore_4>
    8cee:	24ae                	lhu	a1,10(s1)
    8cf0:	40c8                	lw	a0,4(s1)
    8cf2:	e2dff0ef          	jal	ra,8b1e <lwip_standard_chksum>
    8cf6:	942a                	add	s0,s0,a0
    8cf8:	01045793          	srli	a5,s0,0x10
    8cfc:	01347433          	and	s0,s0,s3
    8d00:	943e                	add	s0,s0,a5
    8d02:	24be                	lhu	a5,10(s1)
    8d04:	8b85                	andi	a5,a5,1
    8d06:	cf89                	beqz	a5,8d20 <inet_chksum_pbuf+0x66>
    8d08:	00841793          	slli	a5,s0,0x8
    8d0c:	8021                	srli	s0,s0,0x8
    8d0e:	412a0933          	sub	s2,s4,s2
    8d12:	0137f7b3          	and	a5,a5,s3
    8d16:	0ff47413          	andi	s0,s0,255
    8d1a:	0ff97913          	andi	s2,s2,255
    8d1e:	8c5d                	or	s0,s0,a5
    8d20:	4084                	lw	s1,0(s1)
    8d22:	b765                	j	8cca <inet_chksum_pbuf+0x10>

00008d24 <printchar>:
printchar():
    8d24:	1101                	addi	sp,sp,-32
    8d26:	ce06                	sw	ra,28(sp)
    8d28:	c62e                	sw	a1,12(sp)
    8d2a:	cd0d                	beqz	a0,8d64 <printchar+0x40>
    8d2c:	4118                	lw	a4,0(a0)
    8d2e:	87aa                	mv	a5,a0
    8d30:	c305                	beqz	a4,8d50 <printchar+0x2c>
    8d32:	4158                	lw	a4,4(a0)
    8d34:	557d                	li	a0,-1
    8d36:	cb11                	beqz	a4,8d4a <printchar+0x26>
    8d38:	4685                	li	a3,1
    8d3a:	00d71b63          	bne	a4,a3,8d50 <printchar+0x2c>
    8d3e:	4798                	lw	a4,8(a5)
    8d40:	00070023          	sb	zero,0(a4) # 10000 <_data_lma+0x69cc>
    8d44:	0007a223          	sw	zero,4(a5)
    8d48:	4505                	li	a0,1
    8d4a:	40f2                	lw	ra,28(sp)
    8d4c:	6105                	addi	sp,sp,32
    8d4e:	8082                	ret
    8d50:	4798                	lw	a4,8(a5)
    8d52:	46b2                	lw	a3,12(sp)
    8d54:	a314                	sb	a3,0(a4)
    8d56:	4798                	lw	a4,8(a5)
    8d58:	0705                	addi	a4,a4,1
    8d5a:	c798                	sw	a4,8(a5)
    8d5c:	43d8                	lw	a4,4(a5)
    8d5e:	177d                	addi	a4,a4,-1
    8d60:	c3d8                	sw	a4,4(a5)
    8d62:	b7dd                	j	8d48 <printchar+0x24>
    8d64:	4605                	li	a2,1
    8d66:	006c                	addi	a1,sp,12
    8d68:	ceaf90ef          	jal	ra,2252 <_write>
    8d6c:	bff1                	j	8d48 <printchar+0x24>

00008d6e <prints>:
prints():
    8d6e:	7179                	addi	sp,sp,-48
    8d70:	d422                	sw	s0,40(sp)
    8d72:	d226                	sw	s1,36(sp)
    8d74:	ce4e                	sw	s3,28(sp)
    8d76:	cc52                	sw	s4,24(sp)
    8d78:	ca56                	sw	s5,20(sp)
    8d7a:	d606                	sw	ra,44(sp)
    8d7c:	d04a                	sw	s2,32(sp)
    8d7e:	c85a                	sw	s6,16(sp)
    8d80:	8a2a                	mv	s4,a0
    8d82:	8aae                	mv	s5,a1
    8d84:	8432                	mv	s0,a2
    8d86:	4481                	li	s1,0
    8d88:	02000993          	li	s3,32
    8d8c:	02064463          	bltz	a2,8db4 <prints+0x46>
    8d90:	009a87b3          	add	a5,s5,s1
    8d94:	00078783          	lb	a5,0(a5)
    8d98:	e39d                	bnez	a5,8dbe <prints+0x50>
    8d9a:	0284d663          	bge	s1,s0,8dc6 <prints+0x58>
    8d9e:	02e4d263          	bge	s1,a4,8dc2 <prints+0x54>
    8da2:	8c19                	sub	s0,s0,a4
    8da4:	0026f793          	andi	a5,a3,2
    8da8:	02000993          	li	s3,32
    8dac:	c781                	beqz	a5,8db4 <prints+0x46>
    8dae:	e319                	bnez	a4,8db4 <prints+0x46>
    8db0:	03000993          	li	s3,48
    8db4:	8a85                	andi	a3,a3,1
    8db6:	4901                	li	s2,0
    8db8:	ea85                	bnez	a3,8de8 <prints+0x7a>
    8dba:	8922                	mv	s2,s0
    8dbc:	a831                	j	8dd8 <prints+0x6a>
    8dbe:	0485                	addi	s1,s1,1
    8dc0:	bfc1                	j	8d90 <prints+0x22>
    8dc2:	8c05                	sub	s0,s0,s1
    8dc4:	b7c5                	j	8da4 <prints+0x36>
    8dc6:	4401                	li	s0,0
    8dc8:	bff1                	j	8da4 <prints+0x36>
    8dca:	85ce                	mv	a1,s3
    8dcc:	8552                	mv	a0,s4
    8dce:	c63a                	sw	a4,12(sp)
    8dd0:	f55ff0ef          	jal	ra,8d24 <printchar>
    8dd4:	4732                	lw	a4,12(sp)
    8dd6:	197d                	addi	s2,s2,-1
    8dd8:	ff2049e3          	bgtz	s2,8dca <prints+0x5c>
    8ddc:	8922                	mv	s2,s0
    8dde:	00045363          	bgez	s0,8de4 <prints+0x76>
    8de2:	4901                	li	s2,0
    8de4:	41240433          	sub	s0,s0,s2
    8de8:	02e4cb63          	blt	s1,a4,8e1e <prints+0xb0>
    8dec:	84ca                	mv	s1,s2
    8dee:	412487b3          	sub	a5,s1,s2
    8df2:	97d6                	add	a5,a5,s5
    8df4:	00078583          	lb	a1,0(a5)
    8df8:	e1a1                	bnez	a1,8e38 <prints+0xca>
    8dfa:	8922                	mv	s2,s0
    8dfc:	05204363          	bgtz	s2,8e42 <prints+0xd4>
    8e00:	00045363          	bgez	s0,8e06 <prints+0x98>
    8e04:	4401                	li	s0,0
    8e06:	00940533          	add	a0,s0,s1
    8e0a:	50b2                	lw	ra,44(sp)
    8e0c:	5422                	lw	s0,40(sp)
    8e0e:	5492                	lw	s1,36(sp)
    8e10:	5902                	lw	s2,32(sp)
    8e12:	49f2                	lw	s3,28(sp)
    8e14:	4a62                	lw	s4,24(sp)
    8e16:	4ad2                	lw	s5,20(sp)
    8e18:	4b42                	lw	s6,16(sp)
    8e1a:	6145                	addi	sp,sp,48
    8e1c:	8082                	ret
    8e1e:	409704b3          	sub	s1,a4,s1
    8e22:	8b26                	mv	s6,s1
    8e24:	03000593          	li	a1,48
    8e28:	8552                	mv	a0,s4
    8e2a:	1b7d                	addi	s6,s6,-1
    8e2c:	ef9ff0ef          	jal	ra,8d24 <printchar>
    8e30:	fe0b1ae3          	bnez	s6,8e24 <prints+0xb6>
    8e34:	9926                	add	s2,s2,s1
    8e36:	bf5d                	j	8dec <prints+0x7e>
    8e38:	8552                	mv	a0,s4
    8e3a:	eebff0ef          	jal	ra,8d24 <printchar>
    8e3e:	0485                	addi	s1,s1,1
    8e40:	b77d                	j	8dee <prints+0x80>
    8e42:	85ce                	mv	a1,s3
    8e44:	8552                	mv	a0,s4
    8e46:	edfff0ef          	jal	ra,8d24 <printchar>
    8e4a:	197d                	addi	s2,s2,-1
    8e4c:	bf45                	j	8dfc <prints+0x8e>

00008e4e <printInt>:
printInt():
    8e4e:	715d                	addi	sp,sp,-80
    8e50:	c2a6                	sw	s1,68(sp)
    8e52:	dc52                	sw	s4,56(sp)
    8e54:	c686                	sw	ra,76(sp)
    8e56:	c4a2                	sw	s0,72(sp)
    8e58:	c0ca                	sw	s2,64(sp)
    8e5a:	de4e                	sw	s3,60(sp)
    8e5c:	da56                	sw	s5,52(sp)
    8e5e:	84ba                	mv	s1,a4
    8e60:	8a3e                	mv	s4,a5
    8e62:	e19d                	bnez	a1,8e88 <printInt+0x3a>
    8e64:	03000793          	li	a5,48
    8e68:	4701                	li	a4,0
    8e6a:	86d2                	mv	a3,s4
    8e6c:	8626                	mv	a2,s1
    8e6e:	082c                	addi	a1,sp,24
    8e70:	84fc                	sh	a5,24(sp)
    8e72:	efdff0ef          	jal	ra,8d6e <prints>
    8e76:	40b6                	lw	ra,76(sp)
    8e78:	4426                	lw	s0,72(sp)
    8e7a:	4496                	lw	s1,68(sp)
    8e7c:	4906                	lw	s2,64(sp)
    8e7e:	59f2                	lw	s3,60(sp)
    8e80:	5a62                	lw	s4,56(sp)
    8e82:	5ad2                	lw	s5,52(sp)
    8e84:	6161                	addi	sp,sp,80
    8e86:	8082                	ret
    8e88:	892a                	mv	s2,a0
    8e8a:	8436                	mv	s0,a3
    8e8c:	8ac6                	mv	s5,a7
    8e8e:	ca91                	beqz	a3,8ea2 <printInt+0x54>
    8e90:	47a9                	li	a5,10
    8e92:	4401                	li	s0,0
    8e94:	00f61763          	bne	a2,a5,8ea2 <printInt+0x54>
    8e98:	0005d563          	bgez	a1,8ea2 <printInt+0x54>
    8e9c:	40b005b3          	neg	a1,a1
    8ea0:	4405                	li	s0,1
    8ea2:	020107a3          	sb	zero,47(sp)
    8ea6:	02f10793          	addi	a5,sp,47
    8eaa:	46a5                	li	a3,9
    8eac:	fc680513          	addi	a0,a6,-58
    8eb0:	02c5f733          	remu	a4,a1,a2
    8eb4:	00e6d363          	bge	a3,a4,8eba <printInt+0x6c>
    8eb8:	972a                	add	a4,a4,a0
    8eba:	03070713          	addi	a4,a4,48
    8ebe:	fee78fa3          	sb	a4,-1(a5)
    8ec2:	fff78993          	addi	s3,a5,-1
    8ec6:	02c5d733          	divu	a4,a1,a2
    8eca:	04c5fb63          	bgeu	a1,a2,8f20 <printInt+0xd2>
    8ece:	cc09                	beqz	s0,8ee8 <printInt+0x9a>
    8ed0:	c8b9                	beqz	s1,8f26 <printInt+0xd8>
    8ed2:	002a7713          	andi	a4,s4,2
    8ed6:	cb21                	beqz	a4,8f26 <printInt+0xd8>
    8ed8:	02d00593          	li	a1,45
    8edc:	854a                	mv	a0,s2
    8ede:	c642                	sw	a6,12(sp)
    8ee0:	e45ff0ef          	jal	ra,8d24 <printchar>
    8ee4:	4832                	lw	a6,12(sp)
    8ee6:	14fd                	addi	s1,s1,-1
    8ee8:	004a7793          	andi	a5,s4,4
    8eec:	c38d                	beqz	a5,8f0e <printInt+0xc0>
    8eee:	06100793          	li	a5,97
    8ef2:	03000593          	li	a1,48
    8ef6:	854a                	mv	a0,s2
    8ef8:	02f81f63          	bne	a6,a5,8f36 <printInt+0xe8>
    8efc:	e29ff0ef          	jal	ra,8d24 <printchar>
    8f00:	07800593          	li	a1,120
    8f04:	854a                	mv	a0,s2
    8f06:	e1fff0ef          	jal	ra,8d24 <printchar>
    8f0a:	0409                	addi	s0,s0,2
    8f0c:	14f9                	addi	s1,s1,-2
    8f0e:	8756                	mv	a4,s5
    8f10:	86d2                	mv	a3,s4
    8f12:	8626                	mv	a2,s1
    8f14:	85ce                	mv	a1,s3
    8f16:	854a                	mv	a0,s2
    8f18:	e57ff0ef          	jal	ra,8d6e <prints>
    8f1c:	9522                	add	a0,a0,s0
    8f1e:	bfa1                	j	8e76 <printInt+0x28>
    8f20:	85ba                	mv	a1,a4
    8f22:	87ce                	mv	a5,s3
    8f24:	b771                	j	8eb0 <printInt+0x62>
    8f26:	02d00713          	li	a4,45
    8f2a:	fee98fa3          	sb	a4,-1(s3) # ffff <_data_lma+0x69cb>
    8f2e:	4401                	li	s0,0
    8f30:	ffe78993          	addi	s3,a5,-2
    8f34:	bf55                	j	8ee8 <printInt+0x9a>
    8f36:	defff0ef          	jal	ra,8d24 <printchar>
    8f3a:	05800593          	li	a1,88
    8f3e:	b7d9                	j	8f04 <printInt+0xb6>

00008f40 <printLongLongInt>:
printLongLongInt():
    8f40:	4501                	li	a0,0
    8f42:	8082                	ret

00008f44 <printDouble>:
printDouble():
    8f44:	4501                	li	a0,0
    8f46:	8082                	ret

00008f48 <print>:
print():
    8f48:	7139                	addi	sp,sp,-64
    8f4a:	d05a                	sw	s6,32(sp)
    8f4c:	00009b37          	lui	s6,0x9
    8f50:	dc22                	sw	s0,56(sp)
    8f52:	da26                	sw	s1,52(sp)
    8f54:	d84a                	sw	s2,48(sp)
    8f56:	d64e                	sw	s3,44(sp)
    8f58:	d452                	sw	s4,40(sp)
    8f5a:	d256                	sw	s5,36(sp)
    8f5c:	ce5e                	sw	s7,28(sp)
    8f5e:	cc62                	sw	s8,24(sp)
    8f60:	de06                	sw	ra,60(sp)
    8f62:	ca66                	sw	s9,20(sp)
    8f64:	89aa                	mv	s3,a0
    8f66:	892e                	mv	s2,a1
    8f68:	8432                	mv	s0,a2
    8f6a:	4a01                	li	s4,0
    8f6c:	4481                	li	s1,0
    8f6e:	02500b93          	li	s7,37
    8f72:	02b00a93          	li	s5,43
    8f76:	4c29                	li	s8,10
    8f78:	62cb0b13          	addi	s6,s6,1580 # 962c <tcp_backoff+0x30>
    8f7c:	00090583          	lb	a1,0(s2)
    8f80:	e58d                	bnez	a1,8faa <print+0x62>
    8f82:	00098663          	beqz	s3,8f8e <print+0x46>
    8f86:	4581                	li	a1,0
    8f88:	854e                	mv	a0,s3
    8f8a:	d9bff0ef          	jal	ra,8d24 <printchar>
    8f8e:	50f2                	lw	ra,60(sp)
    8f90:	5462                	lw	s0,56(sp)
    8f92:	8526                	mv	a0,s1
    8f94:	5942                	lw	s2,48(sp)
    8f96:	54d2                	lw	s1,52(sp)
    8f98:	59b2                	lw	s3,44(sp)
    8f9a:	5a22                	lw	s4,40(sp)
    8f9c:	5a92                	lw	s5,36(sp)
    8f9e:	5b02                	lw	s6,32(sp)
    8fa0:	4bf2                	lw	s7,28(sp)
    8fa2:	4c62                	lw	s8,24(sp)
    8fa4:	4cd2                	lw	s9,20(sp)
    8fa6:	6121                	addi	sp,sp,64
    8fa8:	8082                	ret
    8faa:	01758863          	beq	a1,s7,8fba <print+0x72>
    8fae:	854e                	mv	a0,s3
    8fb0:	d75ff0ef          	jal	ra,8d24 <printchar>
    8fb4:	0485                	addi	s1,s1,1
    8fb6:	0905                	addi	s2,s2,1
    8fb8:	b7d1                	j	8f7c <print+0x34>
    8fba:	00190783          	lb	a5,1(s2)
    8fbe:	00190c93          	addi	s9,s2,1
    8fc2:	01779a63          	bne	a5,s7,8fd6 <print+0x8e>
    8fc6:	02500593          	li	a1,37
    8fca:	854e                	mv	a0,s3
    8fcc:	d59ff0ef          	jal	ra,8d24 <printchar>
    8fd0:	0485                	addi	s1,s1,1
    8fd2:	8966                	mv	s2,s9
    8fd4:	b7cd                	j	8fb6 <print+0x6e>
    8fd6:	d7d5                	beqz	a5,8f82 <print+0x3a>
    8fd8:	05578763          	beq	a5,s5,9026 <print+0xde>
    8fdc:	00fac863          	blt	s5,a5,8fec <print+0xa4>
    8fe0:	02300713          	li	a4,35
    8fe4:	04e78463          	beq	a5,a4,902c <print+0xe4>
    8fe8:	4781                	li	a5,0
    8fea:	a005                	j	900a <print+0xc2>
    8fec:	02d00713          	li	a4,45
    8ff0:	00e78a63          	beq	a5,a4,9004 <print+0xbc>
    8ff4:	03000713          	li	a4,48
    8ff8:	fee798e3          	bne	a5,a4,8fe8 <print+0xa0>
    8ffc:	00290c93          	addi	s9,s2,2
    9000:	4789                	li	a5,2
    9002:	a021                	j	900a <print+0xc2>
    9004:	00290c93          	addi	s9,s2,2
    9008:	4785                	li	a5,1
    900a:	000c8703          	lb	a4,0(s9)
    900e:	05570363          	beq	a4,s5,9054 <print+0x10c>
    9012:	02eac163          	blt	s5,a4,9034 <print+0xec>
    9016:	02300693          	li	a3,35
    901a:	02d70b63          	beq	a4,a3,9050 <print+0x108>
    901e:	8966                	mv	s2,s9
    9020:	4601                	li	a2,0
    9022:	45a5                	li	a1,9
    9024:	a835                	j	9060 <print+0x118>
    9026:	00290c93          	addi	s9,s2,2
    902a:	bf7d                	j	8fe8 <print+0xa0>
    902c:	00290c93          	addi	s9,s2,2
    9030:	4791                	li	a5,4
    9032:	bfe1                	j	900a <print+0xc2>
    9034:	02d00693          	li	a3,45
    9038:	00d70963          	beq	a4,a3,904a <print+0x102>
    903c:	03000693          	li	a3,48
    9040:	fcd71fe3          	bne	a4,a3,901e <print+0xd6>
    9044:	0027e793          	ori	a5,a5,2
    9048:	a031                	j	9054 <print+0x10c>
    904a:	0c85                	addi	s9,s9,1
    904c:	4785                	li	a5,1
    904e:	bfc1                	j	901e <print+0xd6>
    9050:	0047e793          	ori	a5,a5,4
    9054:	0c85                	addi	s9,s9,1
    9056:	b7e1                	j	901e <print+0xd6>
    9058:	03860633          	mul	a2,a2,s8
    905c:	0905                	addi	s2,s2,1
    905e:	9636                	add	a2,a2,a3
    9060:	00090703          	lb	a4,0(s2)
    9064:	fd070693          	addi	a3,a4,-48
    9068:	0ff6f513          	andi	a0,a3,255
    906c:	fea5f6e3          	bgeu	a1,a0,9058 <print+0x110>
    9070:	02e00593          	li	a1,46
    9074:	4699                	li	a3,6
    9076:	00b71e63          	bne	a4,a1,9092 <print+0x14a>
    907a:	0905                	addi	s2,s2,1
    907c:	4681                	li	a3,0
    907e:	45a5                	li	a1,9
    9080:	00090703          	lb	a4,0(s2)
    9084:	fd070713          	addi	a4,a4,-48
    9088:	0ff77513          	andi	a0,a4,255
    908c:	02a5f563          	bgeu	a1,a0,90b6 <print+0x16e>
    9090:	8a36                	mv	s4,a3
    9092:	00090703          	lb	a4,0(s2)
    9096:	06a00593          	li	a1,106
    909a:	0ab70163          	beq	a4,a1,913c <print+0x1f4>
    909e:	02e5c163          	blt	a1,a4,90c0 <print+0x178>
    90a2:	04c00593          	li	a1,76
    90a6:	08b70b63          	beq	a4,a1,913c <print+0x1f4>
    90aa:	06800593          	li	a1,104
    90ae:	08b70063          	beq	a4,a1,912e <print+0x1e6>
    90b2:	4581                	li	a1,0
    90b4:	a02d                	j	90de <print+0x196>
    90b6:	038686b3          	mul	a3,a3,s8
    90ba:	0905                	addi	s2,s2,1
    90bc:	96ba                	add	a3,a3,a4
    90be:	b7c9                	j	9080 <print+0x138>
    90c0:	07400593          	li	a1,116
    90c4:	06b70c63          	beq	a4,a1,913c <print+0x1f4>
    90c8:	07a00593          	li	a1,122
    90cc:	06b70863          	beq	a4,a1,913c <print+0x1f4>
    90d0:	06c00513          	li	a0,108
    90d4:	4581                	li	a1,0
    90d6:	00a71463          	bne	a4,a0,90de <print+0x196>
    90da:	0905                	addi	s2,s2,1
    90dc:	4591                	li	a1,4
    90de:	00090703          	lb	a4,0(s2)
    90e2:	06000513          	li	a0,96
    90e6:	06100813          	li	a6,97
    90ea:	00e54463          	blt	a0,a4,90f2 <print+0x1aa>
    90ee:	04100813          	li	a6,65
    90f2:	06700513          	li	a0,103
    90f6:	06e54063          	blt	a0,a4,9156 <print+0x20e>
    90fa:	06500513          	li	a0,101
    90fe:	14a75563          	bge	a4,a0,9248 <print+0x300>
    9102:	04700513          	li	a0,71
    9106:	02e54d63          	blt	a0,a4,9140 <print+0x1f8>
    910a:	04500593          	li	a1,69
    910e:	12b75d63          	bge	a4,a1,9248 <print+0x300>
    9112:	04300693          	li	a3,67
    9116:	ead710e3          	bne	a4,a3,8fb6 <print+0x6e>
    911a:	4018                	lw	a4,0(s0)
    911c:	00440c93          	addi	s9,s0,4
    9120:	000106a3          	sb	zero,13(sp)
    9124:	8658                	sb	a4,12(sp)
    9126:	86be                	mv	a3,a5
    9128:	4701                	li	a4,0
    912a:	006c                	addi	a1,sp,12
    912c:	a041                	j	91ac <print+0x264>
    912e:	00190503          	lb	a0,1(s2)
    9132:	4581                	li	a1,0
    9134:	fae515e3          	bne	a0,a4,90de <print+0x196>
    9138:	0909                	addi	s2,s2,2
    913a:	b755                	j	90de <print+0x196>
    913c:	0905                	addi	s2,s2,1
    913e:	bf95                	j	90b2 <print+0x16a>
    9140:	06300693          	li	a3,99
    9144:	fcd70be3          	beq	a4,a3,911a <print+0x1d2>
    9148:	06e6c663          	blt	a3,a4,91b4 <print+0x26c>
    914c:	05800693          	li	a3,88
    9150:	02d70363          	beq	a4,a3,9176 <print+0x22e>
    9154:	b58d                	j	8fb6 <print+0x6e>
    9156:	07300693          	li	a3,115
    915a:	04d70163          	beq	a4,a3,919c <print+0x254>
    915e:	02e6c863          	blt	a3,a4,918e <print+0x246>
    9162:	06f00693          	li	a3,111
    9166:	0ad70e63          	beq	a4,a3,9222 <print+0x2da>
    916a:	07000693          	li	a3,112
    916e:	0047e793          	ori	a5,a5,4
    9172:	e4d712e3          	bne	a4,a3,8fb6 <print+0x6e>
    9176:	cdd9                	beqz	a1,9214 <print+0x2cc>
    9178:	041d                	addi	s0,s0,7
    917a:	ff847593          	andi	a1,s0,-8
    917e:	88c2                	mv	a7,a6
    9180:	00858413          	addi	s0,a1,8
    9184:	883e                	mv	a6,a5
    9186:	4701                	li	a4,0
    9188:	87b2                	mv	a5,a2
    918a:	46c1                	li	a3,16
    918c:	a83d                	j	91ca <print+0x282>
    918e:	07500693          	li	a3,117
    9192:	06d70063          	beq	a4,a3,91f2 <print+0x2aa>
    9196:	07800693          	li	a3,120
    919a:	bf5d                	j	9150 <print+0x208>
    919c:	4018                	lw	a4,0(s0)
    919e:	00440c93          	addi	s9,s0,4
    91a2:	85da                	mv	a1,s6
    91a4:	c311                	beqz	a4,91a8 <print+0x260>
    91a6:	85ba                	mv	a1,a4
    91a8:	8752                	mv	a4,s4
    91aa:	86be                	mv	a3,a5
    91ac:	854e                	mv	a0,s3
    91ae:	bc1ff0ef          	jal	ra,8d6e <prints>
    91b2:	a82d                	j	91ec <print+0x2a4>
    91b4:	c195                	beqz	a1,91d8 <print+0x290>
    91b6:	041d                	addi	s0,s0,7
    91b8:	ff847593          	andi	a1,s0,-8
    91bc:	88c2                	mv	a7,a6
    91be:	00858413          	addi	s0,a1,8
    91c2:	883e                	mv	a6,a5
    91c4:	4705                	li	a4,1
    91c6:	87b2                	mv	a5,a2
    91c8:	46a9                	li	a3,10
    91ca:	41d0                	lw	a2,4(a1)
    91cc:	418c                	lw	a1,0(a1)
    91ce:	854e                	mv	a0,s3
    91d0:	d71ff0ef          	jal	ra,8f40 <printLongLongInt>
    91d4:	94aa                	add	s1,s1,a0
    91d6:	b3c5                	j	8fb6 <print+0x6e>
    91d8:	00440c93          	addi	s9,s0,4
    91dc:	88d2                	mv	a7,s4
    91de:	8732                	mv	a4,a2
    91e0:	4685                	li	a3,1
    91e2:	4629                	li	a2,10
    91e4:	400c                	lw	a1,0(s0)
    91e6:	854e                	mv	a0,s3
    91e8:	c67ff0ef          	jal	ra,8e4e <printInt>
    91ec:	94aa                	add	s1,s1,a0
    91ee:	8466                	mv	s0,s9
    91f0:	b3d9                	j	8fb6 <print+0x6e>
    91f2:	c999                	beqz	a1,9208 <print+0x2c0>
    91f4:	041d                	addi	s0,s0,7
    91f6:	ff847593          	andi	a1,s0,-8
    91fa:	88c2                	mv	a7,a6
    91fc:	00858413          	addi	s0,a1,8
    9200:	883e                	mv	a6,a5
    9202:	4701                	li	a4,0
    9204:	87b2                	mv	a5,a2
    9206:	b7c9                	j	91c8 <print+0x280>
    9208:	00440c93          	addi	s9,s0,4
    920c:	88d2                	mv	a7,s4
    920e:	8732                	mv	a4,a2
    9210:	4681                	li	a3,0
    9212:	bfc1                	j	91e2 <print+0x29a>
    9214:	8732                	mv	a4,a2
    9216:	00440c93          	addi	s9,s0,4
    921a:	88d2                	mv	a7,s4
    921c:	4681                	li	a3,0
    921e:	4641                	li	a2,16
    9220:	b7d1                	j	91e4 <print+0x29c>
    9222:	cd81                	beqz	a1,923a <print+0x2f2>
    9224:	041d                	addi	s0,s0,7
    9226:	ff847593          	andi	a1,s0,-8
    922a:	88c2                	mv	a7,a6
    922c:	00858413          	addi	s0,a1,8
    9230:	883e                	mv	a6,a5
    9232:	4701                	li	a4,0
    9234:	87b2                	mv	a5,a2
    9236:	46a1                	li	a3,8
    9238:	bf49                	j	91ca <print+0x282>
    923a:	8732                	mv	a4,a2
    923c:	00440c93          	addi	s9,s0,4
    9240:	88d2                	mv	a7,s4
    9242:	4681                	li	a3,0
    9244:	4621                	li	a2,8
    9246:	bf79                	j	91e4 <print+0x29c>
    9248:	041d                	addi	s0,s0,7
    924a:	ff847593          	andi	a1,s0,-8
    924e:	00858413          	addi	s0,a1,8
    9252:	8732                	mv	a4,a2
    9254:	41d0                	lw	a2,4(a1)
    9256:	418c                	lw	a1,0(a1)
    9258:	88c2                	mv	a7,a6
    925a:	854e                	mv	a0,s3
    925c:	883e                	mv	a6,a5
    925e:	87b6                	mv	a5,a3
    9260:	46a9                	li	a3,10
    9262:	ce3ff0ef          	jal	ra,8f44 <printDouble>
    9266:	b7bd                	j	91d4 <print+0x28c>

00009268 <printf>:
printf():
    9268:	7139                	addi	sp,sp,-64
    926a:	d22e                	sw	a1,36(sp)
    926c:	d432                	sw	a2,40(sp)
    926e:	85aa                	mv	a1,a0
    9270:	1050                	addi	a2,sp,36
    9272:	4501                	li	a0,0
    9274:	ce06                	sw	ra,28(sp)
    9276:	d636                	sw	a3,44(sp)
    9278:	d83a                	sw	a4,48(sp)
    927a:	da3e                	sw	a5,52(sp)
    927c:	dc42                	sw	a6,56(sp)
    927e:	de46                	sw	a7,60(sp)
    9280:	c632                	sw	a2,12(sp)
    9282:	cc7ff0ef          	jal	ra,8f48 <print>
    9286:	40f2                	lw	ra,28(sp)
    9288:	6121                	addi	sp,sp,64
    928a:	8082                	ret

0000928c <sprintf>:
sprintf():
    928c:	7139                	addi	sp,sp,-64
    928e:	d432                	sw	a2,40(sp)
    9290:	da3e                	sw	a5,52(sp)
    9292:	c62a                	sw	a0,12(sp)
    9294:	1030                	addi	a2,sp,40
    9296:	57fd                	li	a5,-1
    9298:	0048                	addi	a0,sp,4
    929a:	ce06                	sw	ra,28(sp)
    929c:	d636                	sw	a3,44(sp)
    929e:	d83a                	sw	a4,48(sp)
    92a0:	dc42                	sw	a6,56(sp)
    92a2:	de46                	sw	a7,60(sp)
    92a4:	c202                	sw	zero,4(sp)
    92a6:	c43e                	sw	a5,8(sp)
    92a8:	c032                	sw	a2,0(sp)
    92aa:	c9fff0ef          	jal	ra,8f48 <print>
    92ae:	40f2                	lw	ra,28(sp)
    92b0:	6121                	addi	sp,sp,64
    92b2:	8082                	ret

000092b4 <puts>:
puts():
    92b4:	1101                	addi	sp,sp,-32
    92b6:	cc22                	sw	s0,24(sp)
    92b8:	ca26                	sw	s1,20(sp)
    92ba:	ce06                	sw	ra,28(sp)
    92bc:	211c                	lbu	a5,0(a0)
    92be:	84aa                	mv	s1,a0
    92c0:	4401                	li	s0,0
    92c2:	87dc                	sb	a5,15(sp)
    92c4:	00f10783          	lb	a5,15(sp)
    92c8:	0405                	addi	s0,s0,1
    92ca:	ef99                	bnez	a5,92e8 <puts+0x34>
    92cc:	47a9                	li	a5,10
    92ce:	00f10593          	addi	a1,sp,15
    92d2:	4605                	li	a2,1
    92d4:	4501                	li	a0,0
    92d6:	87dc                	sb	a5,15(sp)
    92d8:	f7bf80ef          	jal	ra,2252 <_write>
    92dc:	8522                	mv	a0,s0
    92de:	40f2                	lw	ra,28(sp)
    92e0:	4462                	lw	s0,24(sp)
    92e2:	44d2                	lw	s1,20(sp)
    92e4:	6105                	addi	sp,sp,32
    92e6:	8082                	ret
    92e8:	4605                	li	a2,1
    92ea:	00f10593          	addi	a1,sp,15
    92ee:	4501                	li	a0,0
    92f0:	f63f80ef          	jal	ra,2252 <_write>
    92f4:	008487b3          	add	a5,s1,s0
    92f8:	239c                	lbu	a5,0(a5)
    92fa:	87dc                	sb	a5,15(sp)
    92fc:	b7e1                	j	92c4 <puts+0x10>

000092fe <memcpy>:
memcpy():
    92fe:	00a5c7b3          	xor	a5,a1,a0
    9302:	8b8d                	andi	a5,a5,3
    9304:	00c50733          	add	a4,a0,a2
    9308:	e781                	bnez	a5,9310 <memcpy+0x12>
    930a:	478d                	li	a5,3
    930c:	00c7ed63          	bltu	a5,a2,9326 <memcpy+0x28>
    9310:	87aa                	mv	a5,a0
    9312:	08e57e63          	bgeu	a0,a4,93ae <memcpy+0xb0>
    9316:	2194                	lbu	a3,0(a1)
    9318:	0785                	addi	a5,a5,1
    931a:	0585                	addi	a1,a1,1
    931c:	fed78fa3          	sb	a3,-1(a5)
    9320:	fee7ebe3          	bltu	a5,a4,9316 <memcpy+0x18>
    9324:	8082                	ret
    9326:	00357693          	andi	a3,a0,3
    932a:	87aa                	mv	a5,a0
    932c:	ca89                	beqz	a3,933e <memcpy+0x40>
    932e:	2194                	lbu	a3,0(a1)
    9330:	0785                	addi	a5,a5,1
    9332:	0585                	addi	a1,a1,1
    9334:	fed78fa3          	sb	a3,-1(a5)
    9338:	0037f693          	andi	a3,a5,3
    933c:	bfc5                	j	932c <memcpy+0x2e>
    933e:	ffc77693          	andi	a3,a4,-4
    9342:	fe068613          	addi	a2,a3,-32
    9346:	06c7f063          	bgeu	a5,a2,93a6 <memcpy+0xa8>
    934a:	0005a383          	lw	t2,0(a1)
    934e:	0045a283          	lw	t0,4(a1)
    9352:	0085af83          	lw	t6,8(a1)
    9356:	00c5af03          	lw	t5,12(a1)
    935a:	0105ae83          	lw	t4,16(a1)
    935e:	0145ae03          	lw	t3,20(a1)
    9362:	0185a303          	lw	t1,24(a1)
    9366:	01c5a883          	lw	a7,28(a1)
    936a:	02458593          	addi	a1,a1,36
    936e:	0077a023          	sw	t2,0(a5)
    9372:	ffc5a803          	lw	a6,-4(a1)
    9376:	0057a223          	sw	t0,4(a5)
    937a:	01f7a423          	sw	t6,8(a5)
    937e:	01e7a623          	sw	t5,12(a5)
    9382:	01d7a823          	sw	t4,16(a5)
    9386:	01c7aa23          	sw	t3,20(a5)
    938a:	0067ac23          	sw	t1,24(a5)
    938e:	0117ae23          	sw	a7,28(a5)
    9392:	02478793          	addi	a5,a5,36
    9396:	ff07ae23          	sw	a6,-4(a5)
    939a:	b775                	j	9346 <memcpy+0x48>
    939c:	4190                	lw	a2,0(a1)
    939e:	0791                	addi	a5,a5,4
    93a0:	0591                	addi	a1,a1,4
    93a2:	fec7ae23          	sw	a2,-4(a5)
    93a6:	fed7ebe3          	bltu	a5,a3,939c <memcpy+0x9e>
    93aa:	f6e7e6e3          	bltu	a5,a4,9316 <memcpy+0x18>
    93ae:	8082                	ret

000093b0 <strlen>:
strlen():
    93b0:	87aa                	mv	a5,a0
    93b2:	0785                	addi	a5,a5,1
    93b4:	fff7c703          	lbu	a4,-1(a5)
    93b8:	ff6d                	bnez	a4,93b2 <strlen+0x2>
    93ba:	40a78533          	sub	a0,a5,a0
    93be:	157d                	addi	a0,a0,-1
    93c0:	8082                	ret
    93c2:	0000                	unimp
    93c4:	6148                	flw	fa0,4(a0)
    93c6:	6472                	flw	fs0,28(sp)
    93c8:	6146                	flw	ft2,80(sp)
    93ca:	6c75                	lui	s8,0x1d
    93cc:	5f74                	lw	a3,124(a4)
    93ce:	6148                	flw	fa0,4(a0)
    93d0:	646e                	flw	fs0,216(sp)
    93d2:	656c                	flw	fa1,76(a0)
    93d4:	0d72                	slli	s10,s10,0x1c
    93d6:	0000                	unimp
    93d8:	656d                	lui	a0,0x1b
    93da:	6370                	flw	fa2,68(a4)
    93dc:	2020                	lbu	s0,2(s0)
    93de:	253a                	lhu	a4,10(a0)
    93e0:	3830                	lbu	a2,19(s0)
    93e2:	0d78                	addi	a4,sp,668
    93e4:	000a                	c.slli	zero,0x2
    93e6:	0000                	unimp
    93e8:	636d                	lui	t1,0x1b
    93ea:	7561                	lui	a0,0xffff8
    93ec:	253a6573          	csrrsi	a0,0x253,20
    93f0:	3830                	lbu	a2,19(s0)
    93f2:	0d78                	addi	a4,sp,668
    93f4:	000a                	c.slli	zero,0x2
    93f6:	0000                	unimp
    93f8:	746d                	lui	s0,0xffffb
    93fa:	6176                	flw	ft2,92(sp)
    93fc:	206c                	lbu	a1,6(s0)
    93fe:	253a                	lhu	a4,10(a0)
    9400:	3830                	lbu	a2,19(s0)
    9402:	0d78                	addi	a4,sp,668
    9404:	000a                	c.slli	zero,0x2
    9406:	0000                	unimp
    9408:	6b636f53          	0x6b636f53
    940c:	7465                	lui	s0,0xffff9
    940e:	6449                	lui	s0,0x12
    9410:	2520                	lbu	s0,10(a0)
    9412:	0d64                	addi	s1,sp,668
    9414:	000a                	c.slli	zero,0x2
    9416:	0000                	unimp
    9418:	544e4947          	0x544e4947
    941c:	535f 4154 5f54      	0x5f544154535f
    9422:	4e55                	li	t3,21
    9424:	4552                	lw	a0,20(sp)
    9426:	4341                	li	t1,16
    9428:	0d48                	addi	a0,sp,660
    942a:	0000                	unimp
    942c:	544e4947          	0x544e4947
    9430:	535f 4154 5f54      	0x5f544154535f
    9436:	5049                	c.li	zero,-14
    9438:	435f 4e4f 4c46      	0x4c464e4f435f
    943e:	0d49                	addi	s10,s10,18
    9440:	0000                	unimp
    9442:	0000                	unimp
    9444:	3e3e                	lhu	a5,58(a2)
    9446:	203e                	lhu	a5,2(s0)
    9448:	4850                	lw	a2,20(s0)
    944a:	2059                	jal	94d0 <strlen+0x120>
    944c:	694c                	flw	fa1,20(a0)
    944e:	6b6e                	flw	fs6,216(sp)
    9450:	5320                	lw	s0,96(a4)
    9452:	6375                	lui	t1,0x1d
    9454:	73736563          	bltu	t1,s7,9b7e <_data_lma+0x54a>
    9458:	000d                	c.nop	3
    945a:	0000                	unimp
    945c:	3e3e                	lhu	a5,58(a2)
    945e:	203e                	lhu	a5,2(s0)
    9460:	4354                	lw	a3,4(a4)
    9462:	2050                	lbu	a2,4(s0)
    9464:	6e6e6f43          	fmadd.q	ft10,ft8,ft6,fa3,unknown
    9468:	6365                	lui	t1,0x19
    946a:	2074                	lbu	a3,6(s0)
    946c:	63637553          	0x63637553
    9470:	7365                	lui	t1,0xffff9
    9472:	73202173          	csrr	sp,0x732
    9476:	656b636f          	jal	t1,bfacc <_data_lma+0xb6498>
    947a:	2074                	lbu	a3,6(s0)
    947c:	6469                	lui	s0,0x1a
    947e:	203a                	lhu	a4,2(s0)
    9480:	6425                	lui	s0,0x9
    9482:	0a0d                	addi	s4,s4,3
    9484:	0000                	unimp
    9486:	0000                	unimp
    9488:	3e3e                	lhu	a5,58(a2)
    948a:	203e                	lhu	a5,2(s0)
    948c:	4354                	lw	a3,4(a4)
    948e:	2050                	lbu	a2,4(s0)
    9490:	6944                	flw	fs1,20(a0)
    9492:	6e6f6373          	csrrsi	t1,0x6e6,30
    9496:	656e                	flw	fa0,216(sp)
    9498:	000d7463          	bgeu	s10,zero,94a0 <strlen+0xf0>
    949c:	3e3e                	lhu	a5,58(a2)
    949e:	203e                	lhu	a5,2(s0)
    94a0:	4354                	lw	a3,4(a4)
    94a2:	2050                	lbu	a2,4(s0)
    94a4:	6954                	flw	fa3,20(a0)
    94a6:	656d                	lui	a0,0x1b
    94a8:	2c74756f          	jal	a0,50f6e <_data_lma+0x4793a>
    94ac:	7220                	flw	fs0,96(a2)
    94ae:	6365                	lui	t1,0x19
    94b0:	656e6e6f          	jal	t3,efb06 <_data_lma+0xe64d2>
    94b4:	2e2e7463          	bgeu	t3,sp,979c <_data_lma+0x168>
    94b8:	0d2e                	slli	s10,s10,0xb
    94ba:	0000                	unimp
    94bc:	7245                	lui	tp,0xffff1
    94be:	6f72                	flw	ft10,28(sp)
    94c0:	3a72                	lhu	a2,54(a2)
    94c2:	2520                	lbu	s0,10(a0)
    94c4:	3230                	lbu	a2,3(a2)
    94c6:	0d58                	addi	a4,sp,660
    94c8:	000a                	c.slli	zero,0x2
    94ca:	0000                	unimp
    94cc:	0a0d                	addi	s4,s4,3
    94ce:	3d3d                	jal	930c <memcpy+0xe>
    94d0:	203d                	jal	94fe <strlen+0x14e>
    94d2:	32334843          	fmadd.d	fa6,ft6,ft3,ft6,rmm
    94d6:	3356                	lhu	a3,36(a4)
    94d8:	3730                	lbu	a2,11(a4)
    94da:	5620                	lw	s0,104(a2)
    94dc:	6269                	lui	tp,0x1a
    94de:	6172                	flw	ft2,28(sp)
    94e0:	6974                	flw	fa3,84(a0)
    94e2:	4d206e6f          	jal	t3,f9b4 <_data_lma+0x6380>
    94e6:	74696e6f          	jal	t3,9fc2c <_data_lma+0x965f8>
    94ea:	3d20726f          	jal	tp,108bc <_data_lma+0x7288>
    94ee:	3d3d                	jal	932c <memcpy+0x2e>
    94f0:	000d                	c.nop	3
    94f2:	0000                	unimp
    94f4:	4441                	li	s0,16
    94f6:	4c58                	lw	a4,28(s0)
    94f8:	20353433          	0x20353433
    94fc:	4544                	lw	s1,12(a0)
    94fe:	4956                	lw	s2,84(sp)
    9500:	2044                	lbu	s1,4(s0)
    9502:	203d                	jal	9530 <strlen+0x180>
    9504:	6425                	lui	s0,0x9
    9506:	2820                	lbu	s0,18(s0)
    9508:	756f6873          	csrrsi	a6,0x756,30
    950c:	646c                	flw	fa1,76(s0)
    950e:	6220                	flw	fs0,64(a2)
    9510:	2065                	jal	95b8 <MemNum+0xc>
    9512:	3232                	lhu	a2,34(a2)
    9514:	2939                	jal	9932 <_data_lma+0x2fe>
    9516:	0a0d                	addi	s4,s4,3
    9518:	0000                	unimp
    951a:	0000                	unimp
    951c:	414d                	li	sp,19
    951e:	25203a43          	0x25203a43
    9522:	3230                	lbu	a2,3(a2)
    9524:	3a78                	lbu	a4,23(a2)
    9526:	3025                	jal	8d4e <printchar+0x2a>
    9528:	7832                	flw	fa6,44(sp)
    952a:	253a                	lhu	a4,10(a0)
    952c:	3230                	lbu	a2,3(a2)
    952e:	3a78                	lbu	a4,23(a2)
    9530:	3025                	jal	8d58 <printchar+0x34>
    9532:	7832                	flw	fa6,44(sp)
    9534:	253a                	lhu	a4,10(a0)
    9536:	3230                	lbu	a2,3(a2)
    9538:	3a78                	lbu	a4,23(a2)
    953a:	3025                	jal	8d62 <printchar+0x3e>
    953c:	7832                	flw	fa6,44(sp)
    953e:	0a0d                	addi	s4,s4,3
    9540:	0000                	unimp
    9542:	0000                	unimp
    9544:	6f42                	flw	ft10,16(sp)
    9546:	7261                	lui	tp,0xffff8
    9548:	2064                	lbu	s1,6(s0)
    954a:	5049                	c.li	zero,-14
    954c:	203a                	lhu	a4,2(s0)
    954e:	3931                	jal	916a <print+0x222>
    9550:	2e32                	lhu	a2,26(a2)
    9552:	3631                	jal	905e <print+0x116>
    9554:	2e38                	lbu	a4,26(a2)
    9556:	2e31                	jal	9872 <_data_lma+0x23e>
    9558:	3031                	jal	8d64 <printchar+0x40>
    955a:	2c30                	lbu	a2,26(s0)
    955c:	4320                	lw	s0,64(a4)
    955e:	656e6e6f          	jal	t3,efbb4 <_data_lma+0xe6580>
    9562:	6e697463          	bgeu	s2,t1,9c4a <_data_lma+0x616>
    9566:	6f742067          	0x6f742067
    956a:	3120                	lbu	s0,3(a0)
    956c:	3239                	jal	8e7a <printInt+0x2c>
    956e:	312e                	lhu	a1,34(a0)
    9570:	3836                	lhu	a3,50(s0)
    9572:	312e                	lhu	a1,34(a0)
    9574:	312e                	lhu	a1,34(a0)
    9576:	3a30                	lbu	a2,19(a2)
    9578:	3838                	lbu	a4,19(s0)
    957a:	3838                	lbu	a4,19(s0)
    957c:	2e2e                	lhu	a1,26(a2)
    957e:	0d2e                	slli	s10,s10,0xb
    9580:	0000                	unimp
    9582:	0000                	unimp
    9584:	3e3e                	lhu	a5,58(a2)
    9586:	203e                	lhu	a5,2(s0)
    9588:	5445                	li	s0,-15
    958a:	2048                	lbu	a0,4(s0)
    958c:	6e49                	lui	t3,0x12
    958e:	7469                	lui	s0,0xffffa
    9590:	5320                	lw	s0,96(a4)
    9592:	6375                	lui	t1,0x1d
    9594:	73736563          	bltu	t1,s7,9cbe <_data_lma+0x68a>
    9598:	000d                	c.nop	3
    959a:	0000                	unimp
    959c:	6425                	lui	s0,0x9
    959e:	252c                	lbu	a1,10(a0)
    95a0:	2c64                	lbu	s1,30(s0)
    95a2:	6425                	lui	s0,0x9
    95a4:	252c                	lbu	a1,10(a0)
    95a6:	2c64                	lbu	s1,30(s0)
    95a8:	6425                	lui	s0,0x9
    95aa:	000a                	c.slli	zero,0x2

000095ac <MemNum>:
    95ac:	0000 0000 0001 0000 0002 0000 0004 0004     ................

000095bc <MemSize>:
    95bc:	001c 0020 00b4 0024 0014 0020 0010 0600     .. ...$... .....

000095cc <ErrTable>:
    95cc:	1100 1312 1514 1716 1918 1b1a 1d1c 1f1e     ................
    95dc:	5d38 0000 5d7e 0000 5d98 0000 5da8 0000     8]..~]...]...]..
    95ec:	5da8 0000 5d94 0000 5d94 0000 5db6 0000     .]...]...]...]..

000095fc <tcp_backoff>:
    95fc:	0201 0403 0605 0707 0707 0707 0007 0000     ................
    960c:	7328 0000 7436 0000 7522 0000 752a 0000     (s..6t.."u..*u..
    961c:	75d0 0000 7522 0000 7616 0000 7652 0000     .u.."u...v..Rv..
    962c:	6e28 6c75 296c 0000                         (null)..
