:040000006F00B04598
:100004000000000000000000C8020000CA02000056
:1000140000000000580C0000000000000000000078
:10002400580C0000580C0000000000000000000004
:10003400580C000000000000580C000000000000F4
:10004400580C0000580C0000580C0000580C00001C
:10005400580C0000580C0000580C0000580C00000C
:10006400580C0000580C0000580C0000580C0000FC
:10007400580C0000580C0000580C0000580C0000EC
:10008400580C0000580C0000580C0000580C0000DC
:10009400580C0000580C0000580C00001C03000011
:1000A400580C0000580C0000580C0000580C0000BC
:1000B40078030000580C0000580C0000580C000095
:1000C400580C0000580C0000580C0000580C00009C
:1000D400580C0000580C0000580C0000580C00008C
:1000E400580C0000580C0000580C0000580C00007C
:1000F400580C0000580C0000580C0000580C00006C
:1001040000000000580C0000580C0000580C0000BF
:10011400580C0000580C0000580C0000580C00004B
:10012400580C0000580C0000580C0000580C00003B
:10013400580C000070030000580C0000580C00001C
:10014400580C0000580C0000580C0000580C00001B
:10015400580C0000580C0000580C0000580C00000B
:10016400580C0000580C0000580C0000580C0000FB
:10017400580C0000580C0000580C0000580C0000EB
:10018400580C0000580C0000580C0000580C0000DB
:10019400580C0000580C0000580C0000580C0000CB
:1001A400000000000000000000000000000000004B
:0C01B4000000000000000000000000003F
:1001C000397101436EC619A0397141536AC866CAB4
:1001D00062CC5ECE19A0397101535AD056D252D496
:1001E0004ED64AD826DA22DC06DE3301614082820E
:1001F00041114AC026C222C406C68282B24D4101C4
:10020000024D924C224CB24B4101024B924A224A7F
:10021000B2494101024992442244B24041018280E4
:100220003D432A876373C3029377F700BDEFADE5C3
:10023000937606FF3D8ABA960CC34CC30CC74CC7D5
:100240004107E36BD7FE11E28280B306C3408A0602
:100250009702000096966780A6002307B700A306C2
:10026000B7002306B700A305B7002305B700A30412
:10027000B7002304B700A303B7002303B700A3020A
:10028000B7002302B700A301B7002301B700A30002
:10029000B7002300B700828093F5F50F9396850091
:1002A000D58D93960501D58D61B79396270097025A
:1002B000000096968682E78086FA9680C1171D8F89
:1002C0003E96E374C3F8A5B701A037950000130567
:1002D000453CEF80307EEF10B07BAA85379500005B
:1002E0001305853DEF805078EF10F07AAA85379599
:1002F00000001305853EEF803077EF10307AAA8535
:10030000379500001305853FEF801076B707EFBEE5
:1003100037E700E0938707083CC701A0397106DE84
:1003200016DC1ADA1ED82AD62ED432D236D03ACEDD
:100330003ECC42CA46C872C676C47AC27EC0EF10AE
:10034000A07713050008EF00F036F250E252525346
:10035000C2533255A255125682567247E24752484E
:10036000C248324EA24E124F824F2161730020309C
:10037000EF10B046730020302945EF10E01085459E
:1003800037050040EF00107973002030EFF25FE690
:1003900041118545214502C202C402C6EF00305911
:1003A00093078002371401407C82D1473EC64C003F
:1003B0008D47130504C03EC4EF007030130504C020
:1003C0000546A145EF00D03C054693050002130504
:1003D00004C0EF00F03B410135BDEFF27FE137147F
:1003E0000140130504C0054693050002EF00503A92
:1003F0000546A145130504C0EF0090391545EF10DF
:10040000F058014693050002130504C0EF00503870
:100410001545EF10B0570146A145130504C0EF0084
:1004200030371545EF109056F5B3EFF27FDC3714F7
:100430000140130504C0014693050002EF0050354A
:100440000546A145130504C0EF0090341545EF1093
:10045000F053054693050002130504C0EF00503326
:100460001545EF10B0527DB3EFF2FFD637190140BA
:10047000AA842144930909C093978401E187054622
:1004800063C307000146930500024E85EF0050301C
:100490000945EF10B04F0546A1454E85EF00502F9E
:1004A0001545EF10B04E0146A1454E85EF00502E88
:1004B0007D14860409451374F40F93F4F40FEF10C0
:1004C000F04C5DF8054693050002130509C0EF00E6
:1004D000302C0945EF10904B0546A145130509C086
:1004E000EF00102B1545EF10704A0146A14513058A
:1004F00009C0EF00F02911BBEFF29FCF371901407F
:10050000A1440144130909C0A14505464A85EF00ED
:1005100030281545EF1090470604930500024A85E0
:100520001374F40FEF00B02519C1136414000146D1
:10053000A1454A85EF00D025FD14094593F4F40F39
:10054000EF10D044F1F02285F1B1EFF27FCA4111F2
:100550002A842EC659351305600A39372285293772
:10056000B2452E851137D13541016DB1EFF25FC82B
:1005700041112A849D351305600AFD352285ED352C
:10058000A93D1305700ACD35853F2AC6793D324510
:10059000410149B1EFF23FC441112EC632C4AA8ACB
:1005A0002D3D1305600AC93513052007753D353506
:1005B0001305700A553D89372A8B3D3F2A892D3F07
:1005C0002A8A1D3FAA840D3FAA893D372AC2B13D20
:1005D0001245B2452209224633696901A2042390DB
:1005E0002A01B3E44401220586A1336535010AA23C
:1005F000410121B9EFF2DFBFA1451305D002B137A8
:10060000814513051003913731B1EFF27FBE4111DF
:100610008545214502C202C402C6EF005031894718
:10062000371401407C82C1473EC64C008D471305FC
:1006300004C03EC4EF00B00801468945130504C05C
:10064000EF0010154101F9B6EFF29FBA37150140DE
:1006500005468945130505C0EF00901365BEEFF20E
:100660003FB93715014001468945130505C0EF0024
:1006700030124DB619C9EFF2BFB7AA853795000001
:100680001305C54BEF80503E71B68280EFF25FB626
:1006900041118545054502C202C423160100EF0041
:1006A000F02A83A7418137470F0013070724B3D7E8
:1006B000E7024C0037050040231501007C84896760
:1006C0009387F7703EC2EF007033054685453705C6
:1006D0000040EF001043854537050040EF00F04033
:1006E000854537050040EF00F042B7E700E00567B9
:1006F00023A2E710410139BEEFF29FAF3971130613
:10070000C00381454800293EB707002083A70702A0
:100710001384E1853ED883D701814C001385E185A0
:100720003ED4938721819A239306170096A38D4781
:100730003ED08567938787B63AD63EC8EF200056ED
:100740000C20AA843795000013058540EF80D03136
:1007500026850D370820EF207053293F21615DBCAD
:10076000EFF21FA993F7450041112A84AE848DC78B
:100770001307C0033307E502B77700209387C73319
:100780007000BA97984F3AC6CC4BEF20302E7000CD
:1007900081452285EF20407893F78400A1C78545E5
:1007A0002285EF2070490566130686B6B305C4029C
:1007B000B7070020938707172285BE95EF20A0700A
:1007C0009387018694231307F00F6393E60080A3B9
:1007D000379500000547A2851305C545A380E1862E
:1007E000EF80902893F704018DC3938701869823A7
:1007F000631487007D5798A3A38001868D353795B4
:10080000000013058548EF80F02A93F404048DC09E
:10081000938701869823631487007D5798A33795A3
:1008200000001305C549A3800186EF80B028E93593
:1008300041016FF03F9EEFF2BF9BEF20703B93773B
:1008400015002A8499C73795000013058541EF806C
:1008500070269377240099C7379500001305C54289
:10086000EF8050259377440099CBEF20503C1189BD
:1008700019C53795000013054544EF80B023418822
:1008800019E06FF03F990145EF20D037AA8575D95F
:100890000145F935FDB7EFF23F931D71492CEF107B
:1008A000900C716513050520EF10101537950000A9
:1008B0001305C54CEF801020D13C2D3BB9330145C9
:1008C0007531AA85379500001305454FEF80D01983
:1008D00013858185EF0050391384818503485400C6
:1008E0005C203830342010300C2037950000130580
:1008F000C551EF8070173795000013054554EF8000
:10090000701B6933938681851386C18093854180EE
:1009100013858180EF10C07C2A84A93B19E43795A8
:10092000000013054558EF80F0189567938707E29C
:100930003ED09167938787A93ED20810A5473ED441
:10094000EF20401A7D572380E186014B7533014C1F
:10095000814BA54AB7990000EF10204EEF2070257B
:1009600011C1D13D83C71186E5DB1306A1012C0817
:100970001305610105318314610113940B0141805A
:1009800063D09B0A33848440831B81014204931704
:100990000C0113970B014180C183418363547C098F
:1009A000B307F740C207031CA101C1833E94420470
:1009B00093170B0113170C014180C18341836355C9
:1009C0008B07B307F740C207C1833E9442044180BE
:1009D000014863FD8A0493071003054863F8870400
:1009E000A53109480317A10183168101031661018E
:1009F000A2879385C9590810EF8050090810EF802D
:100A0000301B2ACE03C5E18570080C10EF201006BC
:100A10001305800C628BEF10C07A5E8CA68B2DBF05
:100A2000058C9DB7998FBDBF998F71BF42C605399F
:100A300032484DBFB71702409843B706FFF0411147
:100A40001367170098C3D84337060200758FD8C3C1
:100A50009843B706F7FEFD16758F98C39843B706FF
:100A6000FCFFFD16758F98C3D843B70601FFFD162E
:100A7000758FD8C39843B70600ECFD16758F98C3E1
:100A80003707FF0098C723A6070202C402C698438F
:100A9000C166558F98C3B716024005679C42F18F17
:100AA0003EC6A24785073EC4B24781E7A247E39707
:100AB000E7FEB71702409C431397E700635707060A
:100AC00085473EC632478547631FF704B717024084
:100AD000D843B706C1FFFD16D8C3D843D8C3D843FF
:100AE00013670740D8C3D843758FD8C3D843B70618
:100AF0002900558FD8C39843B7060001558F98C376
:100B0000984393166700E3DD06FED843B71602400C
:100B1000719BD8C3D84313672700D8C32147DC4251
:100B2000B18BE39EE7FE4101828002C661BFB7162A
:100B30000240D8421146318B938741816305C7003B
:100B400021466308C70237177A001307072098C3A6
:100B500037170240584311839376F7003707002078
:100B6000130707003697142398433357D70098C3C9
:100B70008280D842D442416649833D8BF18E130670
:100B8000270015CF3D47630FE6024147630FE6029A
:100B9000454781456313E6004146A1E237470240DD
:100BA00003270780418B0DC737177A0013070720EB
:100BB0003306C70290C3C9DD9843058349BF814509
:100BC0004946E1BF85453546C9BF81453D46F1B738
:100BD00037173D0013070790E1BF371502405855FE
:100BE0009316F700585563DF060411833D8B930677
:100BF000170037177A00130707203357D70298C317
:100C00005455A182BD8A8DE295463307D7020583EC
:100C100098C337170240585794433D8B050733D785
:100C2000E60298C3984369B705456394A600E54674
:100C3000E9BF3D456396A600D1463387E602C9BFAA
:100C40008906E5BF3D8B9306170037177A00130717
:100C500007203357D702F1B701A0970100209381F5
:100C600061BC177100201301E139179500001305CD
:100C7000A59C97F5FF1F9385E5381386818563FA58
:100C8000C5008322050023A0550011059105E3EA64
:100C9000C5FE13858185977500209385258463772C
:100CA000B500232005001105E36DB5FEFD427390EC
:100CB00002BCAD4273904280B7620000938282080A
:100CC0007390023097F2FFFF9382023493E2320076
:100CD00073905230EFF01FD6970200009382E2BB70
:100CE0007390123473002030B7F7FF1F03A54770CD
:100CF0008280EFF2EFCF85451165D52181451165E1
:100D0000F9296FF02FD1411102C6B78602409C4AE3
:100D100041672E057D17F18B798D9A055D8D93F5D1
:100D2000057CC98D93E51500B70750008CCAF917EB
:100D3000324705073AC6984A058B01C73247E3F99F
:100D4000E7FE3247B7075000FD1701456307F7007C
:100D5000B7870240C84B4205418141018280411161
:100D6000B787024002C6984BC166FD162E05758DE9
:100D7000718B9A05598D93F5057CC98DD0CB93E580
:100D800035008CCBB7070500B7860240F91732470C
:100D900005073AC6984A058B01C73247E3F9E7FED3
:100DA0003245B7070500FD173335F5004101828054
:100DB00023A4A1862A878147B70810401303405F08
:100DC000130EF6FF6396C700B797024088CB828068
:100DD000B3866702232017012A88AE9614C79306AC
:100DE000070163F3C7013688232607018507368785
:100DF000D1BF916623A2A1860147AA87370300804D
:100E00009386465F130E405F930EF6FF6316C7008E
:100E1000B7970240C8C782803308C70323A0670082
:100E2000D4C3AA882E9823A40701138807016373EB
:100E3000D701C28823A617010507C287C1BF37970C
:100E400002401C4393E717001CC38280B7970240FF
:100E5000C8CB8280379702401C4FB7061000D58F51
:100E60001CCF8280EFF2CFB8378402401C4093E75A
:100E700087001CC0C5371C40896693E747001CC02B
:100E8000B7970240984F558F98CF984F1367270018
:100E900098CF6FF02FB899C5379702405C4F5D8DA2
:100EA00048CF8280B7970240D84F1345F5FF798D20
:100EB000C8CF8280B707014023AAA74082809C4503
:100EC00013F7070113F8F70001C7D8413368E800AA
:100ED0008E2113F7F50F39C318418146854E3D4FDA
:100EE000930F800293028004214E3396DE00B3F804
:100EF000C500631116039398260033131F01134393
:100F0000F3FF3377E300B318180133E7E800639F7A
:100F1000F70550C98506E39AC6FD18C11307F00FFF
:100F20006375B70454412146854E3D4F930F8002AF
:100F300093028004414EB398CE0033F715016392BB
:100F4000E8021317260001173313EF001343F3FFD2
:100F5000B376D3003317E800D98E639DF701232AB7
:100F600015010506E319C6FD54C18280E39457FAC2
:100F700010C94DB7E39757FE23281501DDB7084583
:100F80006D8D3335A00082800CC982804CC982806F
:100F900019C20CC982804CC98280371702405C4359
:100FA0009146B18B6385D700A1466382D706B717F8
:100FB0007A00938707201CC1371602405C4237072E
:100FC0000020130707019183BD8BBA9794231C411E
:100FD000B3D7D7005CC15442A1829D8ABA969422AD
:100FE000B3D6D70014C55442AD829D8A36971823D4
:100FF000B3D7E7005CC5584239839376370013872F
:10100000818136971823B3D7E7021CC982805C43DD
:101010005843C166C983758FB7F6FF1F83A6C67094
:10102000BD8B89071396160163480600C546014625
:101030006392D702C94739A88946638FD702BD4654
:10104000638ED702C146638ED702C54601466393BD
:10105000D700C1471DEF3747024003270780418B68
:1010600005C737177A0013070720B307F7021CC11B
:1010700021D61C41858381B701466DBF0546B54722
:10108000D1BF0146BD47F9B737173D001307079099
:10109000E9BFB7150240D8559316F700D85563DF5E
:1010A000060411833D8B9306170037177A00130748
:1010B00007203357D70218C1D455A182BD8A8DE2CB
:1010C00095463307D702058318C137170240585792
:1010D00014413D8B050733D7E60218C1184171B79B
:1010E00085456394B600E546E9BFBD456396B60005
:1010F000D1463387E602C9BF8906E5BF3D8B93061B
:10110000170037177A00130707203357D702F1B7B4
:1011100099C5371702405C4B5D8D48CB8280B7176D
:101120000240D84B1345F5FF798DC8CB828099C515
:10113000371702401C4F5D8D08CF8280B7170240E1
:10114000984F1345F5FF798D88CF828099C5371761
:1011500002405C4F5D8D48CF8280B7170240D84F68
:101160001345F5FF798DC8CF828093575500054709
:101170006399E700B71702409C4333D5A700058960
:10118000828009476396E700B71702409C53F5B782
:10119000B7170240DC53D5B7371702405C5793F7B7
:1011A000F7F05D8D48D78280B7160240DC56457750
:1011B0007D17F98F5D8DC8D6828009C93717024027
:1011C0001C43B7060010D58F1CC38280B71602409F
:1011D0009C42370700F07D17F98F9CC2828099C529
:1011E000371702401C575D8D08D78280B717024021
:1011F00098571345F5FF798D88D7828037F7FF1F01
:10120000032747701E21914611833D8BC20771173A
:10121000C18363E6E60237370140930607C0630ED9
:10122000D50013070740630AE500375701409306CE
:1012300007C06304D500631AE5000967D98F373703
:101240000140130707C06302E50437070040630E3F
:10125000E50213070740630AE502371700409306CB
:1012600007806304D502130707C06300E502373720
:10127000014013070740630AE50037570140930612
:1012800007C06304D5006318E50093F7F7F8BA21A7
:10129000C207C183D98F37170040630CE5001307DD
:1012A00007406308E50093F7F7CFFA21C207C1832F
:1012B000D98F1EA1DE215EB59E211EB5B737014034
:1012C000138707C0630EE50093870740630AF500A4
:1012D000B7570140138707C06304E5006314F500A6
:1012E0009C251EB985475EA982801E2189C593E78A
:1012F00017001EA18280C207C183F99BC207C18368
:10130000CDBF5E2501C6DD8D4EA5828093C5F5FF5C
:10131000FD8DDDBF93C5F5FFC205C1810EA9828099
:10132000EFE21FED1A29F577FD17F98FFA21797190
:101330002A84D98F1EA99A25DE2156252EC6D98F3B
:10134000BA25D98F7D771307379F758FD98F5EA503
:101350005E29DA25C207C18393F7F7CFD98F5EA93B
:1013600068082539B747014093870780B245631164
:10137000F404A2576547B387E70298411306400675
:101380000A07B3D7E702B3D6C702B3F7C70292067C
:1013900013974700930727031307F063637CF70055
:1013A00093870601C207C1831EA445616FE09FE6D3
:1013B0009257C9B7B3D7C702D58FEDB791C55E2590
:1013C0000967D98F5EA582805A25F977FD17F98FB5
:1013D000D5BF93F5F51F4EA182800A216D8D33355F
:1013E000A000828083A781869843634B07029843BD
:1013F000370600304E05518F98C39843370600805A
:101400004D81518F98C3C8C38CC73797024011468E
:1014100050CB23220700DC47054523A4F1868280B8
:1014200001458280EFE2DFDC854789456318F500DE
:1014300037150140EFF05FB56FE0DFDD3715014094
:10144000EFF0DFB4D5BFEFE2BFDA8547854563181B
:10145000F50037150140EFF03FB36FE0BFDB371504
:101460000140EFF0BFB2D5BF37F7FF1F8147130729
:10147000D77E99463306F7400C223306F5008507E0
:101480000CA2E399D7FE82809387418798433A95CF
:1014900088C3828003A7418723A8E186B7870240DB
:1014A00003A7471C25EF03A74719894763F8E706F9
:1014B000EFE21FD403D54188F94513844188EFF04A
:1014C0009F8493572500858BA9C74D991316050155
:1014D0000A204182F945EFF09F8837870240832731
:1014E000071093E717002320F71083270710858B39
:1014F000EDFFB787024003A7471C11CB238C018661
:10150000D843B706008093C6E6FF758FD8C36FE057
:101510007FD013654500420541814DBFB78702402A
:1015200003A7471C19CB238C0186D843B70600803C
:1015300093C6E6FF758FD8C382808280EFE2BFC971
:10154000938441888A20954513844188EFF0AFFB4E
:101550002A898A208545EFF00FFB9377F9011389DB
:101560002188638A071483470900C1E30A2085475D
:10157000F9452300F900A380F188EFF0CFF8137646
:10158000C5FF4206937715004182A9CF1366260056
:101590000A20F945EFF0AFFC0A208145EFF0AFF6E5
:1015A0001376E5FF42060A20418213660620814534
:1015B000EFF0EFFA0A208145EFF0EFF413663520E3
:1015C0000A20420641828145EFF06FF983A7C18767
:1015D00013074006B3F7E70293872703238EF180B2
:1015E0006FE0BFC21366160065B705476397E70053
:1015F00089472300F900A380018893872189038705
:101600000700634607069384D18194202147639A9B
:10161000E6040A20F945EFF00FEF1376350F0A20A4
:10162000F94590A0EFF0AFF3238004000A20814534
:10163000EFF06FED1376E5FF42060A204182136654
:1016400006208145EFF0AFF10A208145EFF0AFEBC6
:10165000136635200A20420641828145EFF02FF0C3
:1016600021A0130700F898A32388018895BF9387CA
:10167000E18998239306170094A39546E316D7FEB5
:101680001375050275F19384D181238007009C2096
:1016900011490A20F945E38027F9EFF0CFE61376E8
:1016A000350F0A2013664600F94590A0EFF02FEBA6
:1016B00023802401A5BF0347090085476312F7086B
:1016C000138711881C23A1468A20850793F7F70FFB
:1016D0001CA3639BD70023000700230009002146B9
:1016E000F945EFF0CFE7EDBDF945EFF0CFE1137627
:1016F000C5FF4206937715004182A1C313662600F9
:101700000A20F945EFF0AFE50A208145EFF0AFDFA1
:101710001376E5FF42060A204182136606208145C2
:10172000EFF0EFE30A208145EFF0EFDD136635209F
:101730004206418281450A206DB713661600C9B77B
:1017400013840189834A0400138A218983460A008D
:1017500093871A001307000893F7F70F6394E606C0
:101760003D476384EA001CA0A5BD8A202300040035
:10177000230009001384D18121492146F945238F93
:10178000018823000A0023002401EFF04FDD23002D
:1017900024018A208145EFF00FD71376E5FF42063A
:1017A0008A204182136606208145EFF04FDB8A20B4
:1017B0008145EFF04FD513663520420641828145C1
:1017C0008A2005B79389D18103C709001DE7114716
:1017D000E39BEAF88A20F94523000400EFF0AFD23A
:1017E0001376350F8A2013664600F9452380C90019
:1017F000EFF0EFD62380590169BF91466318D702F5
:101800003D47E392EAF68A20230004002144214662
:10181000F945238F01882300090023000A00238053
:101820008900EFF0CFD323808900A5B71CA09307D0
:101830004006E397FADA8A2021668145EFF02FD23D
:10184000A38E0188238F0188238C0186A147230062
:1018500004002300090023000A002380F900214628
:10186000F945B9BFEFE2DF98938711899823137781
:10187000F70F2DC303A7418783A64189158F9306D0
:10188000301F63F7E60437470240238007008327B1
:101890000780138441880A2093E747002320F780BC
:1018A00021668145EFF0AFCBA38E0188238F01889D
:1018B00023880188238101880A20238C01862389BB
:1018C000018821472146F945A38EE180EFF02FC919
:1018D0006FE05F941389D1898347090013840188DD
:1018E000C1EB83C621880547138921889384C18170
:1018F000636BD70003D541889545EFF0CFC07D8954
:1019000019C12380040093874187904393864189BE
:1019100094428C20158E9386418713874189636199
:10192000B6040346090085476311F6041386C18790
:101930001C42B745030093851540B387B702B7A58E
:101940002600938595ECAE971CC213064006B3F7AC
:10195000C702938727039CA09C421CC3EFF01FBEC5
:101960001C20BDD723000400A5B793072003E5B7CB
:101970001C2093848187A5C383A7418703A741893E
:10198000998F1307900F6378F704230004001384E2
:1019900041880A208545EFF00FB79377450085EF22
:1019A000EF00502D0A2021668145EFF04FBB238FB9
:1019B0000188238801880A202381018823890188DE
:1019C00021472146F9452300090023800400A38E06
:1019D000E180EFF0CFB89C20E38C07EE03A70187EE
:1019E00083A74187998F13073006E373F7EEEFF073
:1019F0007FAAF9BDEFE2CFFF41118545414502C203
:101A000002C402C6EFF0AFF28D477C82C1473EC6EA
:101A10004C008D47371501403EC4EFF04FCA894551
:101A200037150140EFF04FD6854537150140EFF0EF
:101A3000AFD541016FE00FFEEFE28FFB0145EFF004
:101A4000CFF74145EFF04FF53565EFF0EFF5054580
:101A5000EFF0AFF61305D003EFF02FF165DD6FE087
:101A60006FFBEFE2EFF8EF00F020B78702409843FA
:101A7000D176FD16758F98C39146A38ED188D84331
:101A8000B70600808506558FD8C303A707101367D4
:101A9000170023A0E7103787024083270710858BA4
:101AA000EDFF0547238CE18603A7418723A8E18644
:101AB000EFF04FBB6FE00FF6EFE2EFF113844188D8
:101AC0000A208545EFF02FA4AA840A208145EFF073
:101AD0008FA3AA890A209545EFF0EFA293F744005F
:101AE000638207109397390163D6070E2A8993F70B
:101AF000040259E5A1CFB78602409C427D771307C7
:101B0000F77FF98F9CC22685A93F83A7C18613075B
:101B1000000293F7070F6390E7020A201384C1893C
:101B20001C20898B99CB1146F945EFF04FA303A7F1
:101B3000418723ACE1886FE04FED0146F945EFF0B6
:101B40000FA21C2093E717001CA0D5B70A2021661E
:101B50008145EFF0CFA0A38E0188238F01882388D1
:101B60000188238101880A20238C0186214723894B
:101B700001882146F945A38EE180EFF04F9E65BFB5
:101B8000238E01888DCB0A20C145EFF0CF971189B4
:101B9000B786024001E91379F9018547B78602400B
:101BA000630CF9029C42056713070780D98F9CC21A
:101BB0002685453D49B73747024083270780ED9B7F
:101BC0002320F7800547A388E18803A7418723AA3C
:101BD000E18895B7B78602409C427D771307F77F6F
:101BE000F98FF1B72685EF00F008374702408327C9
:101BF000078093864187ED9B2320F7800547A388C4
:101C0000E188984223AAE18883A7C18613070002CE
:101C100093F7070FE391E7F29387C189982313762F
:101C20001700E30A06F09042938681898C420D8E5C
:101C300093053006E3E1C5F023A006001347270013
:101C4000B7960240945298A3FDB5EFE26FD737964E
:101C50000240B7067000370760005C4AF58FE39ECC
:101C6000E7FE83C7D1899384D18995C703D541887D
:101C7000F94513844188EFF00F891376C5FF4206BA
:101C8000937715004182638A0714136626000A20A1
:101C9000F945EFF0CF8CB787024083AC07010964A8
:101CA00003AC070083AB470003AB870083AAC700E0
:101CB00003AA870183A9C701B797024003A9870137
:101CC00013040471EFF0AF97379D02407D14420476
:101CD00029454180652909C483270D00858BFDF7BF
:101CE000138781855C33502337840240A207D18F4C
:101CF0003CC003C7918583C7818537850180220752
:101D00005D8F83C7A18585451305150CC2075D8FBF
:101D100083C7B185E207D98F7CC0B707200023288D
:101D2000F410B7070200938707022326F410EFF0A0
:101D30008F96B7350020138D8152094693854571E2
:101D400013858152EFF0CF86B7150020938D814B1C
:101D50001D46938585D61385814BEFF08F8923A48B
:101D6000B18923A6A1892328940123208401232259
:101D700074012324640123265401232C4401232EBF
:101D80003401B797024023AC2701EFF0AF8D9C20C0
:101D900013844188B1E70A2021668145EFE03FFCCA
:101DA000238F018823880188238101880A20238CBE
:101DB00001862389018821472146F94523800400B3
:101DC000A38EE180EFE0BFF905472380E18803A7F8
:101DD000418723AAE1886FE06FC21366160045BDF4
:101DE0000A20F945EFE03FF21376C5FF42069377EC
:101DF0001500418291CB136626000A20F945EFE0D9
:101E00001FF69C20F1F341BF13661600FDB783A7B0
:101E1000C1861307000293F7070F639FE700B79788
:101E200002409C533707FE1FF98F99C7EFE24FBC62
:101E3000EFF0BFE16FE00FBE8280EFE26FBB0D25D8
:101E40008D21EFF03FA2E1376FE0CFBCEFE24FBA58
:101E50003787024023280700544D5C412E842166B9
:101E6000D58F14458145D58F5445D58F5451D58F85
:101E70005455D58FB706100093860620D58F1CC306
:101E8000545D1C5DD58F3441D58F7441D58F344559
:101E9000D58F7445D58F3449D58F7449D58F5CC3A0
:101EA0003C4D1CC77C4D5CC734597C55D58F74594B
:101EB000D58F3451C206D58F1CCF745D3C5DD58F54
:101EC0005CCF0327C50883270508D98F0327450959
:101ED000D98F032785092285D98F379702401CCFD8
:101EE000EFE0FFE72146F9452285EFE05FE7054592
:101EF0006FE04FB2EFE22FAE31718545AA84716574
:101F0000EFF00FA185472392F188EFF0FFB237473A
:101F100002408327078009641304047193E7470094
:101F20002320F780EFE0FFDC13894188EFE03FF1E9
:101F3000B79902407D14420429454180812C09C48F
:101F400083A70900858BFDF78355090093070004DB
:101F500037042000130700084800BEC222C93ACD4A
:101F60003ECF02C402C602C802D402D802D002DEAA
:101F700082C882C482CA82CC82C682C082CE82D00B
:101F800082DE02C182D282D882DA82DC02C3EFF022
:101F9000FFEBDC30D820B7860240A207D98FBCC245
:101FA00098309C203785018022075D8FBC208545B5
:101FB0001305150CC2075D8FBC30E207D98FFCC238
:101FC000B707020023A886109387070223A6F610FE
:101FD000EFE07FEC29616FE04FA3EFE26FA1B797CD
:101FE0000240C04B13170401635A07021377040819
:101FF0001DC303A7C186C1461377070F6319D70016
:10200000F847B7060080584714C323A407001305F8
:102010000008EFE0BFE32165EFE05FE39317F40012
:1020200063DA07029377040489C713050004EFE01D
:10203000FFE19377140081C70545EFE03FE1635866
:102040000400EFF07FA737050080EFE03FE0416537
:10205000EFE0DFDF6FE00F9CEFE28F992A8413053A
:1020600040068522EFE05FC823A6A186EFF09F9887
:102070003C3058202285B98F5830B98F374703003C
:1020800013071740B387E70237A72600130797EC1B
:10209000BA9723AEF186EFF0FFE5B7350020138441
:1020A000815209469385457113858152EFE05FD0D7
:1020B000B71500209384814B1D46938585D61385E3
:1020C000814BEFE01FD323A4918823A68188096761
:1020D000B7E700E023A4E710A38607446FE08F93DF
:1020E000EFE20F9139719307405F3ECA9307405B5F
:1020F0003ECC8567938787263ECE930720033ED04C
:10210000930730103ED2B727554085073ED4B71706
:102110000000938767443ED6B71700009387474275
:102120003ED8B71700009387473E3EDAB7573412C0
:10213000938787672A8948082EC632C4B68402DC92
:102140003EDEEF00901B2A8419E92246B245A6869E
:102150004A85EF00700E2A842685EFF0FFEF228576
:1021600021616FE02F8B83A7418137177A00130716
:102170000720B3D7E70293F7F70F2381F18A1307FC
:10218000803EB387E7022390F18A8280B7F700E0B0
:10219000D8438146799BD8C303C7218A3306A70257
:1021A00090CBD4CB98431367070198C39843136728
:1021B000170298C3D843058B75DF9843799B98C362
:1021C0008280B7F700E0D8438146799BD8C303D714
:1021D000018A3306A70290CBD4CB9843136707013B
:1021E00098C398431367170298C3D843058B75DFCC
:1021F0009843799B98C38280EFD29FFF2A84116510
:10220000011185451105EFE09FF2930700207C82C4
:10221000371501408D473EC44C00E147130505804A
:102220003EC6EFE0DFC922C837440140B7070800C7
:102230000C08130504803ECC02CA231E0100EFF0F7
:102240002F8E854513050480EFF04F9705616FD001
:102250007FFCEFD25FF8B7440140AE893289014478
:1022600093840480634524014A856FD01FFA930547
:1022700000042685EFF06F967DD9B38789008385AA
:10228000070026850504C205C181EFF08F94D9BFF0
:102290007325103482807325203482807325303476
:1022A0008280EFD2FFF483A7418741113EC6EF1031
:1022B00000181189630305149387C18B9843B246B4
:1022C000998E377700200327874105836376D700EF
:1022D000324798C3EF30D038EF30B07283A7818D8A
:1022E00091C7EF30103A19E123AC018C9384818BB4
:1022F0009840B247998F1307703E6376F700EF203E
:10230000800FB2479CC09387418A9843B246130618
:102310004006998E03C7918C3307C70263E6E60037
:10232000324798C3EF10C06DB77700209387C73D41
:10233000D84711CF1387418B1043B246918E1306B5
:10234000703E6376D600B246DC4314C38297B774FE
:10235000002083A74438A9CB1387018B1C43B246C6
:102360001306A00F9D8EB777002083A74745ED8306
:10237000B387C70263E9F600B2471CC393874438AA
:102380009C4B91C382979387C18A9843B246998E9A
:102390003D671307F7A56379D70032479384443824
:1023A00098C3DC4891C3829732459384818A7D2CFF
:1023B0009C4032471D8FBD679387F7A563F5E70003
:1023C000952CB2479CC003C7418DBE841377F70F8D
:1023D0000DC703C7418D1377070C1DE3B7770020A6
:1023E00083A7C74599C30545829703A7418723A2C1
:1023F000E18C93070004238AF18C41016FD09FE1A7
:1024000003C7418D1377070415CB83A6418C03A71F
:1024100041871389418C158F93064006E3FFE6FC44
:10242000B777002083A7C74599C30145829783A743
:1024300041872320F900930700F875BF03C7418D3A
:1024400062076187E35B07FA83A6418C03A7418794
:10245000158F93064006E3F2E6FA238A018C71BFDA
:10246000EFD21FD9377500201305C546EF1090191C
:102470006FD05FDAEFD2DFD7B77700209387C73FFF
:10248000D8573774002088D313674700D8D71189ED
:10249000930704449C4F1304044401CD99C30145A0
:1024A00082975C4C99C3014582970545AD226FD058
:1024B0007FD699C3054582975C4CF5DB054582972D
:1024C000FDB783A78188232005009DCB944363DB60
:1024D0000600D4479042634506029C4363D407003C
:1024E00023A4D18883A7818891650146FD153548CD
:1024F000B7080080944363D7060019C223A4F1886B
:10250000014582809443139306016342030494437C
:1025100093F606108DCE944393F606208DCA94430D
:10252000C182ED8EF11614C16371D802944393F603
:10253000060281EA19C223A4F1889C475CC10545C3
:102540008280944393F61608F5D62320050023A035
:1025500017010546DC4779BF03A78188B7060080CD
:1025600014C3584723A4E1888280EFD27FC883C771
:10257000418D93F7F70F81E78547238AF18C03A7F5
:1025800041879387018C09CB98C3B777002083A735
:10259000074682976FD01FC80547FDB7B7F7FF1FE3
:1025A00003D567701375050F8280EFD27FC4B777AC
:1025B000002083A707460149B9C783A48186A1C427
:1025C0009C4003A984001384018C63DC0702EFF0B4
:1025D000FFFC144081471306000813083006A16869
:1025E000130300036304C5006312650203A7418758
:1025F000158F6364E80063FBF8009C4086078583C1
:102600009CC0232004004A856FD0DFC09840E35A65
:1026100007FE8507C1BF03A74187B77700209387CF
:10262000873788A3239107002392070098C7A380C8
:1026300007008280EFD2DFBBB77400201384C4464A
:102640005C4041116C001385C4463EC62322040041
:10265000EF10202EB2476C001385C4465CC05C446A
:102660003EC6EF10002D41016FD0DFBAB7770020D2
:1026700093878737982319E388C782809847930602
:10268000703E3307E54063F3E602EFD27FB6BA232C
:1026900088C7914663F7E6000145EFF0DFF76FD09A
:1026A0007FB70507BAA3EFF0FFF8D5BF8280EFD25E
:1026B0003FB42A840145EFF01FF6B77700209387D7
:1026C000873711C8054798B3B7770020094723A477
:1026D000E7426FD03FB4A3800700E5BF82800328A4
:1026E0008503630B0802EFD2BFB0FC5D014791C7C1
:1026F0000507420741839C43DDBF83A7050891C7B7
:102700000507420741839C43DDBF81460146814561
:10271000029801456FD01FB001458280014582803B
:10272000EFD29FAA5C42032A85000329C500004915
:10273000AA8488239C33B289A2075D8DEF10C07BE9
:102740009355650093F5C503B305B0404E85EF2062
:10275000B03259E5DC44984C03DB8900998F63E47F
:10276000670163180B004E85EF20F03705456FD0E9
:102770003FA94A9A4E890356A900B30A8A40832B7F
:10278000490063F4CA045686DE852285EF6030373F
:102790008357A9009844330444413E942286B3856C
:1027A0005B013A85EF60B0352A9403290900E314F0
:1027B00009FC4E85EF2030339C4C80C8DA979CCCC6
:1027C0009C4093E747009CC055B72285DE85EF60AB
:1027D00010338357A9003E94E39957FD8044F1B725
:1027E000014571B761CEEFD23F9E832BC5001C4DD2
:1027F000035B8600BA8AB387FB40368A32892A8413
:1028000063E4670163170B004A85EF20D02D6FD07A
:102810003F9F1C450449B289BE9B03D6A900338C57
:102820009B4083AC49006377CC066286E6852685AB
:10283000EF60F02C83D7A9001844B3847441BE9490
:102840002686B3858C013A85EF60702BAA9483A904
:102850000900E39409FC4A85EF20F028032884034B
:102860006305080483451A0083470A001448A2053B
:10287000DD8D83472A005A875686C207CD8F834550
:102880003A002285E205DD8D02981C44232C0400C9
:102890001CC8B5BF2685E685EF60702683D7A900E2
:1028A000BE94E39687FB04445DB7184C1C4004C8F3
:1028B0005A9793E7470018CC1CC091BF82801C49EF
:1028C000F1C7EFD27F90328AAE842A8455CA832A18
:1028D00085005845835B86003289BA9AC20A93DA2A
:1028E0000A019399070193D90901338B3A410356A1
:1028F000A900420B135B0B01032C49006376CB0646
:102900005A86E2853E85EF60901F0357A9001C445C
:10291000B3056C0133075741BA99C20993D909012C
:102920003E854E86EF60B01DB307350103290900CF
:10293000E31909FA184C1CC852855E9718CC184048
:102940001367470018C0EF20101AFE38184C268570
:10295000B38B77415C44239B7403998FDEB4EF20E3
:10296000107301456FD0DF893E85E285EF60301935
:102970000357A900B307E500E31A67FB1C447DB7C2
:102980000145EDF22E85EF306039E9BF7D5582803B
:10299000EFD21F862E84B7350000AA849385E58B7D
:1029A0002285EF20507EB725000022859385E56DB6
:1029B000EF20D07DB7250000228505469385C5719F
:1029C000EF20907D9C20014593E787009CC06FD04D
:1029D0007F8419C93305A040A5679387C75C137529
:1029E000F50F3E950821828001458280EFD25F80FD
:1029F0009307C003B387F502377400201307C4336D
:102A00002A89AE841306C00381451304C433BA97E0
:102A10003E85EFD0FF80630709001306C003CA8517
:102A2000EF60F00D9305C003B385B402A2959C45F9
:102A30009CC9DCC96FD00FFEEFD2EFF92A8A377537
:102A400000204111AE89B2848145614613054538A5
:102A500036C6EFD0EFFCB246377400201309C43FEE
:102A6000B68519461305C900EF6070091146D28575
:102A70001305C43FEF60B0081146CE851305490029
:102A8000EF60F0071304C43FA1E0B7070001FD1792
:102A90001CC4814483C7C18C63CFF402EF10803D16
:102AA00085475CD01567B77700209387073F1307EA
:102AB00007E298C31167130787A9D8C3254798C7AA
:102AC000014541016FD06FF41146A68513058400BE
:102AD000EF60F0027DBF93F5F40F0145EFF01FF1B9
:102AE00085044DBF1841B77700209387073F98C3EF
:102AF0005841D8C3184598C782801855B757341223
:102B000093878767631AF712EFD2EFEC1C512A8480
:102B10002545638B07103779002013064004814553
:102B20001305C93FEFD0CFEFB77400201306C002E2
:102B3000814513850444EFD0AFEE1306C002A28591
:102B400013850444EF60A07B9389044403A74901E3
:102B50004A869387044425EBA56603D7C65A938615
:102B6000C65AAE222E97CE22F6222E97369793166D
:102B7000270163DD060AD8CBD84B9356E700FD8AC0
:102B800089EAB746F8FFFD16758FB7060500558F21
:102B9000D8CBD84B93563701FD8A89EAB746F8FF60
:102BA000FD16758FB7065000558FD8CBD84B9316AE
:102BB000670063CA0600B70600FEFD16758FB706EC
:102BC0000014558FD8CBD84B9356B70189E6B7067A
:102BD0000040558FD8CBA946A384D18C8D46238441
:102BE000D18C9306C0122395D18CD85311E7372787
:102BF00000001307274CD8D3D44B014513D7E60068
:102C00007D8B2386D18C9307C63F98CF13D736018F
:102C10007D8B130620033307C702D8CF13976600B6
:102C2000635407000947B8C36FD02FDEF976FD164D
:102C3000758F8966558F81B71305F00F828003C6A3
:102C4000C18CB77700209386C73301479387C7337A
:102C50006317E60081476313F7020145828003A8EA
:102C600007036317A80009C50545EDD998A182801F
:102C700005071377F70F9387C703D9BFD05A631996
:102C8000A60019C50545F9D993E707F89CA18280EC
:102C9000850793F7F70F9386C60375BFEFD2AFD3BF
:102CA000377900202300050003C7C18C4111930729
:102CB000C93381441309C933631797001305000210
:102CC00041016FD08FD49387C70383A647FE6381EA
:102CD0000618850493F4F40FC5B7B777002083A7CF
:102CE000C73F6C003EC6EF20701311469305C40227
:102CF0006800EF60C0606C004E85EF201014130672
:102D0000C0033386C402B7250000938505724E8543
:102D10004A96EF2070149547377500206C002328E1
:102D200034031CD01305C546EF00B040A6852285AC
:102D3000EFF0DFCB014569B709476390E70AEF5031
:102D4000F02CAA8963030512930AC4021146D685A2
:102D50006800EF60C05A324A370500F0EF10E01CFF
:102D6000337AAA00370500E0EF10201C6300AA04A4
:102D7000B77500209385C5466800EF1020631DE5F8
:102D8000B777002083A7C73F12346C004E853EC63C
:102D9000EF5090041DE1D68511466800EF60205683
:102DA00052306C004E85EF50301E39A0123493859E
:102DB00081844E85EF50500201C5EFF09FC109B7E5
:102DC0001306C0033386C402B72500009385457EF1
:102DD0004E854A96EF5030233DBF0D471305100234
:102DE000E390E7EEEF30802F5C4412346C005EB964
:102DF000B777002083A7C73FAA893EC6EF20D01728
:102E00002A8A11C54E85EF20707152857DB79305D2
:102E1000C003B385B4024E85CA95EF209036B7251E
:102E200000004E859385C56DEF20B0369547A68589
:102E3000228523283403232A34031CD0EFF01FBB40
:102E4000377500206C001305C546EF00902EDDB5E8
:102E500004A1DC4DC4C12E84E39007EE0345840237
:102E6000EF20D008AA89E31A05E6454591BDEFD2C7
:102E70002FB8832785084EB52A8481C79E279D8D4C
:102E80004EB52285EF20B02009CD8347640222850C
:102E900093E727002303F402EF40506505456FD008
:102EA0006FB7B777002083A70745A183858BFDD730
:102EB00083476402858BFDD38947A303F40205474A
:102EC00023ACE18CE1BF83C7C18C6376F5041307A3
:102ED000C0033305E502B77700209387C7333E95DB
:102EE000584D232C050050C50CC50CC94CC98D4745
:102EF0006313F702085905C15A3993371600631C4A
:102F0000F700EFD2EFAE93150601C1814EB9EFF095
:102F10001FF66FD02FB08280EFD2EFAB144269441E
:102F2000CDCE23200600328A1306C0033306C50225
:102F3000B77400201387C433AA89AE879384C4333F
:102F40003297032B8700504703298701404B329B60
:102F500063F326013689B30A8B4063F32A0981CBD8
:102F60003E855686A285EF608039B3075501130769
:102F7000C0033387E9024A94330464412697832AC5
:102F8000870091C72286D6853E85EF6040375694EC
:102F90009307C003B387F90223202A01A697984F0D
:102FA000C0CB3309274123AC270163180900984798
:102FB000D8CB98CB98436D9B98C39307C003B38934
:102FC000F9028D470144CE94D84C6318F70063167C
:102FD0000900CE248858EFF09FE922856FD0EFA238
:102FE00091C74A86A2853E85EF6060314A94E3919D
:102FF0002AFB9307C003B387F902A697804749BF0E
:10300000EFD28F9C00422320060055C4AA87694551
:10301000D9C51305C003B387A70237750020130570
:10302000C533B77A00208144AA9703AB070393877F
:10303000CA3FBC43938ACA3F898B99E39304700CBF
:103040009307805C63F487001304805C931C040185
:10305000328A2E8993DC0C01130C800C0146E68524
:103060000145EF20202DAA8929C948412286CA8519
:1030700023AE0A02EF60A028CE855A85EF200066B5
:10308000AA8B4E85EF20202683A7CA0399CB8504FF
:10309000C204C180EFF0CFBCE39284FD4D456FD0F8
:1030A0002F9663D60B005E85EFF0BF92CDBF232035
:1030B0008A000145EDB76945DDB74545CDB7EFD28B
:1030C000AF9000422320060055C4AA876945D9C5A0
:1030D0001305C003B387A702377500201305C53356
:1030E000B77A00208144AA9703AB07039387CA3FAE
:1030F000BC43938ACA3F898B99E39304700C93076E
:10310000005C63F487001304005C931C0401328AA2
:103110002E8993DC0C01130C800C0146E6850145D9
:10312000EF204021AA8929C948412286CA8523AEB9
:103130000A02EF60C01CCE855A85EF50C063AA8B8F
:103140004E85EF20401A83A7CA0399CB8504C20499
:10315000C180EFF0EFB0E39284FD4D456FD04F8A10
:1031600063D60B005E85EFF0DF86CDBF23208A009B
:103170000145EDB76945DDB74545CDB7EFD2CF8401
:103180008329060023200600638E090CAA872E8B54
:103190006945A1C11305C003B387A7023775002095
:1031A0001305C533377A0020B28B930A900C814403
:1031B000114C130A0A44FD5CAA9703A90703FD1AE0
:1031C000C20A93DA0A0163980A0083A70B00C9CBED
:1031D00001456FD0EF828327090163978709EFF0DC
:1031E0002FA80357690719E34545E5B783270A0167
:1031F000858B99E3E36A37FF03244A0063738700F2
:103200003A8463F389004E84131604014182854693
:1032100091E38146DA854A85EF405023AA844A85A6
:103220008DE4EF40B02C83A70B00B3898940AA84BA
:10323000A29723A0FB00229BE38C09F883270A01B5
:10324000858BB5FFEFF0EFF869B763999401EF4014
:10325000F02983270A01858BBDF379B7EF40102948
:103260002685CDB76945B5B75D45A5B79307C003BA
:10327000B307F502377700201307C733BA9703A8BF
:10328000070215476307E800DD47232006003E8557
:103290008280EFC2FFF5D84F8D476318F700EFF03B
:1032A000FFEDAA873E856FC0FFF601E7EFF05FD51F
:1032B000CDBF89469307A00FE316D7FEEFF03FE09E
:1032C000CDB7EFC2FFF2A147AA840021638AF502BD
:1032D00063ECB70085476381F502894713642400D6
:1032E000638EF5006FC01FF3C147638EF50093072F
:1032F000000413640404EDB71364140080C0DDB748
:1033000013648400E5BF48591364040165D9EF20B4
:10331000F020EDB7EFC23FEC41119305F100AA890F
:10332000A3070100EFF0BF9115C58487939784012F
:10333000E18763D407021304C00393F4F407B38452
:103340008402377400201304C4332694232A040211
:103350002320040241016FC05FEB83C7C18CE3FBF4
:10336000F4FE1307C0033387E402B7770020138409
:10337000C7331389C7333A94544C0D47E39CE6FC9A
:1033800083A709010547DD1793F7F70F636EF70071
:10339000C1452285EFF0FFF29307C003B384F40226
:1033A000CA9423A804026DB71C2093E707041CC02D
:1033B000E5B73777002083C6C18C1307C733814731
:1033C000638FF6001307C703032647FC11CEB777B8
:1033D00000209387C73FD85713670701D8D7B7771F
:1033E000002003C587428280850793F7F70FC9BF86
:1033F000EFC21FE0EFF0FFFBB777002023A40742E6
:103400006FC05FE183C7C18C6371F5029307C0038E
:103410003305F502B77700209387C733AA979843FF
:103420001375F70F118B98C3828001458280B7779F
:10343000002003C5C74182809307C0033305F5020E
:10344000B77700209387C7333E951C5995CF145109
:1034500015475D45639BE60285899A279DC11367E1
:1034600087009AA7377700201307073F144323A04C
:10347000D70A5443184723A2D70A23A4E70A0145D1
:1034800082805D9B9AA7E5BF5D45828083C7C18C22
:103490006377F506EFC2DFD51304C0033305850259
:1034A000377400201304C43341112A9404585D4535
:1034B00085CC185095476319F7025C54232A0402FF
:1034C000B73600003EC65230938606996C002685BA
:1034D000EF20B0442A8901CD2685EF2030044A85AB
:1034E00023200402EFF0EFCE41016FC0BFD283C7AB
:1034F0006402014593F7F7FB2383F402F5B76945AE
:103500008280B777002003A54745358105898280F1
:10351000B77700209387C73F05474111C8CB94DB9D
:10352000D0DB8CDFD8D741018280B77700200547F8
:1035300023ACE7428280EFC2BFCBB777002003A65F
:10354000C74483A64182131786016187630C051463
:1035500083C7C18D614889483388070336980323A0
:10356000C8006311131503431500834805000328A1
:10357000080022033363130183482500C20833E3A4
:10358000680083483500E208B3E86800639C0811CE
:10359000E207E1873E856FC0FFC7B3885702B69840
:1035A00003AEC800631A060763180E061398870156
:1035B000135888418507C207C183E3E0C7FE63173C
:1035C000060193F81500FD57E38608FC8989FD572D
:1035D000F1F193170801636BC80093170301636748
:1035E000C300FD57E378C7FA93170701C18361470A
:1035F0003387E702BA9623A6060001CD10311821C1
:103600002206598E38214207598E38316207518F70
:1036100098C2239806000DA863147E040DC9834E3A
:103620001500034E0500A20EB3EECE01034E250099
:10363000420EB36EDE01034E3500620E336EDE01C4
:1036400083AE08006315DE01238EF18C91B783D819
:103650000801E3E1E8F7139787016187468F99BF77
:10366000E31A8EF415C5834E1500034E0500A20E15
:10367000B3EECE01034E2500420EB36EDE01034EC3
:103680003500620E336EDE0183AE0800E30EDEFB12
:1036900083D80801E3E0F8F31393870113538341C0
:1036A000C68F09BF3A883A83814F014F8147E14273
:1036B0008543094419B7EFC21FB298319C21368A5D
:1036C00022075D8FBC215441C2075D8FBC31E207E8
:1036D000D98F639BF60089E6D9573E856FC0FFB24C
:1036E0000545EFE0DFFCCDBFE5DB2E842A89AA8506
:1036F0002285B289EF00904B65F11C30042037051C
:1037000000F0A207C58F2420C204C58F2430E20434
:10371000DD8CEF009001E98C370500E0EF00F00050
:10372000E38CA4FAD2852285EFF0FFE0AA87E34676
:1037300005FAE147B307F50203A541823E958947A3
:103740005CC5232A2501938759001307950094230C
:103750007D1714B39386F7FF6396F90023180500CD
:103760008147A5BFB687E5B721CDEFC27FA8C44189
:103770002A84DC34C824A2075D8DEF000077A1679E
:1037800093870710938524016304F5009385E40073
:10379000D835DC2522075D8FFC25C2075D8FFC35FF
:1037A000E207D98F5840B98F1844F98F81EB8146D1
:1037B00013866400B1052285EFF0FFEF6FC09FA56F
:1037C000828063070516EFC21FA13A269307900275
:1037D0004111B2892E8AAA8463E8E7004E85EF1072
:1037E000903041016FC07FA2032946008347D90072
:1037F0000345C90013042901A2075D8DEF00E06EA7
:10380000A167938707106304F5001304E900834A56
:1038100014001C200545A20AB3EAFA00EF00E06C90
:10382000E39EAAFA834A54005C2013054060A20A72
:10383000B3EAFA00EF00606BE392AAFA834A34001D
:103840003C200565A20A13050580B3EAFA00EF00E3
:10385000C069E395AAF8930AE4001146D68568008A
:10386000EF50F029D44013068400ADC2183C1C2C44
:1038700022075D8F3C2CC2075D8F3C3CE207D98F4D
:103880006396F60485466C002685EFF0DFE2054B73
:103890007C306820A2075D8D892D8547630FF50276
:1038A0008947E31DF5F26C002685EF10803FB7775E
:1038B000002003A74738E30307F293874738DC4724
:1038C000E38E07F06C002685829709BF81466C0065
:1038D0002685EFF05FDE014B65BFE3010BF0094584
:1038E000292568A0218168B01146D6851305840179
:1038F000EF50F0201146938544005685EF5030205C
:10390000350415099547FD5618207D197D1438B4E6
:10391000A300E9003307FA001823FD1718B0A3032A
:10392000E900E393D7FE9C4CCE85268582977DB532
:103930008280EFC25F8A2A89AE8901469305A00280
:103940000D45EF10301F7D544DC94041AA840545F7
:10395000692B48A8218148B89306E90293075400CF
:10396000154793850184138681837D5503C806001E
:10397000FD17FD16A38B07013388E50003480800F7
:10398000A38007033308E600034808007D17A380DF
:10399000070103C81600A3830701E319A7FC11461A
:1039A000930549001305C401EF507015CE851146EB
:1039B00013056402EF50B0140545052B68A4856912
:1039C000218168B4138509800D2308A8218108B8D6
:1039D00013054060192B28A8218128B81385698018
:1039E00029238327890148A4218148B4A6854A85D3
:1039F00082972A842685EF10100F22856FC0FF80E2
:103A0000EFC28FFCB7740020014493840444E14A60
:103A1000894B054C930CF00FDC446364F4006FC0D9
:103A20002FFE330954039389418283A50900CA9567
:103A30009E29D8458507C207C1839EA9631A7701CD
:103A400003D7A18C63FCE70005041374F40FE9B7F6
:103A5000E31C87FF03C7818C6375F70023A605006D
:103A6000E5B7C849EFF0FFEC83C7818CE39E97FD73
:103A700083A70900CA9723980700F9B7EFC2AFF5EB
:103A80002E8441112A89AA852285B289EF0010125D
:103A900009C5595541016FC04FF71C300420370547
:103AA00000F0A207C58F2420C204C58F2430E20491
:103AB000DD8CA529E98C370500E08529E38BA4FC82
:103AC00018301C2022075D8F3C20C2075D8F3C30E0
:103AD000E207D98FDDDF85452285EFF0DFA5E34BD7
:103AE00005FAE147B304F50283A74182138A4182B4
:103AF000A697D84711C77D55639B0902814A31A01B
:103B00000547D8C723AA2701854AEFF01FA2A2853F
:103B10004A85EFF01FE201ED83270A000547A697CB
:103B2000D4476396E60063940A002398070083272E
:103B30000A00A697D84785476316F7002AC6EFF014
:103B4000DF9E3245E38809F483270A000947A697D8
:103B5000D447E391E6F403A44900138797001306C2
:103B6000E902930654008D070C237D17FD168CB2D5
:103B70000C227D16ECB2E319F7FE056513050580EE
:103B8000AD268327890148A4218148B4CE854A8582
:103B9000829709B7EFC22FE4AE8441112A89B94553
:103BA00026853284EF10406D631E0510CA8522857C
:103BB000EF00C07F631505101C30834904003705F2
:103BC00000F0A207B3E7370183492400C209B3E735
:103BD000F90083493400E209B3E9F900B926B3F9E1
:103BE000A900370500E091261020143038203C3021
:103BF000639CA90813958600518D4207598DE207F1
:103C000085456C845D8D9305E0054C85392E418199
:103C10001375F507C88508301C2022055D8D3C20F2
:103C2000C207C98F283062055D8D01262181488633
:103C300008301C2022055D8D3C20C207C98F28302A
:103C400062055D8DDD24C8863400C04095477D56F1
:103C500013075400B385F6008C217D170CB3B30510
:103C6000F90083C59502FD176CB3E395C7FE0565A2
:103C7000130505809D2C8327890148A4218148B420
:103C8000A6854A8582970DA8A206D18E4207558F38
:103C9000E207D98F03274900B98F03278900F98FDD
:103CA00099C78327C900715581CB1304C9002686A3
:103CB000A2854A85EFF09FDC41016FC00FD5938646
:103CC000818361B77955CDBFEFC28FD244412A8439
:103CD0002E89DC34C824A2075D8D012CA16793874F
:103CE00007106317F5009C388828A2075D8DF52A18
:103CF0009307058091CB8567938767806302F504FE
:103D00002285EF10405E15A8A2854A85EFF0DFA559
:103D1000DC34C824A2075D8DC92AA16793870710E8
:103D2000B9456313F500C945B305B0402285EF10CE
:103D3000A05479F5CA852285A92401456FC08FCD8D
:103D40002286930599024A85EFF0BFA7FDB7EFC21F
:103D50002FCAB77700209387C7395CD193075006E5
:103D6000A309F5029307E006230AF502B74700000E
:103D7000938747B95CC9B7470000938727DB1CCD01
:103D8000B775002099472A842304F502232E0500E5
:103D900019469385554913059502EF5040569307F0
:103DA000C05D1EB8930730032309F40201456FC0BC
:103DB0006FC6EFC2EFC3B1642E8493841435EFF065
:103DC0000FE7118915CDFD1485CCEFE00FFE2A8990
:103DD0007DD5AA87814401E8CA852685EFE0EFF802
:103DE00001456FC02FC332244C403E85EF50205117
:103DF0003A240040BA94C204B307E500C180E1BF91
:103E00005155C5B7EFC22FBDB777002083A74746EE
:103E1000AA891385018E9384018E82978C40A9C94B
:103E200083C7418D1384018E93F7F70F81E7854790
:103E3000238AF18CC2050D46C1810D454440EF1027
:103E4000604F2A8915C52A8432244840A685EF5040
:103E5000004B3E240040BE9465F8EFE0EFEF83A7EF
:103E60000901CE854A85829701C54A85EF10A04792
:103E70006FC0AFB9EFC2CFB741113774002002C293
:103E800002C402C6EF00107A1305C446B7750020BD
:103E900019469385854013059502EF504046B77744
:103EA000002003A7C73F9387C73F1305C4463AC204
:103EB0009847DC433AC43EC623A0019023AE018E4E
:103EC000EF10A03A37480000B747000074003000F8
:103ED0004C00130888CC9387E7D401471305C446E8
:103EE000EF10003341016FC0EFB2931785002181BD
:103EF0005D8D4205418182809317850021815D8D12
:103F00004205418182801357850193178501D98F1E
:103F1000B706FF0013178500758FD98F4167130708
:103F200007F02181798D5D8D8280EFC26FACEFF05B
:103F30009FFD6FC02FAEEFC2AFAB03A40190AA8468
:103F400001EC03A5C18F11C5EF10803219C103A484
:103F5000C18F22856FC00FAC2285EF10603105C183
:103F600098309C2022075D8FBC20C2075D8FBC303B
:103F7000E207D98F5840B98F1844F98FF9DB004018
:103F8000C1B7EFC26FA44041AA84AE891C3008209B
:103F9000A2075D8DEFF05FF63181420541819147C7
:103FA0006306F5002685EF10003431A41C3008208C
:103FB000A2075D8DEFF05FF419813C30137AC503E1
:103FC0002820A2075D8DEFF03FF3BE242A89E3EBA2
:103FD00047FD9E24E3E8A7FCD2852285EF40B04C44
:103FE00071F1CA852685EF10E048370500F0EFF043
:103FF000DFF3370500E0EFF05FF34E89054B930BDD
:1040000004014A85EF10C02611E563130B12032942
:1040100009000DA293074900EDDB83264900F5D680
:1040200018381C2822075D8F3C28C2075D8F3C385A
:10403000E207D98F6382F604CA855E85852E0DED71
:104040001C38834A0401370500F0A207B3E7570183
:10405000834A2401C20AB3E7FA00834A3401E20A20
:10406000B3EAFA00EFF07FECB3FAAA00370500E0FC
:10407000EFF0BFEBE39BAAF858345C2422075D8F76
:104080007C24C2075D8F7C34E207D98FB9C3CE850B
:104090001305C400212EE31705F05C34034AC40065
:1040A000370500F0A207B3E74701034AE400420ADC
:1040B000B367FA00034AF400620A336AFA00EFF0C9
:1040C000DFE6337AAA00370500E0EFF01FE6E30BE6
:1040D000AAECE30909EC034974006820220933695A
:1040E000A90011657D15EFF05FE03375A90011C5DA
:1040F0002685ED26AA8461C14041CE852685EF1034
:10410000604B55E91C340824A2075D8DEFF0DFDE1B
:104110001375F50F99476303F50AC5476309F50859
:1041200085476312F50ACE852685EF40C07761A0EA
:1041300003A901906314390103290900014BE3121B
:1041400009EC1C340824A2075D8DEFF0FFDA13752B
:10415000F50FC547631EF500B3074401A823BC3320
:10416000A2075D8DEFF05FD993074004630DF50260
:10417000854A1C340824A2075D8DEFF0FFD7137524
:10418000F50FC5476319F508229A83473A0003459E
:104190002A00A2075D8DEFF03FD69307C076631C1F
:1041A000F5064E893DB7E39809F2814AD9B7CE8525
:1041B0002685EF40E01E01456FC08F84CE852685A1
:1041C000EF20D032CDBFCE8513050401C522E31BFD
:1041D00005DC1C3803490401370500F0A207B3E7EA
:1041E0002701034924014209B367F9000349340157
:1041F00062093369F900EFF05FD33379A90037051D
:1042000000E0EFF09FD2E30FA9D8C0C08945268512
:10421000EF40700E41BBE3910AE669B3EFB2DFFAFB
:10422000AA894289630F0612AE8AD1453A8AB284BE
:10423000B68B3E8BEF10400479576311051203A42F
:104240004900A20B1C340824A2075D8DEFF0DFCAE1
:104250001375F50F33657501EFF03FC913578500EE
:1042600018B408A4EFF05FC92181420541812205FD
:104270003365650142054181EFF03FC798309C20CE
:1042800008A422075D8FBC20218108B4C2075D8F7E
:10429000BC30116513050550E207D98F13D787008D
:1042A0001CA818B813D70701E1833CB838A83365B8
:1042B000AA00EFF09FC308A0218108B003D58900B0
:1042C000138A818EEFF07FC228A0218128B0035588
:1042D0000A0023030400A3030400EFF01FC1835767
:1042E0000A0048A02181850748B02310FA006381A5
:1042F0000A0203C71A0083C70A0022075D8F83C71B
:104300002A00C2075D8F83C73A00E207D98F99E779
:1043100013074900814719C38327490013D7870032
:104320005CA458B413D70701E18378A47CB42305B7
:104330000400A3050400D1452285EF40D01628A42F
:10434000218128B48357090385C303D7890063FDFE
:10435000E7002686CA854E8585232A873A856FB071
:104360003FEA4441C104F9BF832749012686CE852F
:104370004A858297DDB7EFB2BFE701112A84328503
:104380002ECE36CC3ACA3EC832C6EFF0DFBA09CDDF
:10439000C2475247E2463246F2452A882285EFF06C
:1043A000FFE705616FB01FE77155E5BF18311C21AC
:1043B00022075D8F3C21C2075D8F3C31E207D98F18
:1043C0009386F7FF75576366D70203C72503014538
:1043D000098B0DC3D841630FF70094453D8F758F4E
:1043E00011EB13C5F6FFE98F3385A7401335150090
:1043F000828005458280EFB23FDD03A4C18EC544B3
:10440000014B1389C18E19E06FB09FDFFD1493F447
:10441000F40FFDD87C3C032C040091C7FD177CBC35
:10442000228B6284CDB783294400814A03A54900C9
:104430005C315821A207D98F85EF18311C215146D4
:1044400022075D8F3C2193058400C2075D8F3C31BC
:10445000E207D98F5CC0EF40906A85454E85EF40FA
:10446000C06A4E85EF108006AA8A4E85EF00B067BD
:104470008329440063960902032709001C40631C3A
:10448000E4042320F900A2851545EF00B048138706
:10449000A18E1E235A84B38A57412310570149B76E
:1044A00003A749004E851C33034A0700A207B3E760
:1044B0004701034A2700420AB367FA00034A37005C
:1044C000620A336AFA00EF106000AA9A4E85EF0084
:1044D0009061D28945B72320FB0075B7EFB2DFCEDC
:1044E00044412A899C308820A2075D8DEFF0DFA02F
:1044F00019811375C503D1476312F526FC30E820F6
:10450000A2075D8DEFF05F9FBC302A8BA820A20729
:104510005D8DEFF07F9E9C30AA8C8820A2075D8D78
:10452000EFF09F9D2A8C4A85EF00507AB7770020E4
:1045300083A7074503D7A18E2A8D8D832A97FD8BEC
:104540009389A18E63ECE72003A4C18E814A138A6C
:10455000C18E1DE81545EF00F0392A84630005205F
:104560007146814513054400EFB09FCB8D477CBC5D
:1045700083270A0023208A001CC05146A685130504
:104580008400EF40D05795ACD834DC2422075D8FEF
:10459000FC24C2075D8FFC34E207D98F58486316AC
:1045A000F70298389C2822075D8FBC28C2075D8FD0
:1045B000BC38E207D98F184C6319F700DC30D420DF
:1045C0005A24A207D58F6306F720A28A004051B76C
:1045D000CC4203C8550003C3450022083368680075
:1045E000637C060D93D5860094A38CB393D5060106
:1045F000E182ACA3B4B3630E072A74336C23A20622
:10460000CD8E6364D6146362A81493568900230088
:10461000270114B3935609011359890134A3A30147
:104620002701782C014B058B630F0718638D081841
:1046300058404443D830D4202207558F63150718BB
:1046400094339823A206D98EB8234207D98EB83363
:104650006207558F61E75E2C03C904005146D107FC
:104660005EAC9C30930584002685A207B3E7270142
:1046700003C924004209B367F90003C93400620981
:104680003369F900EF40B0474A2CEFF01F86A8A02D
:104690002181A8B023830400A383040023850400A0
:1046A000A3850400D1452685EF40E05FA8A42181C1
:1046B000A8B4032B4400D5A063090609F43103C351
:1046C0006500A206B3E666006361D60801CB7423D9
:1046D00078332207558F6303E8008148983194218D
:1046E0002207558FB421C206558FB431E206D98E08
:1046F0002E8765AA935689002300270114B3935689
:1047000009011359890134A3A301270174237833C4
:104710002207558FE307E6F0814821B75443EC2385
:10472000F833DC32D0222207A2074D8FD18F631AD3
:10473000F7029C329822A207D98FB8224207D98F5C
:10474000B83262075D8FB68731B74A85EF001058DF
:1047500083D709003385A7402390A9004A85EF003D
:104760009038014B8DA0B1554A8583244900EF0054
:10477000B030CA855A85EF0030579C3003C9040019
:10478000A207B3E7270103C924004209B367F90070
:1047900003C9340062093369F900E31609FC0327F1
:1047A0000A001C406314E4022320FA00A285154588
:1047B000EF0050165A85EF00705183D709003385FA
:1047C000A7402390A9005A856FB09FA323A0FA00A9
:1047D000F1BFFC30E820896BA2075D8DEFF0CFF1CF
:1047E000FD1B337575014205418101E96A24EFF033
:1047F000AFF033757501E31205D883D709003E9DEC
:104800002390A901FC30E820A2075D8DEFF0CFEEE8
:104810009317250163C2070213153B017C2C4D81C0
:104820000E05135C6C006695137CCC0393E71700B0
:10483000330585417CAC4AAC83244900BC30A820B8
:10484000A2075D8DEFF04FEB9C302A8B8820A207EA
:104850005D8DEFF06FEAFC30AA8BE820A20793DBB6
:104860006B005D8DEFF04FE94E054D81131635005D
:104870003305CB0013FBCB03832749003305654188
:1048800042051357860041815440D8B31357850021
:10489000F8B323800700A380070023810700A381CA
:1048A0000700D0A3E8A385480147E39306D2E313AA
:1048B00007E423222401B5B3EFB29F90032C4500F7
:1048C000011132CA03477C00AA8D03456C00220700
:1048D00083DB0503598DAE8CEFF00FE28966B37769
:1048E000D500138ACBFEA146334ADA0283D48D0069
:1048F00009677D173EC63379E500B1144209C20449
:1049000013590901C1800144514D3ACC420A135A4E
:104910000A0193163A0093970601C1833EC8938714
:10492000DBFE3ECE89E4014505616FB03F8DE24775
:10493000A68A337BF900B24733EB6701F24763C6BF
:10494000F400C24A8967336BFB000146D145094533
:10495000EF00501EAA8939C948415146E285EF400F
:10496000101A03A64D0083AB49006A9623A2CD001E
:1049700003D6AD00B306A6412395DD00568D63092D
:104980000D0403D4AD0063738D006A84420441803A
:1049900001E483AD0D00E5B7814509460D45EF0003
:1049A0007019AA8511E54E85EF00F0137D55ADBF56
:1049B00003A64D0002A522A550C14E85EF00D032BE
:1049C000B3068D40139D0601135D0D01E3130DFC2D
:1049D0005A85EFF08FD12383AB002181A383AB00F5
:1049E00013854A0142054181EFF02FD02381AB00AE
:1049F0002181A381AB00D14523850B00A3850B004A
:104A00005E85EF40402A03A74C0152462385AB0048
:104A10002181A385AB00CE8566850297B38454417E
:104A200052994E85C2044209EF00F00BC180135920
:104A30000901228DC5BD3C296389B700B7770020E5
:104A40002CA9A309050023A4073882805E2D184DE8
:104A5000B306F7002388B60E938627008507C207A2
:104A6000C18356ADBA972388C70E82805A2D1C4D3C
:104A70009306170056ADBA972388B70E82805E2D35
:104A8000184D13D68501B306F7002388C60E93860A
:104A90001700C206C182BA9613D605012388C60E36
:104AA00093862700C206C182BA9613D68500238852
:104AB000C60E938647008D07C207C18356ADBA97CD
:104AC0002388B70E828015C15E2D184D1306300461
:104AD0009386170056ADBA97FD562388D70E5E2DE4
:104AE0006376F60093F6370091E282809386170092
:104AF00056ADBA972388070EDDB763020518EFB2EB
:104B00002FEF0451DD57638904162A890146930566
:104B100040130145EF001002C8C82A87FD57630DF6
:104B20000514BC3899EFBC280546638CC700F11703
:104B300093F7F70F6377F60083A70182850723A019
:104B4000F182404303A50182854780CC88C01CA028
:104B50001CB099473CA0A3010400EFF0CFBA9357D3
:104B6000850048A05CB09357050161817CA068B0C6
:104B7000804C294723040400A304040023050400F7
:104B8000A305040023060400A30604002307040071
:104B9000A3070400BC286388E700F11793F7F70F19
:104BA0000547636EF700834749005CA483475900BB
:104BB0005CB4834769007CA4834779007CB42308F4
:104BC0000400A308040023090400A3090400230A25
:104BD0000400A30A0400230B0400A30B0400230C0D
:104BE0000400A30C0400230D0400A30D040083455E
:104BF00089028147414613970701418381466376C5
:104C0000B7003307F900834697023307F40054AF27
:104C10008507E392C7FE1307C4029307C406230067
:104C200007000507E39DE7FE1307C40E2380070076
:104C30008507E39DE7FE3755826313053536EFF0B0
:104C40008FAC935785002306A40EA306F40E904C58
:104C50009357050161812307F40EA307A40E239E39
:104C60000400814713074004B306F6002388F60EBC
:104C70008507E39BE7FE81473E856FB0AFD9D957E3
:104C80003E85828011CDEFB2AFD6005101C84848B1
:104C900011C1912D232A0400232C04006FB08FD75B
:104CA000828063000518EFB2AFD400516309041687
:104CB0003828A1476315F71698319C2122075D8F8C
:104CC000BC21C2075D8FBC31E207D98F18546398AD
:104CD000E714AA84B1452285EFF0FFD52685EFF0D1
:104CE000DFE1631905120546930550032285EFF0B5
:104CF000FFD591452285EFF07FD71146930520031C
:104D00002285EFF0BFD40854EFF02FA2AA852285A8
:104D1000EFF0FFD61146930560032285EFF01FD315
:104D20004850EFF08FA0AA852285EFF05FD51D4691
:104D30009305D0032285EFF07FD15E2C184C0546F9
:104D40002285B306F7002388C60E13862700420685
:104D5000418252AC9386170083C59402C206C18279
:104D6000BA962388B60E93863700C206C18256AC27
:104D700083C5A4023A96BA962308B60E1386470056
:104D80004206418252AC83C5B4023A962388B60EDD
:104D900093865700C206C18256AC83C5C402BA9638
:104DA0002308B60E138667004206418252AC83C5C3
:104DB000D4029D0732972388B60E5EAC83C7E40207
:104DC0002308F70EEFF03FD04E2C48489385050F8F
:104DD000C205C1814525034784021C4C4C4848400C
:104DE000D8A70347940203A94400D8B70347A402F5
:104DF000930630041386C184F8A70347B402F8B7BA
:104E000023A204002687EF30D006268523A22401A2
:104E1000EFF05FE73C3885073CB885477EAC6FB064
:104E20006FBF8280EFB2CFBC23A2019223A6019074
:104E300023A801901128BD24B777002083A7473EFF
:104E400091C382976FB00FBD374700201307F77AE1
:104E5000719B23AAE18EB777002083A78744231193
:104E600007008D07F19B93960701C182BA9716A39D
:104E70002302070023ACF18E0546D0A396A3B6A368
:104E800023A8E18E828049C183A7418F636EF50616
:104E900083A5818F637AB50683A6018F130685FFEC
:104EA000230E05FE1387018F6373D60010C383564C
:104EB00085FFBE966304D60203C84600631008024D
:104EC000638ED5000C436393B60010C38E22231C5F
:104ED000B5FE9622B305F640BE96AEA28355A5FF59
:104EE000B386B7006302D60203C84600631E0800FB
:104EF000032807006313060114C3035785FF9AA212
:104F0000035785FFBA97AEA382808D05C205C18184
:104F1000F199C205C1813147AE8763F3E500B1471E
:104F20003777002003268744C207C1830D06719A94
:104F30006360F60A03A7418F636DE50883A6818F3E
:104F40006379D508930685FF835885FF998EC2063D
:104F5000C182938588FF958DC205C18163EAF506FC
:104F60006389F506330317010348430063140802FD
:104F7000938586001388018FAE97032E0800C20721
:104F8000C18383580300B305F70063166E02232024
:104F9000B80015A01388470163ED050393858600CB
:104FA000AE971388018FC20703230800C183B3059E
:104FB000F700E3EE65FC23901501B6A123820500FE
:104FC000231CF5FE96216306D60036973EA3828009
:104FD0000145828039C51307350042074183719B23
:104FE00042074183B146BA876373D700B147377729
:104FF000002003268744C207C1830D06719A01452C
:105000006362F60203A7018F83AE418F9385018F00
:105010003303F640B306D741C206C182615E63E442
:105020006600014582803385DE00034845008358D1
:105030000500631708063308DE4046986362F806E9
:105040001383470163626804A107B697C207C1834F
:105050003388FE00231018012311D8002302080012
:1050600085461EA154A1835608006304D600F69617
:10507000BEA26319A70083A6818F8147502301EE4A
:1050800091C398C12105828085475CA1DDB71A23B1
:1050900085477697E5B7E39CE6FEEDD794C1DDB78B
:1050A000C686B5BF83A5818283A6C182B76700206B
:1050B0009387F7A137770020F19B1307474A1385A1
:1050C000060103D805002320070001466318C80025
:1050D000890611078905E396A6FE828083280700CA
:1050E0000506420623A0170183D806001CC341828F
:1050F000C697E9BF9D4763EDA700B77700200A0573
:105100009387474AAA97884309C5184198C3828064
:105110000145828099C99317250037750020130532
:10512000454A3E951C419CC10CC18280EFB2AF8ABA
:1051300098319C21AA8422075D8FBC212E84C2074E
:105140005D8FBC31E207D98F5841639FE70018306B
:105150001C2022075D8F3C20C2075D8F3C30E20798
:10516000D98FDCC06FB06F8A03A5C1900149930944
:10517000400605C11841DC40032AC5006311F7044D
:105180008545EF00D0579307190093F7F70F63F7A2
:10519000290383A74191C5DF984319CFD440631DEC
:1051A000D70014301820A206D98E38204207D98E95
:1051B00038306207558F98C3DC47F1BF3E8952856E
:1051C0004DBFEFB2EF82411132C636C42A84EFF0F0
:1051D000FFF53246A246814719CA18321C2222071F
:1051E0005D8F3C22C2075D8F3C32E207D98F1CC421
:1051F000814799CA98329C2222075D8FBC22C20740
:105200005D8FBC32E207D98F5CC441016FB08F80E3
:10521000EFA21FFE58CD138741908348070041112C
:105220002322050023240500232605002309050267
:105230002320050213831800A30A15032328050160
:105240002A843EC623006700EFF0BFF7B2472285ED
:10525000829711E993870190984318C080C32285F3
:1052600041016FA03FFB0144DDBF23AEA18E8280D0
:105270000345250305898280AA870145A5C5BDC3CD
:10528000139605014182328863DB05003308C04074
:10529000BA27420813580801054563650705D42756
:1052A000D84381C60D456391A6020D8F93860701F1
:1052B00005456369D702D8C3BA2701453297BAA713
:1052C0009A273A9692A78280FD16C206C182854827
:1052D000054563E9D80063D70500B62763E40601F6
:1052E0000D8FD1BF8280EFA21FEF01440DCDAA85A3
:1052F00001440D498549FE25FD17C207C183FEA55E
:105300009DE3DC2584411D4563882701FD17C20705
:10531000C18363EDF9001945EFF0DFDF0504137475
:10532000F40FA685E9F822856FA03FEE2E85EFF0F9
:105330009FB5EDB7EFA23FEA8547630DF50031C594
:1053400089476306F5048D476305F504014422850A
:105350006FA0BFEB8144D104B904C204C180894766
:10536000B2892E8963E9C70279CA1945EFF09FD83F
:105370002A8469DD23220500231425012315250134
:105380002320050023063501B5A0D144E9B78144A7
:10539000E1B78144E9B78D470144E31AF6FA1D45A8
:1053A000EFF05FD52A845DD1B3079500CD07F19B5F
:1053B000377700205CC193070744DC438D04F198E4
:1053C00093879703F19B23063501232005002314BF
:1053D0002501B38497409309074463739900CA84F5
:1053E000854726A47EA4B30499400D4A2289854AA4
:1053F0006347900085477EA4A306040089BF1D452E
:10540000EFF05FCF09E52285EFF0FFED81B783A7CD
:10541000490023164501232005002320A900938776
:10542000970306A5F19B63F3F400A6871307050114
:105430003EA558C1231755019D8C2A8955BF9387D6
:10544000350013853401F19B71993E9542054181E8
:10545000EFF05FB82A84E30B05EEAA94CD04F1982F
:1054600044C123142501231525012320050023060B
:10547000050049B71E2563FAF504EFA27FD72A84F9
:10548000AE84B387F5402E2463E995025C2481EF56
:10549000638B95004C402285818DA695C205C18104
:1054A000EFF0BFA62A84084026A406A419C1EFF095
:1054B0009FE3232004006FA0FFD51A248D8CC20423
:1054C0003E971AA4C18000407DBF8280814719E1C8
:1054D0003E858280850793F7F70F0841CDBF01C550
:1054E0007E2585077EA5828009CD99E182803A8557
:1054F0009E2516251841B697C207C1831EA565FBD8
:105500000CC18280EFA2DFCE2E84EFF0FFFD22855A
:10551000EFF0FFFC6FA01FD03DCDEFA2DFCB2A84C0
:10552000AE845955ADC51A249E256362F70601491C
:10553000014A8359A400BE24B3894941B387274156
:1055400063C9F904939907014840CC4093D90901F4
:105550005295CA954E86EF30905A4E9A3E24420A92
:105560004E994209135A0A011359090163944701DC
:105570000040014ABE246365F900844099CC01498A
:10558000BA249E246316F7029C409DC35D556FA00C
:10559000DFC7C20955BF5955828009C801493A245D
:1055A0001E246314F7001C40F5F3C1F40145C5B790
:1055B0007DF441B7EFA23FC203294500AA89834782
:1055C000990003458900014AA2075D8DEFE0DF9253
:1055D000937AF50F03A4819031099384819001E4BB
:1055E00001456FA09FC21C280145639457035C4886
:1055F0008DC3084CCA864E86A285829719C9630856
:105600000A005C442326FA009C4080C05CC4054527
:1056100081495C44228A71F53E84D1B7814799C99A
:1056200098319C2122075D8FBC21C2075D8FBC3160
:10563000E207D98F1CC101458280814799C9983101
:105640009C2122075D8FBC21C2075D8FBC31E20720
:10565000D98F5CC1014582804CC910CD8280EFA2F8
:105660009FB7AE842A89D1452685B289EFF0DFC085
:1056700015C9014681450545EFF0DFCB2A8409E5D0
:105680007D594A856FA07FB8A685EFF0BFE74E85AC
:10569000EFE07F8A19ED7159E30594FE2285EFF062
:1056A0009FC4C5B7B1552685EFF01FBD71F926849B
:1056B000F9BFCA85630509008327090099E39305AB
:1056C0004500834709010347A9008346B9002A889A
:1056D0004E862285EFE09FB42A897DBFEFA25FB19D
:1056E00013064500EFF0BFF76FA0DFB2EFA25FB087
:1056F000AA840145EFF01FA02A8411CD714681458F
:10570000EFA01FB2930700F83CB4938781909843B1
:1057100004A880C358C422856FA0DFAF83A6C190C0
:1057200003A6419283A5419103D541839387418389
:10573000130715001315070113180701418163535F
:1057400008000565368719E7328719EB2E8719EFB0
:105750008AA382800358C701E30CA8FC5847E5B729
:105760000358C701E306A8FC5847C5B70358C7014B
:10577000E300A8FC5847E1BF1C4963960710EFA25D
:105780009FA54111AA84328411E62EC6EFF01FF9BD
:10579000B2452A8403A7419131E703A7C19025EBC5
:1057A00083A90191138901914E8759E783A74192FB
:1057B000CDEB85C198319C2122075D8FBC21C207AA
:1057C0005D8FBC31E207D98F89C711462685EF303E
:1057D0001033C2AC23A634012320990001454101B6
:1057E0006FA0BFA25E2F63928702104359CED1CD26
:1057F00094319C21A206DD8EBC21C207DD8EBC3116
:10580000E207D58FD9C36302F608584771B75E2FF8
:1058100063928702104335CAADC994319C21A20618
:10582000DD8EBC21C207DD8EBC31E207D58FB1CF42
:10583000630DF6045847A5B75E2F639287021043A5
:1058400029C6A1C594319C21A206DD8EBC21C207C8
:10585000DD8EBC31E207D58F8DCB6308F602584749
:10586000A9B7DA2F631F870094319821A206D98E39
:10587000B8214207D98EB8316207558F94436386A9
:10588000E600DC4735B74D558280555589BFAA875C
:105890000358C5021459D23B0C5583D8070433056D
:1058A000D84005822E95328763F3C80046874207A9
:1058B00041833307E5406345070023970703828050
:1058C0003387D5406356E000239707020145828065
:1058D0008D8EF6B7E5BFEFA2BF915E352A84BE95E7
:1058E000C2055E39C1814EB563F3B7005EB522854E
:1058F000EFF0FFF95E388983634BF500834764025C
:10590000228593E727002303F402EF20203E6FA0B7
:105910007F90EFA2FF8D4111014409CDAA85484136
:10592000014411C52EC6EFF01F9CB2452A841145D3
:10593000EFF04FFE228541016FA0DF8DEFA25F8B5C
:10594000014401E522856FA0FF8C0441EFF07FFC4C
:105950002A941374F40F2685EDB7EFA27F894111C5
:105960002AC61145EFF00FF92A8401C9B245514604
:10597000EF30F0184840EFF09FB6228541016FA04C
:105980007F890CCD82802328B50882802326B50824
:105990008280232EB5088280232CB508A30EC50271
:1059A00082801C4905476374F70429476381E70433
:1059B000EFA21F842A840325850809C5EFF0BF9252
:1059C0002324040803254408FD577EBCEFF01FF78D
:1059D000685C23220408EFF07FF603250408EFF04B
:1059E000FFF5232E0406232004086FA0BF828280C7
:1059F000EFA20FFDB77400209387C43F13878191F6
:105A000003CC87011C43A56A850703ADC1901CC365
:105A100013096006014A9384C43F138481919389DA
:105A2000C1908D4C938ACA5F138B0185631A0D0058
:105A300003A4419293844192631904246FA00FFC44
:105A40007D191379F90FE30B09FE03462D05832613
:105A50000D01854D6302CC02834D0D0B63840D1047
:105A60000327CD0AB306BB0183C6F6FF050723262D
:105A7000ED0A637CD70C814D03270D019946631D08
:105A8000D70003268D031440918E904C6376D60088
:105A900093871D0093FDF70F83568D00814BA18ADC
:105AA00095CE91466305D7009D466319D70283289A
:105AB0004D0A83268D0A03250D0ACC4CB386D802E5
:105AC000104003278D03198EAA96B3D6B60263FC45
:105AD000C61093871D0093FDF70F854B03254D08D6
:105AE00005C103278D0314401946998E03170D0530
:105AF0003307C70263E6E600EFF05FE423220D08F8
:105B000003270D016314971183268D031840158F09
:105B1000944C63E8E61063960D108347CD0303476A
:105B2000DD03850793F7F70F230EFD0263EBE70014
:105B300083278D09230E0D02639207146A85EF20D7
:105B4000E01A6A8A032DCD00D5B523260D0A194720
:105B50006366B70193871D002308FD0A6A85EF205D
:105B6000007711BF0317ED03634507000507231FE7
:105B7000ED0203270D08E30007F08315ED0303177B
:105B80000D05E35AB7EE63F4DC020317CD04831668
:105B9000ED04B1470D8736979376F60F63F3C70090
:105BA000B146D69694223317D7002318ED048356B6
:105BB000AD0503574D06231F0D0263F3E60036873C
:105BC0004207418383560D040583231EED0463764B
:105BD000D70013971600231EED04231DDD046A85EC
:105BE000EF20C05751BD03471D0B814B33071703EF
:105BF0002A973357B702E373C7EE6A85EF204067F1
:105C000003471D0B0507A308ED0AC9BDA546E3140C
:105C1000D7F003278D031440998E984C0607E37C38
:105C2000D7EE6A85EFD00FEF6A85EFF09FD7832715
:105C3000CD0063020A042326FA008327CD0989C711
:105C400003258D01ED558297638F0B0083574D021D
:105C50000357CD0183258D0203250D0693064D00C4
:105C60006A86EF20203F832BCD00EA850945EFF0BF
:105C70006FCA5E8D65BB23A0F900C1B703258D01F6
:105C8000EA858297E30C05EA6DBD2285EFD08FE8A7
:105C90002285EFF01FD10329C400A285094523A066
:105CA00024014A84EFF00FC741BBEFA26FD41C411F
:105CB0002E846390B704DC451CC123260400228592
:105CC000EFF03FCE1C4829476381E7020547638E0A
:105CD000E7008347640213F7170001CB93E727001F
:105CE0002303F4022285EF206000232804006FA024
:105CF0006FD223A0F19281461387019289E7D5DE06
:105D0000232007005DBFD0476317860091C21CC3E4
:105D10005844D8C75DB78546B287CDB71C491D47E3
:105D20006365F70AEFA2CFCC25678A071307C75D23
:105D3000BA979C432A848287EFD0CFDD13870191E5
:105D40001C43639987005C441CC323260400A2857E
:105D500009453DA823A0F19281461387019289E766
:105D6000EDD623200700D5B7D0476317860091C230
:105D70001CC35844D8C7D1BF8546B287CDB7EFD032
:105D80006FD9A28513854191EFF03FF2A2850D45B1
:105D9000EFF04FB8014531A8EFD0CFD7A2851385DA
:105DA000C190EFF09FF065B78545EF10D06895473B
:105DB00001C96FA02FC68545EF10F0677DF9A54793
:105DC0001CC82285EF109072F1B701458280EFA2C6
:105DD0002FC241112E8511CE0E2632C6EFF0BFAF75
:105DE00032463285EFF02FD081473E8541016FA0CA
:105DF0006FC28147FDFAEFF07FF2AA87FDB7EFA2ED
:105E00002FBF03A4C1909304500619E06FA08FC068
:105E10000326840819CA832704098146A2858DCFE9
:105E2000084C829719E123240408FD1493F4F40F1D
:105E3000F1DC8347640213F7170009CF93E72700CB
:105E40002303F4022285EF10706A83476402F19BFA
:105E50002303F402404455BF0145EFF05FF7D9B783
:105E6000EFA20FB9EFF0BFF91387C1911C2385078B
:105E700093F7F70F1CA3858B99C3EFF07FB76FA043
:105E80006FB9EFA2EFB603A4C19093045006014985
:105E900001E44A856FA00FB80326840819CA832736
:105EA00004098146A285B1C7084C829719E12324D1
:105EB0000408FD1493F4F40FE9DC8347740285CBE6
:105EC00003476402937617009DC2FD1793F7F70FFF
:105ED000A303F4029DE3136727002303E402228552
:105EE000EF10D06083476402F19B2303F402404427
:105EF00045B70145EFF0BFED55BF0509CDBFEFA296
:105F0000AFAC1849A94741112A84631EF700AA853E
:105F100013854192EFF07FD9A2850945EFF08F9F5D
:105F200041016FA0EFAD1C412E8B032905063EC633
:105F30005C4183298502035AC5013EC4835A450248
:105F40008324C509832B8501EFD0CFBC1385C19075
:105F5000A285EFF09FD50325040819C1EFF01F9E1D
:105F6000685C19C1EFF09F9D0325440819C1EFF04B
:105F7000FF9CA2850945EFF0EF9981C4ED555E8540
:105F80008294E30F0BF8D687528734007000CE85D9
:105F90004A85EF20200C69B793870183884303A7C4
:105FA00081913A9588C38280EFA2EFA22A890945A0
:105FB000EFF04F94B7740020938404442A8425E1C1
:105FC0009C488983858B89E7014422856FA0EFA3D4
:105FD00083A7419203A681910145814693898191CE
:105FE000F1E701C58545EFF09FF10945EFF08F908E
:105FF0002A8415E583A7C19003A509007D191379AB
:10600000F90F1306F0078145DDEB09C485452285AC
:10601000EFF0FFEE0945EFF0EF8D2A8455D513061A
:10602000400B81452285EFA0AF9F930700045CA839
:106030009C44231C040613078021231BF4065E38AE
:106040005EB47EB4E1773EA4DC406374F70093074E
:1060500080212310F404C1677D577CC48547231831
:10606000F4047ABC231DF404EFF01FF383A781919D
:1060700068D428D01CDCB76700009387E7DC2328AE
:10608000F408B777002003A7073F9387073F68C846
:106090002320E40AD8439C4728D8230E0402232255
:1060A000E40A2324F40AA308040A05B7985F330717
:1060B000E6406364D700BA863E85DC4715B7D42B2B
:1060C000636CD900636AD600985F3307E540636567
:1060D000B7003686BA853E84DC473DB7EFA24F91C4
:1060E00013050004EFF05FEC6FA0CF92EFA24F908A
:1060F0002A842E85EFD03FE411CD1E3981CF9387BE
:1061000087FD3E87C207C1836373F400228713149F
:106110000701418022856FA0EF8FEFA2CF8B184936
:10612000CD5445EBAE89DD54CDC52A84B28411052A
:1061300011463689EF30A01C5E2C46B081E7EFF0A7
:10614000EFDD4AACEFF05FE55E3828D07D155EB438
:106150007EB42312F406B777002068C828D803A5B8
:10616000474423240402232804029307802163F474
:10617000A70013058021420541812310A404CE8588
:10618000EFF0DFF68547231DF404A9472310A4048C
:106190003305F5028947138701911CC81C43232A44
:1061A0002409231EA404639987025C441CC39387BB
:1061B000C1909843894680C358C48547014701462A
:1061C00081452285EF10A062AA8401E52285EF10A7
:1061D000F03126856FA06F8323A0F192814613874B
:1061E000019289E7E9D623200700D1B7D04763178A
:1061F000860091C21CC35844D8C755BF8546B28794
:10620000CDB7EF92FFFE03A441929384419219E02F
:106210006FA04F802285EFD0EF8F2285EFF06FF8CF
:106220000329C400A285094523A024014A84EFE084
:106230007FEEF1BFEF923FFA1C49AA842E8AC8274D
:10624000DC37A2075D8DEFD03FCB058929E9416995
:10625000130909FC03270A0103A6C193DE24543362
:106260004C23B297A206D58D7423C206CD8E6C3313
:10627000E205D58D8356CA00AE96B386D74063D566
:1062800006028D8F6359F000918DC205C840C1810F
:10629000CEA4EFF02F9E23A044016F901FF75285EC
:1062A000EFF0CFE9014AC5BF5C374827A2075D8DF3
:1062B000EFD09FC4058915CD9C48C037C82722045C
:1062C000498C4A85EFD07FC29C48698CC827DC374F
:1062D000A2075D8DEFD05FC21375E503136515004E
:1062E000EFD0BFC09C48418D42054181C8A72181A4
:1062F000C8B703240A005285EFF0AFE145D4228AE3
:1063000091BFEF927FEC83C7C1922A84C18B93899E
:10631000C193F1C783A509003855835645067055CA
:106320003305B74083A78192938481926344050229
:106330006316B7003307F640634E0700631EF6028C
:1063400003A5419478350348E50022073367070128
:1063500063F4E60203A5419478350348E5002CD4A4
:106360002207336707012312E4067CD411C70347D1
:10637000040B19C32308040A6C483387B7406342EF
:10638000E02E03D78194231A04066319072C0357C0
:1063900044066854B2962A976312D72C0317E40375
:1063A000634E072A639CF52A834784050D478507BA
:1063B00093F7F70F230CF404637CF7280357A40525
:1063C00083570404BA97C207C1836374F700231D7F
:1063D000F4047C5C639F073A7040631A064403D65A
:1063E000819483A709001454138A8194E30006045E
:1063F000B385F6401387F5FF634B074A05471D8FAA
:10640000118F36976345E04A377900209307494C4E
:10641000C443139705014183BE241309494C63D338
:10642000B7489E24998FC207C183BA246346B746F2
:10643000B305B040C205C1852685EFE0FFE3DC402F
:106440008356C90003A709002324F9001C5436977A
:106450001D8F2316E9000327090193D6870023A087
:10646000F9005CA354B393D60701E18374A37CB312
:1064700083A609001854B387E64063C90700523465
:1064800093871600998F918F6350F044B77700205F
:1064900083A7474DC827DC37A2075D8DEFD0DFA566
:1064A000058963010578185483A70900631CF776F2
:1064B000B7740020938A444C83A70A0103D9CA0009
:1064C0009384444CC827DC37A2075D8DEFD0DFA250
:1064D0000D893335A0002A9983A70A01420913596F
:1064E000090123102A01C827DC37A2075D8DEFD0F0
:1064F000BFA00589631C053E5E3463F0270B9C48F2
:10650000C827DC37A2075D8DEFD01F9F058931C1F9
:106510009C4803C9D700C82722093369A9004165EF
:10652000130505FCEFD07F9C9C483379A900C82750
:10653000DC37A2075D8DEFD03F9C1375E503EFD0EC
:10654000DF9A9C483365A90042054181C8A7218193
:10655000C8B75E34DEA49C48C827DC37A2075D8D2F
:10656000EFD09F99098901C5DE24FD17DEA4CE2452
:10657000C840EFE03FF09C4803D9C400C827DC378F
:10658000A2075D8DEFD05F970D893335A0002A9962
:1065900042091359090123102A01832744086384FF
:1065A00007369C48C827DC37A2075D8DEFD0DF9403
:1065B000058963170534032B4408C16B938B0BFCCF
:1065C00003A5090003570A002A9763000B08032656
:1065D0000B014C325422A205D58D7422C206D58DF2
:1065E0007432E206CD8E8355CB00B695B305B74025
:1065F00063D20536158F635AE00483274408984B0D
:106600005C335423A207D58F898FDEA49C48C8270A
:10661000DC37A2075D8DEFD03F8E098901C5DE24EE
:10662000FD17DEA4CE24C840EFE0DFE49C4883DA07
:10663000C400C827DC37A2075D8DEFD0FF8B0D8922
:106640003335A000AA9A23105A012322640965ACAD
:10665000E391E7D82285EF10903BA5BB230C0404FF
:106660008DBB3450B386D7406342D0128346640258
:1066700013F6460001CAED9A2303D4028356C405DB
:10668000231DD4048316C4040356E40442078D86F4
:10669000B2962318D404835664074183231AE40670
:1066A0003697231BE40618487CC823090404230CEE
:1066B00004048D4763F1E7020357A4058356C4051C
:1066C000835704046376D702BA97C207C183637401
:1066D000F700231DF4048327040885E383270408B7
:1066E000230E040293B71700B307F0407EBCD5B168
:1066F000B387F702B3C7E702C1BF984B48335C23A7
:1067000022055D8D7C23C207C98F683362055D8DCC
:10671000EFD0BF81832704082A8903DAC7009C4B86
:10672000C827DC37A2075D8DEFD00FFD9C400D8997
:106730003335A00052953309F9404A95E340A0FA59
:1067400003290408832709002320F40883574407FA
:1067500085C383270901C827DC37A2075D8DEFD0E9
:10676000AFF9058911C583574407FD17231AF406AD
:1067700003254900EFE09FD5835784073385A74061
:10678000231CA4064A85EFF0CF98B1B7231A04065C
:1067900089B1984B03A9040048335C2322055D8D21
:1067A0007C23C207C98F683362055D8DEFD0EFF798
:1067B0007C5CAA8A3309594103DAC7009C4BC8277D
:1067C000DC37A2075D8DEFD02FF30D893335A000A4
:1067D00052953309A940E34109C09C403850998F34
:1067E000E34CF0BE0329C407832709007CDC8357F0
:1067F000440785C383270901C827DC37A2075D8DBD
:10680000EFD08FEF058911C583574407FD17231A71
:10681000F40603254900EFE07FCB835784073385D7
:10682000A740231CA4064A85EFF0AF8E5DB63C441A
:106830009840998FE3D507BA8316C40403D7819192
:10684000420693D536404182C205C181B307C74095
:106850008D8FC207C18313950701B697C207C18701
:1068600041852316F40463570500198E2E961315DF
:10687000060141858316E4048D872322040413D77F
:1068800026403387E6402A9742074183BA97231769
:10689000E4042318F404A1B69EA423950400998D62
:1068A000844061B63307E0409315070169B6958FC0
:1068B000E3D007BC83476402228593E727002303C4
:1068C000F402EF10A0426DB6E384E6BE2285EF101D
:1068D000E03A832444086394041E377500201305AE
:1068E000454CEFF08F872322A408C1AA7D194209E5
:1068F0001359090111B11C412322F408EFF06F81F3
:10690000032544086DF903A7090083570A0022856F
:10691000BA971CD45E343389274123162403EFE051
:106920001FF7DC409A2709C723AAF19223A204008B
:106930009C48C827DC37A2075D8DEFD0EFDB0589C7
:1069400019C59387819398231367070298A3914AE7
:106950001D4B39AA5C364826A2075D8DEFD0CFD9F2
:10696000058935C59C48C827DC37A2075D8DEFD067
:10697000AFD8098929ED9C4883CAD700C827A20A45
:10698000B3EAAA005E85EFD04FD69C48B3FAAA00BE
:10699000C827DC37A2075D8DEFD00FD61375E5034E
:1069A00013651500EFD06FD433E5AA009C4842056B
:1069B000418113578500C8A7D8B783DAC400EFD048
:1069C000AFD30D893335A000AA9A23105A01832A28
:1069D0000B005A85EFE0FFF3568BDDB623A0F900DC
:1069E0005C37482783DBC400A2075D8DEFD0CFD092
:1069F0001C540D893335A0005E953E959C4808D403
:106A000083DBC400C827DC37A2075D8DEFD0CFCE73
:106A10005E340D893335A0005E953385A7404AB4B6
:106A20002285EFE0DFE6CC409E2589CB938741931A
:106A3000884335CDEFE05FAB23A204009C48C82714
:106A4000DC37A2075D8DEFD02FCB058901CD1387F1
:106A500081931C2393E707021CA31C4863945701EE
:106A6000232864019C4026852322F408EFE07FEA76
:106A70008324440899CC984854335C23A206DD8EC5
:106A80007C23C207DD8E7C33E207D58F1454E38765
:106A9000D7F48347640213F7170001CFF99B93E7FC
:106AA00027002303F4022285EF10402439A08CC371
:106AB00061B793E717002303F4026F906FF403A705
:106AC000090001491305F7FF1308170090485432D5
:106AD0005C22A206DD8E7C22C207DD8E7C32E207BC
:106AE000D58F639CE702377500209307454CDA2762
:106AF000DE24E3F4E7FC1305454CEFE01FE655DD2B
:106B0000630A09002320A900A685EFF0AFF275B74C
:106B1000B6846DBF2322A408C5BF63100902B30663
:106B2000F74063DE0608377500201305454CEFE09B
:106B3000DFE241D52322A408C1BF8328090183C510
:106B4000580083C64800A205D58D83C66800C206DA
:106B5000D58D83C67800E206CD8EB306D54063C0DE
:106B60000606B306F840634CD004377500201305C1
:106B7000454CEFE09FDE2A8429D1032709015C33CD
:106B80004C23A207DD8D7C23C207CD8F6C330357C6
:106B9000C900E205CD8F83A509003E970D8F635B89
:106BA000E0009D8DC20503254900C1812316B9006F
:106BB000EFE05F8C23208900A6852285B9B7944039
:106BC0002689B9F6B307F740E359F0EE5C3648265C
:106BD000A2075D8DEFD04FB20589E31005EE377542
:106BE00000201305454CEFE05FD788C0E30705ECB4
:106BF00098485C334C23A207DD8D7C23C207CD8FE0
:106C00006C33DA24E205CD8F83A509003E970D8F02
:106C1000E355E0EA9D8DC205C840C181CEA4EFE0F6
:106C20007F8561BD2285EF10600541BD3387D74068
:106C3000634807005A348507958F998FE35FF0E624
:106C400083476402A9BDEF92AFDA9384419403A90C
:106C500004002A848347D9000345C900A2075D8D3B
:106C6000EFD08FA9318142054181954763FCA7028E
:106C70009C405109C827DC37A2075D8DEFD0CFA714
:106C8000B777002003A6474431816D150A054205F8
:106C9000931506014181C181814705488948114307
:106CA00063E4A7006F900FD7B306F9009822630939
:106CB00007016DDB630A170198326DD7BA9711A0EF
:106CC0008507C207C183E9BF9832E31D67FC1387BC
:106CD0003700E359A7FCB822B4322207558F63630B
:106CE000E60011E32E871AA09107E1BFEF924FCD86
:106CF0004041AA8B1C3008204111A207138901933F
:106D00005D8DAE8923208900EFD00F9F8327090076
:106D100019811375C5032A9488239C3323A2819477
:106D2000A2075D8DEFD04F9D9355650093F5C50388
:106D3000B305B0405E85EFE02FD411E503D78B009B
:106D4000CD4763E8E7005E85EFE0EFD941016F9042
:106D5000EFCA138B019303250B00CE854105EFD0BD
:106D6000EFE475F103270B00370500F01C3B002B07
:106D7000A207C18F202B4204C18F203B62045D8C8F
:106D8000EFD0AF9A698C370500E0EFD00F9AE30C93
:106D9000A4FA83250B0003D78B00994613860501BF
:106DA0005E85B105EF10905F59FD938441949C403E
:106DB000C827DC37A2075D8DEFD00F943181F155E4
:106DC000B305B5025E85C205C185EFE0EFCA25FDBA
:106DD00080401C300820A2075D8DEFD0EF9108A005
:106DE000218108B080403C302820A2075D8DEFD083
:106DF000AF9028A0218128B0804048305C20220537
:106E00005D8D7C20C207C98F683062055D8DEFD033
:106E1000CF91935785005CB0935705017CA09357A1
:106E2000850148A07CB0804023AEA192938AC19393
:106E300008341C2422055D8D3C24C207C98F2834E8
:106E400062055D8DEFD06F8E935785001CB493570C
:106E500005013CA49357850108A43CB4804023A4B9
:106E6000A192138981927C346824A2075D8DEFD0B2
:106E7000AF889C4068A4218168B4C827DC37A2078A
:106E80005D8DEFD06F879378F50F03D58B0093F569
:106E90003800B335B000AA9503A3C190C205944051
:106EA00003280B0093F7F803C1812386F192239402
:106EB000B1941A840146938CC192138C819401E49D
:106EC00003A54192D9AA9C3203CE06005A30A207EC
:106ED000B3E7C7016319F70EBC3203CE26005A2C64
:106EE000A207B3E7C7016310F70E0347D800834733
:106EF000C80022075D8F8347E800C2075D8F834784
:106F0000F800E207D98F5840631FF70A03471801BA
:106F10008347080122075D8F83472801C2075D8FE1
:106F200083473801E207D98F1840631EF70819C656
:106F30005C4423A681905CC62326640003A74B0013
:106F4000B77D00200326840893874D4C23AA019225
:106F5000238C019223A00700CAA798C723A2770118
:106F600094CB138A8193138D4193938D4D4C09CE0D
:106F7000832704098146A285638F072E084C8297D8
:106F8000E31305DC2324040883C70C0023A08194A9
:106F900013F74700938B019463020734184889471D
:106FA000631FF72C3850832709006314F72E83479B
:106FB0000A0093E787002300FA0083476402F99BE5
:106FC0002303F402F9A422864044D5BD98329C22C2
:106FD00022075D8F5E316391E70CB032B822220642
:106FE000598E5A2D631AC70A0343D8000346C800B6
:106FF00022033363C3000346E8004206336366009E
:107000000346F800620633666600032345006315F5
:10701000C308034318010346080122033363C30076
:1070200003462801420633636600034638016206C0
:1070300033666600032305006310C30693F6480019
:10704000E39306D093F6280095C683A80A0014554A
:10705000B386D84063C706025235918E6343D0028F
:107060009306C80013060801C69503250900EF0022
:10707000707ED1B993F818006385080083A78191C9
:107080001CDDE38205CC8347650293E727002303D9
:10709000F502EF00B04545B948450DF903A341910C
:1070A0003E8E1A8A631C0A00DC36C826A2075D8D54
:1070B000EFC09FE41189E31805C845A003260A0024
:1070C0000DC2034718018347080122075D8F8347DC
:1070D0002801C2075D8F83473801E207D98F631803
:1070E000F618B832B0228357CA012207518F639035
:1070F000E71801C98327CA0023AA41915CC523264A
:107100006A0093F7080189CF9C32902203A50A00F8
:10711000A207D18F9306C80013060801AA95B1B73C
:1071200093F82800E38108C283A8018D638E0804C8
:107130000345D8008347C8008C2222055D8D834714
:10714000E80094323A86C207C98F0345F800A206C8
:10715000D58D62055D8D829805C9944003260B008C
:1071600003550C009C32B83283C8060003C82600C1
:10717000A20722079306C60083A50A00B3E71701FA
:1071800033670701410659BF03454A01EFE0DFE1DC
:107190002A84E30A05BA83270B0001479386070177
:1071A00099CA943B982BA206D98EB82B4207D98E48
:1071B000B83B6207558F18C00357CA019386C700B2
:1071C0005AAC014799CAD437D827A206D98EF827D6
:1071D0004207D98EF8376207558F944058C013057F
:1071E00004049C329822A207D98F03A70A005EB03C
:1071F0008D471CC8930717001CD41CD8FC36F026FA
:107200007D17A207D18F2312F406231EF4048327CF
:107210008A0138D41CCCB777002083D747445EB4AA
:107220007EB483270A021CD083578A0093F79719EC
:107230001EA483A7C19023A681905CC4EFF0BFA0D9
:107240000355040493054400EFE05FEA2310A4040F
:1072500085470147C946014681452285492B11C50D
:1072600081452285EFE0BFC9F9BC22851DB5528555
:10727000032ACA0005BD0145EFE07FB511B383A71E
:107280000A001854998F63C607005A34998FE35047
:10729000F0D283470A0013F787006300073E930587
:1072A000F1002285EFB0BF9985476316F5001848B5
:1072B00089476301F71C2285EFC0CF858327C40966
:1072C00081C7084CE9558297A2851385C190EFE0EC
:1072D000DF9DA2850945EFD0FFE369AA898B85C3AD
:1072E0001C480547F917637CF70083476402228531
:1072F00093E727002303F402EF00501F59BF83A731
:107300008191A308040A130504041CDCEFF0BF9369
:107310001C481D47F917E36EF7F625678A07130720
:10732000C760BA979C43828783C70C004947C98BC3
:107330006392E70C83270408984B48335C232205AB
:107340005D8D7C23C207C98F683362055D8DEFC0F8
:10735000DFBD832709000505631EF5088357640711
:1073600003A70A0094408507231BF4069307170020
:1073700068C81CD41CD8FC36F02603550404A207A8
:10738000D18F7D172312F406914738D41CC893057A
:107390004400EFE0BFD5A947B307F5020357A405A2
:1073A0002310A404231EF40485476315F700060583
:1073B0004205418183578407231DA4040325040843
:1073C000FD17231CF4061C41230904042322040492
:1073D0002320F40893B71700B307F0407EBCEFE01A
:1073E0004FD383274409E38207F0084C0146A28566
:1073F0008297E5BD83C70C00C18BE38C07E89440FE
:1074000003550C0083A50A009C32B83203260B00FA
:1074100083C8060003C82600AA9503250900A20711
:1074200022079306C600B3E7170133670701410639
:10743000EF005042B9BD83C70C0013F7070169C7BD
:107440000325090078489307F5FF998F63C607085D
:107450003C50B307F5406341F00891471CC81C50ED
:107460008DC7084C0146A285829705C185452285B6
:10747000EFE0FFA803A54D0023A00B00E308058C57
:10748000EFD07FE623A20D00D1B022858354A4055E
:10749000EFE03FE78357440781C7FD17231AF4063F
:1074A0000547835704046395E4008607C207C18338
:1074B000231DF40483470A0093F70702E38B07DCDC
:1074C00083476402228593E727002303F402EF0039
:1074D000F0019D471CC875BB944003260B00035860
:1074E0000C009C32B83203C3060083C8260083A573
:1074F0000A00A20722079306C600B3E767003367B6
:1075000017014106C2952DB7898BE38407D81C5417
:1075100003A70A00FD17E39EE7D62285EF00704718
:107520008DBB2285EFE0FFDD71B72285EFE07FDDC7
:1075300083470A0093F70702C1C303C70C008347C0
:107540006402418B93E727002DC3345003270900C1
:10755000639DE6042303F4022285EF00207922854F
:10756000EFE02FC483A7C190631DF4005C4423A601
:10757000F190A9471CC803A7419223A2819258C445
:1075800009BB23A0F192814689E7E5D623A00192A9
:10759000CDB7D0476318C40099C223A0F1925844D4
:1075A000D8C7C1BF8546B287C5B72303F402228579
:1075B000EF00C073A14739BF83C70C00C18BE38ABA
:1075C00007CC385083270900E315F7CC994719B742
:1075D0002285EFE01FD383470A0093F70702E38A6F
:1075E00007CA83476402228593E727002303F40236
:1075F000EF00C06F2285EFE0CFBA83A7C190E30709
:10760000F4F623A0F1928146C9D3D047E306C4F82B
:107610008546B287D5BF2285EFE0BFCE83C70C0079
:10762000C18BE38807C6385083270900E313F7C6E8
:107630002285EFE00FB783A7C190E309F4F223A0FE
:10764000F1928146B9D3D047E308C4F48546B287A6
:10765000D5BF2285EFE0FFCA83C70C00C18BE38A48
:1076600007C2385083270900E315F7C283470A0091
:1076700093E707012300FA0029B9C18B85C722854A
:10768000EFB05FC9A2851385C190EFE00FE2094515
:10769000A285EFD03FA803250D00E30D05DCEFD058
:1076A0009FC4C9BB0356440719C68327C40881C7B2
:1076B000084CA285829703260D000DC683C70C00D7
:1076C000A18B89C75C3693E717005CB68327040952
:1076D0008146A2859DCB084C829709C583270D0062
:1076E0002324F40883470A0093F7070289CB8327F2
:1076F000040981460146A28589CF084C82972285DC
:1077000023A00B00EF00805EB5B30145EFE02FEC46
:10771000E9B70145EFE0AFEBDDB7EF827FAD2A8936
:107720004A2D41112E8432C6EFC02FFC08A02181C2
:1077300008B003554902EFC04FFB324628A0218113
:1077400028B0935786000325890250A05CB0935758
:107750000601618270B07CA0EFC0EFFA93578500FC
:1077600008A41CB4443493570501618128B448240B
:10777000A2043CA4C98C4165130505FCEFC0EFF6DB
:10778000E98C4145EFC06FF6458D4205418148A423
:10779000218148B40355E902EFC02FF58357E90270
:1077A00068A4218168B4231BF9025C3448242309AE
:1077B0000400A207A30904005D8DEFC0EFF39567F5
:1077C0001375F5035D8DEFC04FF20357E902832770
:1077D000890248A4218148B423080400A3080400B6
:1077E000BA972328F902228541016F80BFA2EF8258
:1077F0003F9D79712EC63ACA2A89B28A368BBE8DD0
:1078000001EE93F73600B3E7FD00595A91C38DC1DD
:10781000528545616F809F9E8357650763FAC70055
:10782000834769027D5A93E707F82303F902CDB72E
:1078300093972D0013F72D00918BB14611E38146EC
:10784000B6973EC283270907377D002013070D44F2
:107850003EC41C475843835489078A07B3D7E702BD
:10786000130D0D44E3FEF4FA41679306C7FFE3E905
:1078700096FA92473082130707FC898393F7F70F34
:10788000950732C85246B207C2073AD2B24C131714
:107890000B01C183058A41833ECCD68B8149814748
:1078A00032CE36D03AD4035A09041247330AEA409A
:1078B00063D34B015E8A11453ED6131C0A01EFD0FB
:1078C0007F83135C0C012A846306051823200500BE
:1078D0002322050063840914B25788C3F2476381E9
:1078E0000714C24701460145B305FC00C205C1812A
:1078F000EFD05FA448C0630F0514EFD03FBDB2477F
:10790000AA94C204C18081CF5C40E685C843C167A8
:10791000FD173376FA0092473E95EF10501E5C40FB
:10792000DC431CC483278D0003274D008A07B3D78F
:10793000E70263E19712825763EE971048402316DF
:107940008401D145EFD05F93631605105C40035569
:10795000C901B38B8B41DC43C20B93DB0B011CC809
:107960003ED6EFC08FD8B25788A3218188B31C4878
:10797000035549023ED6EFC04FD7B257A8A3218185
:10798000A8B31C4822453ED6EFC0EFD7B2571357D5
:107990008500D8B313570501F8A31848C8A361811F
:1079A000E8B35C37482723090700A207C98F12559F
:1079B000A30907003ED6EFC04FD3B257E98F225537
:1079C0003ED6EFC08FD2B2575D8D42051C48418133
:1079D00013578500D8B7C8A72307B401EFC0CFD18C
:1079E0001C481375F5033ED6E2475D8DEFC0EFCF1F
:1079F000B257C8A72181C8B7C167FD17337AFA000B
:107A0000A247D29CD2973EC4A287E39E0BE8032AEA
:107A1000C90763190A06232E390751A2AA897DBD19
:107A2000C24501460145EFD0FF9048C005C5EFD0E3
:107A3000FFA9AA94C204C180E3860BEEE285054645
:107A40000D45EFD03F8FAA85484095E1EFD0BF8923
:107A500023220400834769027D5A93E707F8230332
:107A6000F902E38709DA4E85EFD05FED55B323A223
:107A700095018504C20423249401C180EFD0DFA6C0
:107A800055B53E8A83270A00EDFF83270A01835BF1
:107A9000CA00C827DC37A2075D8DEFC0EFC50D898E
:107AA0003335A0005E956305051883270A01C827B2
:107AB000DC37A2075D8DEFC02FC40D89631A051650
:107AC00093773B0081C785476314FB1603D7C90032
:107AD0008357CA00BA9703570904634BF714034747
:107AE000EA0083C7E9006315F71403270A01483346
:107AF0005C2322055D8D7C23C207C98F6833620534
:107B00005D8DEFC08FC203A70901835BCA005C23B0
:107B1000AA9B483322055D8D7C23C207C98F683339
:107B200062055D8DEFC06FC06394AB10C247B15565
:107B300003A549009D8DC205C185EFD0EFF3E31B7E
:107B400005F003A549003E2599EB1C41FD14C20434
:107B500023A2F90023200500C180EFD0CFF893774E
:107B60001B00CDC783270A0183CBD700C827A20BF0
:107B7000B3EBAB000545EFC04FB783270A0133E5F0
:107B8000AB0042054181C8A72181C8B76395890030
:107B9000035CCA005284CE851145EFD0AFD79377EE
:107BA0003B0089C7850AC20A93DA0A01137B1B00CE
:107BB00063080B008347690293E707022303F90276
:107BC00083270907231C9906014AD6972328F9061B
:107BD00083576907B38A5741231B5907E30A0CC22D
:107BE0001C48E38707C25247098BE31307C2C43717
:107BF000C827A204C98C2145EFC02FAF1C48458D72
:107C000042054181C8A72181C8B719B183A54900A0
:107C100003254A00EFD05F8D03D7C9008357CA0000
:107C2000BA972316FA0083A709002320FA00B9BFE8
:107C300023203A01ADB7EF82AFDBAE86814705471F
:107C400001468145EFF0BFBA6F80CFDCAA870849B3
:107C50001D476308E5001308E5FF09476155636E9A
:107C60000701014519CAEF82AFD836873E858146A4
:107C70008147EFF0DFB76F80EFD98280EF82AFD519
:107C80002A840146D1450545EFD0CFEA31CD83475F
:107C90006402AA842850F19B2303F402EFC0AFA62C
:107CA000CC402A862285EFF05FA79A24130944006E
:107CB000AA8999464A86A2852685EF00306E2388D8
:107CC000A9002181A388A9003824343499474A8621
:107CD000A2852685EFC02FEA2685EFD0CFE00145AB
:107CE000A30304026F806FD27955EDBF83A701947F
:107CF0006380A736EF82CFCC83574506035AA5058C
:107D000063F347013E8A83476502420A2A84898BCE
:107D1000135A0A01645D95CB91E42285EFF01FF6BA
:107D20006F80CFCD984848335C2322055D8D7C233E
:107D3000C207C98F683362055D8DEFC00F9FDE24D7
:107D40007848998F3E95E36AAAFC832904086396D4
:107D50000908B77A0020894B938A0A44370C040239
:107D6000130B4400FD5CADC0984848335C232205EA
:107D70005D8D7C23C207C98F683362055D8DEFC0BE
:107D8000CF9ADE247848998F3E95637CAA04834776
:107D9000040B9DEB984848335C2322055D8D7C23C2
:107DA000C207C98F683362055D8DEFC00F98DE246E
:107DB0007848998F3E958357440663F7A700854717
:107DC0002326040A2308F40A83476402014593F733
:107DD000F7072303F402A9B7BE8983A70900EDFFC3
:107DE0008DBF8327040895C38347640213F74704B4
:107DF00009EF785C01CB144389EA56270357040442
:107E000063F5E60093F7070AD9D39C407CDC1C4855
:107E1000638977039C4803C9D700C82722093369BF
:107E2000A9004145EFC06F8C9C483365A90042050D
:107E30004181C8A72181C8B783476402F19B23030E
:107E4000F402085403A90401EFC0EF8B9357850097
:107E50002304A900A304F900935705016181A30538
:107E6000A9006A342305F90003A90401EFC0EF87D4
:107E70007A341C542307A9002181A307A900BA97CB
:107E80007AB81CD8FC24858B99CB03A54A0003A99A
:107E900004013365AC00EFC00F87232AA9001C4002
:107EA00099E75A85EFC02F8959C55C411CC08317DB
:107EB000E40363949701231F04027C4095E383A7A6
:107EC000819198487CC048335C2322055D8D7C23DA
:107ED000C207C98F683362055D8DEFC00F8528C466
:107EE000C84003A9040199465841232225015A8616
:107EF0003307E940931707013A25C183A2851D8FF7
:107F00003AA51A251D8F420741831AA523080900A7
:107F1000A3080900EF0090482308A9002181A308C5
:107F2000A90038243434C84099475A86A285EFC046
:107F30008FC4A3030402984848335C2322055D8D57
:107F40007C23C207C98F683362055D8DEFB0FFFDEA
:107F50009C482A8983DDC400C827DC37A2075D8DD1
:107F6000EFB09FF90D893335A0003C506E954A95CE
:107F7000898F63D3070028D09C4803D9C400C82741
:107F8000DC37A2075D8DEFB03FF70D893335A000D8
:107F90004A955DC98327040823A0040089E72320AC
:107FA0009408A68999A8984848335C2322055D8DDA
:107FB0007C23C207C98F683362055D8DEFB0FFF681
:107FC00003A709012A8948335C2322055D8D7C23A0
:107FD000C207C98F683362055D8DEFB01FF53305A9
:107FE000A94063500506130904088327090081EBA3
:107FF000832709009CC023209900645CADB3984B93
:1080000048335C2322055D8D7C23C207C98F68330A
:1080100062055D8DEFB07FF19848AA8D48335C23EF
:1080200022055D8D7C23C207C98F683362055D8D93
:10803000EFB0BFEF3385AD40E35C05FA03290900DB
:108040006DB723A09900B1BF2685EFD09F8C75B77F
:1080500001458280EF822F984111AA8AAE84B289AD
:10806000D14501460545368A3AC63E8BEFD08FACE6
:108070006303050E324740412A893A85EFB0FFE697
:1080800008A0218108B05A85EFB03FE628A02181E1
:1080900028B05685EFB03FE79357850048A05CB005
:1080A0009357050161817CA068B02685EFB0BFE5DC
:1080B0009357850008A41CB444349357050161818B
:1080C00028B44824A2043CA4C98C4165130505FCCE
:1080D000EFB0BFE1E98C5145EFB03FE1458D42057E
:1080E0004181B777002048A4218148B403D5474493
:1080F000EFB0BFDF68A45C34218168B44824A207D4
:10810000230904005D8DA3090400EFB0FFDE95672D
:108110001375F5035D8DEFB05FDD0357890048A44B
:10812000218148B499465286CE8523080400A308CD
:1081300004004A85EF00902608A8218108B89947D5
:108140000147930600085286CE854A85EFC0AFA24C
:108150004A85EFD04F9941016F802F8B8327050807
:1081600085CBEF82EF883E8714438DE2745D14C3A4
:108170007CDD834725052320050823220504850788
:108180002309F504EFF09FB66F80CF883687E9BFEB
:108190008280EF824F848324050895C49C402A8402
:1081A0001309C5072320F5088327090099EF8327C2
:1081B00009009CC02320990083472405232204043E
:1081C00085072309F4046F804F84984B48335C2360
:1081D00022055D8D7C23C207C98F683362055D8DE2
:1081E000EFB0BFD49848AA8948335C2322055D8D3F
:1081F0007C23C207C98F683362055D8DEFB0FFD263
:108200003385A940E35505FA0329090071BF832787
:108210000508B1CFEF72DFFD834765022A84918B99
:10822000A9E7EFF01FF78356A4058357440613D739
:10823000160063F4D70013D7170083570404231ED6
:10824000E404939617006354D700231ED4040D470B
:10825000B387E7020357C405BA97231DF404834785
:10826000640293E747002303F4026F70BFFA828031
:10827000EF727FF6AA840146D1450545EFD08F8B7A
:1082800029C52A84A850138944007D15EFB0BFC7C3
:108290004C402A862685EFF04FC81A24AA899946B1
:1082A0004A86A6852285EF00700F2388A9002181C8
:1082B000A388A900B434994701474A86A685228538
:1082C000EFC06F8B2285EFD00F826F701FF4EF72BB
:1082D0009FF00324050819E0605D5DC41C48AA8472
:1082E000C827DC37A2075D8DEFB01FC1058959CDC6
:1082F0005E24C9EF054AD14501460545EFD08F837D
:108300002A8959C118484C41268550335C232206DE
:108310005D8E7C23C207D18F703362065D8EEFF0D5
:10832000CFBFAA8963070A0640355C254165220450
:10833000130505FC5D8CEFB05FBB698C4545EFB064
:10834000DFBA498C93170401C1832386F900A18306
:10835000A386F900035789001384440099462286B6
:10836000A6854A85EF0090032388A9002181A38870
:10837000A900B434994701472286A6854A85EFB003
:108380009FFF4A85EFC03FF66F703FE8014AD54531
:10839000A5B718448327490003070700D8AB5DBF82
:1083A000EF721FE2404106252A891C300820411146
:1083B000A2075D8D2E8AEFB03FB421813D8909056A
:1083C0000A0563C2A4021C300820A2075D8DEFB02D
:1083D000BFB29355650093F5C503B305B0404A8518
:1083E000EFC09FE919C54A85EFC0FFEF41016F70EB
:1083F000FFE0832A4900130C0401D2856285EFB0A7
:10840000FFFA83C71A002A8B03C50A00A2075D8DF5
:10841000EFB09FAE83C73A00AA8B03C52A00A2071C
:108420005D8DEFB07FAD93074004AA86631DF5060E
:10843000930730046399FB1283270A0263850712AE
:10844000C44363820412D44089CE58345C2422078A
:108450005D8F7C24C2075D8F7C34E207D98F6394E3
:10846000F61083C77A0003C76A00A207D98F99CB99
:1084700003578900C54662869305C4004A85EF000C
:10848000E07135F1E1554A85EFC01FDF29FD638CAE
:10849000040E9C4CA9DBC84C5E879306C4004A8638
:1084A000A6858297A1B783A4C194014D814D938C79
:1084B000C1941306C07689E463070D0AEA8455B7B0
:1084C000BE28639CD708984063150B0439E36316F4
:1084D0000D009C28918B91E3268DDE28639277090D
:1084E000CC4089CD58345C2422075D8F7C24C207A0
:1084F0005D8F7C34E207D98F6394F506E3830DF634
:10850000DC4423A6FD0083A70C0023A09C00DCC450
:1085100089BF1C3883490401A207B3E737018349A7
:108520002401C209B3E7F90083493401E209B3E940
:10853000F900E38EE9F8370500F036C6EFB0FF9E8C
:10854000B3F9A900370500E0EFB03F9EB24613062D
:10855000C076E38EA9F6E31C0BF6A68DC444A1BF3A
:10856000E39DC6FEFDBD18381C2822075D8F3C2800
:10857000C2075D8F3C38E207D98F03274A00E31416
:10858000F7E68144F9BDE3100BE61C3804283705F3
:1085900000F0A207C58F2428C204C58F2438E20446
:1085A000DD8CEFB09F98E98C370500E0EFB0FF97C6
:1085B000E38BA4E21C300820A2075D8DEFB0DF93AF
:1085C00093558500BD8989058A054A85EFC0DFCAB4
:1085D0008D454A850D2301BD83A8C194AA86014318
:1085E000C6871388C1949DE799C998319C212207B9
:1085F0005D8FBC21C2075D8FBC31E207D98F9CC261
:1086000025C6B2AA01456316030023A6160123203E
:10861000D8008280638BD702BA2B6316C70203AEE1
:10862000070063140E0055558280F5DD88319821CE
:108630002205598DB8214207598DB8316207498FFB
:108640007DD3E302EEFEDC4779BF0543EDBFAE2BE1
:10865000639AC500050642064182C687DDD3E3184A
:10866000E6FED1B7DC47DDBF2167C68705667D170B
:10867000F5B7EF725FB63E292A89AE89B28A368B8A
:108680003A8AADC7A1454E85EFC01FBFCE8401CD4C
:108690000146A1450545EFC0FFC9AA847D5429CDF7
:1086A000CE85EFC03FE603552901C040EFB0FF8300
:1086B00008A0218108B05A85EFB03F8383270900C5
:1086C00028A0218128B023030400A3030400130B76
:1086D0004A0095C703274A004A8B6382E7025D542C
:1086E000638C34012685EFC01FC039A00146AA85DE
:1086F000EFF09FEE2A8459D522856F701FB18A242E
:10870000EFB0AFFE48A0218148B083470901858BB7
:1087100099EB9A24C5465686DA85268541210DC1F6
:1087200068A0218168B00347A9008346B900528838
:10873000C5475686DA852685EFB05FAE2A844DB7E9
:10874000FD577CA07CB0C5B7EF729FAA41112A8467
:1087500032852EC636C432C2EFB0EFFD19C9A2462B
:108760001246B2452A872285EFF0BFF041016F70B3
:108770007FAA7155E5BFEF72BFA7562913064500C2
:10878000EFF09FFC6F701FA9EF729FA63E292A840D
:10879000AE843289B1CB814799C898309C2022079A
:1087A0005D8FBC20C2075D8FBC30E207D98F1828CF
:1087B0005CC0231A24011367470018A8184005EF6E
:1087C00085CF13054400EFB00FF7AA87715595C305
:1087D000DC431CC083A6C1949387C194368705E30C
:1087E00054C480C3014531A00146AA85EFF0DFDE05
:1087F0005DD16F703FA2F9FF23200400E1BFE303C6
:1088000087FE5847E9BF0CCD50CD8280EF725F9E46
:108810000545EFC03F8E2A8409C913060002814531
:10882000EF701FA0930700F83CB422856F709F9EE5
:10883000EF727F9A2A842E8AB289930540020146FC
:108840000545EFC03FAF31CD032904004041AA8464
:108850007146CA8523004401A300340123020400A9
:10886000A302040023030400A303040013058400EF
:10887000EF00F028AE2423010400A30104002285A8
:108880001D2128A0218128B08547014793060008B3
:108890001306C90081452685EFB0FFAD2685EFC0E0
:1088A0009FA46F709F96EF723F924041AA8441113E
:1088B0001C300820AE89A2075D8DEFB0EFE313599D
:1088C00065001379C903B30A2041C20A93DA0A4149
:1088D000D6852685EFC05F9A39E19E248D4663F0E8
:1088E000F604DC4098236312D70498279386870008
:1088F000883F3D8B0A0736972C2303483700982F73
:1089000022059433598DB82F903BA2054207498F19
:10891000A83FB3E505016205598DEFA07FBF26850D
:10892000EFC07F9C41016F70BF8DA147E319F7FE37
:108930001C38034A0401370500F0A207B3E74701DA
:10894000034A2401014B420AB367FA00034A340187
:10895000620A336AFA00EFB04FDD2A8C370500E077
:10896000EFB0AFDCAA8BCE8513050401EFB01FA4D6
:1089700019E533758A0133057541333BA000EFA03B
:108980005FB851DDE30D0BF89A249D47E3F9E7F852
:108990002685252649F54209930520022685135987
:1089A0000941EFC07F8D63040512CA852685EFC09B
:1089B000BF8C35F58E2401460945EFC0BF972A8A42
:1089C00039DDA685EFC05FB539F9D6855285032418
:1089D0004A00EFC07F8A21F52685EFC0DF90D28460
:1089E00058345C24143822075D8F7C24A20603AA25
:1089F0004400C2075D8F7C343D651305F57FE207B7
:108A0000D98F18281CA8D98E38284207D98E383813
:108A10006207558F9356870058A454B493560701A4
:108A2000618378B413D7870018B813D70701E1839F
:108A300074A438A83CB8834A3A0083472A0023002C
:108A40000A00A20AB3EAFA00EFB02FCA63E9AA0843
:108A5000056513050580EFB04FC983473A0003470A
:108A60002A00A207D98F85073E954205418123013F
:108A7000AA002181A301AA001C340824A2075D8D4D
:108A8000EFB08FC7A1671375F50F5D8DEFB0EFC520
:108A900008A4218108B4D14523050400A3050400DE
:108AA0002285112428A4218128B4CA852685EFC0F7
:108AB000AFFCE31605E64E8885470147930600089C
:108AC00001469305C4002685EFB04FF589BD930597
:108AD000E0FD2685EFC04FFAE30405F089B5056592
:108AE00013050580EFB06FC083473A0003472A00A3
:108AF000A207D98F95BFEF72AFEF13F6F50F1105EF
:108B00008D45EFF0FFD26F70EFF0EF726FEE13F65E
:108B1000F50F1105AD45EFF0BFD16F70AFEFEF72FC
:108B20002FED3308B5004208AA8601471358080103
:108B30008548B307D840C207C18363E4F80493D7DC
:108B40001500939617003695F956B387D702BE9550
:108B5000C205C18181C51C21A2073E9741659306CC
:108B6000F5FF93570701758F3385E700C177E98FCC
:108B700099C3758D050542054181EFB00FB76F7040
:108B80006FE99C3290228906A207D18F1396870045
:108B9000A183D18FC207C1833E9761BFEF72CFE23D
:108BA000B777002083A74745BA8441111397570030
:108BB0006349070E416B2A89AE8A328A8149014492
:108BC0007D1B854B631E0908638B09004167931762
:108BD00084007D172180F98F1374F40F5D8C03C519
:108BE0001A0083C70A0003470A0022055D8D83C768
:108BF0002A0003463A004169C2075D8D83C73A00E7
:108C000062067D19E207C98F03451A002205498FC4
:108C100003452A004205598D498E3375260141824C
:108C200033F7270132953A95C1833E952A943685CC
:108C3000EFB0AFAB2A942685EFB02FAB229513543B
:108C40000501337525012A94135504013374240159
:108C500022951345F5FF4205418141016F704FDABE
:108C60008355A9000325490036C6EFF05FEB2A942F
:108C700093570401337464013E948357A900B246AC
:108C8000858B89CF931784002180B3893B41B3F74B
:108C900067011374F40F93F9F90F5D8C0329090030
:108CA00015B701455DBFEF72AFD4EFF05FE7134535
:108CB000F5FF420541816F70EFD5EF72CFD1C169E9
:108CC000AA8401490144FD19054A95E0630B090096
:108CD0004167931784007D172180F98F1374F40F77
:108CE0005D8C1345F4FF420541816F700FD2AE24B5
:108CF000C840EFF0DFE22A94935704013374340143
:108D00003E94BE24858B89CF93178400218033093C
:108D10002A41B3F737011374F40F1379F90F5D8CFF
:108D2000844065B7011106CE2EC60DCD1841AA8725
:108D300005C358417D5511CB8546631BD700984725
:108D40002300070023A207000545F2400561828049
:108D50009847B24614A39847050798C7D8437D178C
:108D6000D8C3DDB705466C00EF90AFCEF1BF797187
:108D700022D426D24ECE52CC56CA06D64AD05AC893
:108D80002A8AAE8A3284814493090002634406022F
:108D9000B3879A00838707009DE363D6840263D27A
:108DA000E402198C93F726009309000281C719E3A6
:108DB00093090003858A014985EA228931A885043F
:108DC000C1BF058CC5B70144F1BFCE8552853AC6F7
:108DD000EFF05FF532477D19E34920FF22896353A5
:108DE000040001493304244163CBE402CA84B387FD
:108DF0002441D69783850700A1E12289634320059A
:108E000063530400014433059400B2502254925439
:108E10000259F249624AD24A424B45618280B30408
:108E20009740268B9305000352857D1BEFF09FEF43
:108E3000E31A0BFE26995DBF5285EFF0BFEE850465
:108E40007DB7CE855285EFF0FFED7D1945BF5D7191
:108E5000A6C252DC86C6A2C4CAC04EDE56DABA84A6
:108E60003E8A9DE1930700030147D28626862C089F
:108E7000FC84EFF0DFEFB640264496440649F259F1
:108E8000625AD25A616182802A893684C68A91CA1E
:108E9000A94701446317F60063D50500B305B04048
:108EA0000544A30701029307F102A546130568FCD8
:108EB00033F7C50263D3E6002A9713070703A38F8E
:108EC000E7FE9389F7FF33D7C50263FBC50409CCDE
:108ED000B9C813772A0021CB9305D0024A8542C630
:108EE000EFF05FE43248FD1493774A008DC3930797
:108EF0001006930500034A85631FF802EFF09FE216
:108F0000930580074A85EFF0FFE10904F9145687BD
:108F1000D2862686CE854A85EFF07FE52295A1BFD1
:108F2000BA85CE8771B71307D002A38FE9FE01443B
:108F30009389E7FF55BFEFF0FFDE93058005D9B7B2
:108F4000014582800145828039715AD0379B0000EB
:108F500022DC26DA4AD84ED652D456D25ECE62CC25
:108F600006DE66CAAA892E893284014A8144930B9F
:108F70005002930AB002294C130BCB6283050900FF
:108F80008DE56386090081454E85EFF0BFD9F2502B
:108F9000625426854259D254B259225A925A025BDF
:108FA000F24B624CD24C21618280638875014E8500
:108FB000EFF05FD785040509D1B783071900930C3B
:108FC0001900639A7701930550024E85EFF09FD503
:108FD00085046689CDB7D5D76387570563C8FA007E
:108FE000130730026384E704814705A01307D0020A
:108FF000638AE70013070003E398E7FE930C290058
:10900000894721A0930C2900854703870C0063033F
:10901000570563C1EA0293063002630BD7026689E3
:109020000146A54535A8930C29007DBF930C290066
:109030009147E1BF9306D0026309D700930600036E
:10904000E31FD7FC93E7270031A0850C8547C1BFFC
:1090500093E74700850CE1B733068603050936968A
:1090600003070900930607FD13F5F60FE3F6A5FEC7
:109070009305E0029946631EB70005098146A545A0
:1090800003070900130707FD1375F70F63F5A50222
:10909000368A030709009305A0066301B70A63C176
:1090A000E5029305C004630BB708930580066300CF
:1090B000B70881452DA0B38686030509BA96C9B7BE
:1090C00093054007630CB7069305A0076308B7062E
:1090D0001305C00681456314A700050991450307E0
:1090E000090013050006130810066344E500130881
:1090F0001004130570066340E5061305500663551A
:10910000A71413057004634DE50293055004635DD5
:10911000B71293063004E310D7EA1840930C4400CA
:10912000A30601005886BE8601476C0041A00305D6
:1091300019008145E315E5FA090955B7050995BFF9
:1091400093063006E30BD7FC63C6E606930680055C
:109150006303D7028DB5930630076301D70463C854
:10916000E6029306F006630ED70A9306000793E71C
:109170004700E312D7E4D9CD1D04937584FFC2885C
:10918000138485003E880147B287C1463DA89306F7
:1091900050076300D706930680075DBF1840930C05
:1091A0004400DA8511C3BA855287BE864E85EFF03A
:1091B0001FBC2DA895C11D04937584FFC28813841C
:1091C00085003E880547B287A946D0418C414E852F
:1091D000EFF01FD7AA94C5B3930C4400D28832870E
:1091E000854629460C404E85EFF07FC6AA946684DA
:1091F000D9B399C91D04937584FFC288138485006F
:109200003E880147B287C9B7930C4400D2883287A1
:109210008146C1BF3287930C4400D28881464146C3
:10922000D1B781CD1D04937584FFC2881384850056
:109230003E880147B287A14649BF3287930C44005C
:10924000D2888146214679BF1D04937584FF13841B
:1092500085003287D0418C41C2884E853E88B687D2
:10926000A946EFF03FCEBDB739712ED232D4AA85D0
:109270005010014506CE36D63AD83EDA42DC46DEFC
:1092800032C6EFF07FCCF24021618280397132D456
:109290003EDA2AC63010FD57480006CE36D63AD8F8
:1092A00042DC46DE02C23EC432C0EFF0FFC9F240EB
:1092B00021618280011122CC26CA06CE1C21AA84FB
:1092C0000144DC878307F100050499EFA947930562
:1092D000F10005460145DC87EF80BFF72285F240AB
:1092E0006244D2440561828005469305F100014540
:1092F000EF803FF6B38784009C23DC87E1B7B3C7D8
:10930000A5008D8B3307C50081E78D4763EDC7004E
:10931000AA87637EE508942185078505A38FD7FE7C
:10932000E3EBE7FE828093763500AA8789CA942111
:1093300085078505A38FD7FE93F63700C5BF9376C3
:10934000C7FF138606FE63F0C70683A3050083A24A
:10935000450083AF850003AFC50083AE050103AEB2
:10936000450103A3850183A8C5019385450223A078
:10937000770003A8C5FF23A2570023A4F70123A663
:10938000E70123A8D70123AAC70123AC670023AEB6
:1093900017019387470223AE07FF75B790419107E6
:1093A000910523AEC7FEE3EBD7FEE3E6E7F6828046
:1093B000AA87850703C7F7FF6DFF3385A7407D1593
:1093C00082800000486172644661756C745F486118
:1093D0006E646C65720D00006D65706320203A2527
:1093E0003038780D0A0000006D63617573653A25A9
:1093F0003038780D0A0000006D7476616C203A25D3
:109400003038780D0A000000536F636B657449644F
:109410002025640D0A00000047494E545F53544113
:10942000545F554E52454143480D000047494E5444
:109430005F535441545F49505F434F4E464C490D72
:10944000000000003E3E3E20504859204C696E6BA3
:1094500020537563636573730D0000003E3E3E202C
:1094600054435020436F6E6E65637420537563637D
:109470006573732120736F636B65742069643A2090
:1094800025640D0A000000003E3E3E20544350205B
:10949000446973636F6E6E6563740D003E3E3E20DB
:1094A0005443502054696D656F75742C2072656348
:1094B0006F6E6E6563742E2E2E0D00004572726FF6
:1094C000723A20253032580D0A0000000D0A3D3D49
:1094D0003D2043483332563330372056696272613B
:1094E00074696F6E204D6F6E69746F72203D3D3DE3
:1094F0000D0000004144584C333435204445564952
:1095000044203D202564202873686F756C642062B8
:109510006520323239290D0A000000004D41433ADE
:1095200020253032783A253032783A253032783A70
:10953000253032783A253032783A253032780D0AA3
:1095400000000000426F6172642049503A203139B6
:10955000322E3136382E312E3130302C20436F6E82
:109560006E656374696E6720746F203139322E31F5
:1095700036382E312E31303A383838382E2E2E0DDE
:10958000000000003E3E3E2045544820496E69746C
:1095900020537563636573730D00000025642C25EB
:1095A000642C25642C25642C25640A00000000002E
:1095B0000100000002000000040004001C00200064
:1095C000B400240014002000100000060011121343
:1095D0001415161718191A1B1C1D1E1F385D0000C4
:1095E0007E5D0000985D0000A85D0000A85D0000A1
:1095F000945D0000945D0000B65D0000010203046C
:109600000506070707070707070000002873000083
:1096100036740000227500002A750000D075000025
:10962000227500001676000052760000286E756CD8
:049630006C290000A1
:1096340000000000000000000102030406070809FE
:1096440000000000010203040102030406070809E4
:10965400C0A8010AC0A80101C0A80164FFFFFF005F
:10966400B822E80300D8B80502040608320800004E
:109674000000CDABFC420020AC950000BC9500007E
:109684006E19000000100000FFFFFFFFFFFF000045
:10969400000000000000000000000000FFFFFFFFCA
:0896A40003060C183060780089
:00000001FF
